date,product_id,region,stock_on_hand,stock_out_flag
2026-05-25,P101,Region X,474,0
2026-05-25,P101,Region Y,381,0
2026-05-25,P101,Region Z,485,0
2026-05-25,P102,Region X,490,0
2026-05-25,P102,Region Y,380,0
2026-05-25,P102,Region Z,330,0
2026-05-25,P103,Region X,123,0
2026-05-25,P103,Region Y,103,0
2026-05-25,P103,Region Z,364,0
2026-05-25,P104,Region X,408,0
2026-05-25,P104,Region Y,231,0
2026-05-25,P104,Region Z,233,0
2026-05-25,P201,Region X,140,0
2026-05-25,P201,Region Y,302,0
2026-05-25,P201,Region Z,308,0
2026-05-25,P202,Region X,209,0
2026-05-25,P202,Region Y,363,0
2026-05-25,P202,Region Z,378,0
2026-05-25,P203,Region X,96,0
2026-05-25,P203,Region Y,190,0
2026-05-25,P203,Region Z,212,0
2026-05-25,P204,Region X,129,0
2026-05-25,P204,Region Y,165,0
2026-05-25,P204,Region Z,89,0
2026-05-25,P301,Region X,120,0
2026-05-25,P301,Region Y,206,0
2026-05-25,P301,Region Z,67,0
2026-05-25,P302,Region X,499,0
2026-05-25,P302,Region Y,334,0
2026-05-25,P302,Region Z,253,0
2026-05-25,P303,Region X,394,0
2026-05-25,P303,Region Y,383,0
2026-05-25,P303,Region Z,105,0
2026-05-25,P304,Region X,373,0
2026-05-25,P304,Region Y,333,0
2026-05-25,P304,Region Z,42,0
2026-05-25,P401,Region X,306,0
2026-05-25,P401,Region Y,48,0
2026-05-25,P401,Region Z,432,0
2026-05-25,P402,Region X,201,0
2026-05-25,P402,Region Y,140,0
2026-05-25,P402,Region Z,239,0
2026-05-25,P403,Region X,118,0
2026-05-25,P403,Region Y,408,0
2026-05-25,P403,Region Z,230,0
2026-05-26,P101,Region X,327,0
2026-05-26,P101,Region Y,257,0
2026-05-26,P101,Region Z,443,0
2026-05-26,P102,Region X,112,0
2026-05-26,P102,Region Y,443,0
2026-05-26,P102,Region Z,459,0
2026-05-26,P103,Region X,446,0
2026-05-26,P103,Region Y,53,0
2026-05-26,P103,Region Z,329,0
2026-05-26,P104,Region X,252,0
2026-05-26,P104,Region Y,226,0
2026-05-26,P104,Region Z,167,0
2026-05-26,P201,Region X,158,0
2026-05-26,P201,Region Y,131,0
2026-05-26,P201,Region Z,329,0
2026-05-26,P202,Region X,300,0
2026-05-26,P202,Region Y,60,0
2026-05-26,P202,Region Z,267,0
2026-05-26,P203,Region X,239,0
2026-05-26,P203,Region Y,469,0
2026-05-26,P203,Region Z,358,0
2026-05-26,P204,Region X,182,0
2026-05-26,P204,Region Y,443,0
2026-05-26,P204,Region Z,412,0
2026-05-26,P301,Region X,418,0
2026-05-26,P301,Region Y,442,0
2026-05-26,P301,Region Z,334,0
2026-05-26,P302,Region X,403,0
2026-05-26,P302,Region Y,368,0
2026-05-26,P302,Region Z,92,0
2026-05-26,P303,Region X,403,0
2026-05-26,P303,Region Y,252,0
2026-05-26,P303,Region Z,464,0
2026-05-26,P304,Region X,432,0
2026-05-26,P304,Region Y,415,0
2026-05-26,P304,Region Z,167,0
2026-05-26,P401,Region X,56,0
2026-05-26,P401,Region Y,361,0
2026-05-26,P401,Region Z,270,0
2026-05-26,P402,Region X,227,0
2026-05-26,P402,Region Y,412,0
2026-05-26,P402,Region Z,291,0
2026-05-26,P403,Region X,218,0
2026-05-26,P403,Region Y,211,0
2026-05-26,P403,Region Z,473,0
2026-05-27,P101,Region X,354,0
2026-05-27,P101,Region Y,82,0
2026-05-27,P101,Region Z,301,0
2026-05-27,P102,Region X,277,0
2026-05-27,P102,Region Y,449,0
2026-05-27,P102,Region Z,418,0
2026-05-27,P103,Region X,438,0
2026-05-27,P103,Region Y,389,0
2026-05-27,P103,Region Z,261,0
2026-05-27,P104,Region X,363,0
2026-05-27,P104,Region Y,86,0
2026-05-27,P104,Region Z,420,0
2026-05-27,P201,Region X,454,0
2026-05-27,P201,Region Y,478,0
2026-05-27,P201,Region Z,209,0
2026-05-27,P202,Region X,389,0
2026-05-27,P202,Region Y,285,0
2026-05-27,P202,Region Z,156,0
2026-05-27,P203,Region X,378,0
2026-05-27,P203,Region Y,41,0
2026-05-27,P203,Region Z,410,0
2026-05-27,P204,Region X,256,0
2026-05-27,P204,Region Y,69,0
2026-05-27,P204,Region Z,413,0
2026-05-27,P301,Region X,336,0
2026-05-27,P301,Region Y,416,0
2026-05-27,P301,Region Z,318,0
2026-05-27,P302,Region X,459,0
2026-05-27,P302,Region Y,261,0
2026-05-27,P302,Region Z,382,0
2026-05-27,P303,Region X,344,0
2026-05-27,P303,Region Y,360,0
2026-05-27,P303,Region Z,293,0
2026-05-27,P304,Region X,88,0
2026-05-27,P304,Region Y,208,0
2026-05-27,P304,Region Z,145,0
2026-05-27,P401,Region X,404,0
2026-05-27,P401,Region Y,145,0
2026-05-27,P401,Region Z,405,0
2026-05-27,P402,Region X,454,0
2026-05-27,P402,Region Y,60,0
2026-05-27,P402,Region Z,368,0
2026-05-27,P403,Region X,238,0
2026-05-27,P403,Region Y,459,0
2026-05-27,P403,Region Z,250,0
2026-05-28,P101,Region X,452,0
2026-05-28,P101,Region Y,152,0
2026-05-28,P101,Region Z,255,0
2026-05-28,P102,Region X,477,0
2026-05-28,P102,Region Y,280,0
2026-05-28,P102,Region Z,355,0
2026-05-28,P103,Region X,212,0
2026-05-28,P103,Region Y,465,0
2026-05-28,P103,Region Z,286,0
2026-05-28,P104,Region X,408,0
2026-05-28,P104,Region Y,296,0
2026-05-28,P104,Region Z,254,0
2026-05-28,P201,Region X,241,0
2026-05-28,P201,Region Y,451,0
2026-05-28,P201,Region Z,249,0
2026-05-28,P202,Region X,388,0
2026-05-28,P202,Region Y,192,0
2026-05-28,P202,Region Z,245,0
2026-05-28,P203,Region X,104,0
2026-05-28,P203,Region Y,216,0
2026-05-28,P203,Region Z,413,0
2026-05-28,P204,Region X,264,0
2026-05-28,P204,Region Y,326,0
2026-05-28,P204,Region Z,283,0
2026-05-28,P301,Region X,470,0
2026-05-28,P301,Region Y,172,0
2026-05-28,P301,Region Z,461,0
2026-05-28,P302,Region X,153,0
2026-05-28,P302,Region Y,254,0
2026-05-28,P302,Region Z,217,0
2026-05-28,P303,Region X,104,0
2026-05-28,P303,Region Y,313,0
2026-05-28,P303,Region Z,286,0
2026-05-28,P304,Region X,94,0
2026-05-28,P304,Region Y,49,0
2026-05-28,P304,Region Z,80,0
2026-05-28,P401,Region X,128,0
2026-05-28,P401,Region Y,70,0
2026-05-28,P401,Region Z,350,0
2026-05-28,P402,Region X,377,0
2026-05-28,P402,Region Y,92,0
2026-05-28,P402,Region Z,44,0
2026-05-28,P403,Region X,302,0
2026-05-28,P403,Region Y,428,0
2026-05-28,P403,Region Z,375,0
2026-05-29,P101,Region X,306,0
2026-05-29,P101,Region Y,288,0
2026-05-29,P101,Region Z,390,0
2026-05-29,P102,Region X,279,0
2026-05-29,P102,Region Y,415,0
2026-05-29,P102,Region Z,409,0
2026-05-29,P103,Region X,182,0
2026-05-29,P103,Region Y,496,0
2026-05-29,P103,Region Z,497,0
2026-05-29,P104,Region X,336,0
2026-05-29,P104,Region Y,173,0
2026-05-29,P104,Region Z,420,0
2026-05-29,P201,Region X,73,0
2026-05-29,P201,Region Y,319,0
2026-05-29,P201,Region Z,364,0
2026-05-29,P202,Region X,73,0
2026-05-29,P202,Region Y,361,0
2026-05-29,P202,Region Z,104,0
2026-05-29,P203,Region X,109,0
2026-05-29,P203,Region Y,56,0
2026-05-29,P203,Region Z,480,0
2026-05-29,P204,Region X,488,0
2026-05-29,P204,Region Y,212,0
2026-05-29,P204,Region Z,410,0
2026-05-29,P301,Region X,464,0
2026-05-29,P301,Region Y,292,0
2026-05-29,P301,Region Z,294,0
2026-05-29,P302,Region X,207,0
2026-05-29,P302,Region Y,314,0
2026-05-29,P302,Region Z,207,0
2026-05-29,P303,Region X,175,0
2026-05-29,P303,Region Y,421,0
2026-05-29,P303,Region Z,331,0
2026-05-29,P304,Region X,123,0
2026-05-29,P304,Region Y,129,0
2026-05-29,P304,Region Z,452,0
2026-05-29,P401,Region X,496,0
2026-05-29,P401,Region Y,276,0
2026-05-29,P401,Region Z,358,0
2026-05-29,P402,Region X,473,0
2026-05-29,P402,Region Y,68,0
2026-05-29,P402,Region Z,420,0
2026-05-29,P403,Region X,136,0
2026-05-29,P403,Region Y,440,0
2026-05-29,P403,Region Z,240,0
2026-05-30,P101,Region X,396,0
2026-05-30,P101,Region Y,374,0
2026-05-30,P101,Region Z,291,0
2026-05-30,P102,Region X,453,0
2026-05-30,P102,Region Y,461,0
2026-05-30,P102,Region Z,206,0
2026-05-30,P103,Region X,367,0
2026-05-30,P103,Region Y,99,0
2026-05-30,P103,Region Z,221,0
2026-05-30,P104,Region X,416,0
2026-05-30,P104,Region Y,222,0
2026-05-30,P104,Region Z,113,0
2026-05-30,P201,Region X,265,0
2026-05-30,P201,Region Y,392,0
2026-05-30,P201,Region Z,436,0
2026-05-30,P202,Region X,216,0
2026-05-30,P202,Region Y,128,0
2026-05-30,P202,Region Z,486,0
2026-05-30,P203,Region X,68,0
2026-05-30,P203,Region Y,370,0
2026-05-30,P203,Region Z,401,0
2026-05-30,P204,Region X,223,0
2026-05-30,P204,Region Y,279,0
2026-05-30,P204,Region Z,237,0
2026-05-30,P301,Region X,191,0
2026-05-30,P301,Region Y,220,0
2026-05-30,P301,Region Z,408,0
2026-05-30,P302,Region X,419,0
2026-05-30,P302,Region Y,230,0
2026-05-30,P302,Region Z,153,0
2026-05-30,P303,Region X,306,0
2026-05-30,P303,Region Y,278,0
2026-05-30,P303,Region Z,495,0
2026-05-30,P304,Region X,192,0
2026-05-30,P304,Region Y,87,0
2026-05-30,P304,Region Z,80,0
2026-05-30,P401,Region X,163,0
2026-05-30,P401,Region Y,469,0
2026-05-30,P401,Region Z,487,0
2026-05-30,P402,Region X,424,0
2026-05-30,P402,Region Y,377,0
2026-05-30,P402,Region Z,281,0
2026-05-30,P403,Region X,295,0
2026-05-30,P403,Region Y,380,0
2026-05-30,P403,Region Z,299,0
2026-05-31,P101,Region X,423,0
2026-05-31,P101,Region Y,273,0
2026-05-31,P101,Region Z,259,0
2026-05-31,P102,Region X,452,0
2026-05-31,P102,Region Y,176,0
2026-05-31,P102,Region Z,190,0
2026-05-31,P103,Region X,248,0
2026-05-31,P103,Region Y,108,0
2026-05-31,P103,Region Z,474,0
2026-05-31,P104,Region X,477,0
2026-05-31,P104,Region Y,116,0
2026-05-31,P104,Region Z,257,0
2026-05-31,P201,Region X,71,0
2026-05-31,P201,Region Y,194,0
2026-05-31,P201,Region Z,464,0
2026-05-31,P202,Region X,161,0
2026-05-31,P202,Region Y,266,0
2026-05-31,P202,Region Z,241,0
2026-05-31,P203,Region X,422,0
2026-05-31,P203,Region Y,293,0
2026-05-31,P203,Region Z,161,0
2026-05-31,P204,Region X,287,0
2026-05-31,P204,Region Y,318,0
2026-05-31,P204,Region Z,298,0
2026-05-31,P301,Region X,358,0
2026-05-31,P301,Region Y,275,0
2026-05-31,P301,Region Z,150,0
2026-05-31,P302,Region X,190,0
2026-05-31,P302,Region Y,388,0
2026-05-31,P302,Region Z,80,0
2026-05-31,P303,Region X,210,0
2026-05-31,P303,Region Y,177,0
2026-05-31,P303,Region Z,51,0
2026-05-31,P304,Region X,182,0
2026-05-31,P304,Region Y,329,0
2026-05-31,P304,Region Z,433,0
2026-05-31,P401,Region X,293,0
2026-05-31,P401,Region Y,363,0
2026-05-31,P401,Region Z,248,0
2026-05-31,P402,Region X,199,0
2026-05-31,P402,Region Y,432,0
2026-05-31,P402,Region Z,287,0
2026-05-31,P403,Region X,189,0
2026-05-31,P403,Region Y,270,0
2026-05-31,P403,Region Z,268,0
2026-06-01,P101,Region X,143,0
2026-06-01,P101,Region Y,321,0
2026-06-01,P101,Region Z,188,0
2026-06-01,P102,Region X,393,0
2026-06-01,P102,Region Y,61,0
2026-06-01,P102,Region Z,78,0
2026-06-01,P103,Region X,84,0
2026-06-01,P103,Region Y,195,0
2026-06-01,P103,Region Z,403,0
2026-06-01,P104,Region X,140,0
2026-06-01,P104,Region Y,382,0
2026-06-01,P104,Region Z,412,0
2026-06-01,P201,Region X,105,0
2026-06-01,P201,Region Y,215,0
2026-06-01,P201,Region Z,174,0
2026-06-01,P202,Region X,172,0
2026-06-01,P202,Region Y,255,0
2026-06-01,P202,Region Z,178,0
2026-06-01,P203,Region X,386,0
2026-06-01,P203,Region Y,108,0
2026-06-01,P203,Region Z,248,0
2026-06-01,P204,Region X,155,0
2026-06-01,P204,Region Y,132,0
2026-06-01,P204,Region Z,254,0
2026-06-01,P301,Region X,302,0
2026-06-01,P301,Region Y,455,0
2026-06-01,P301,Region Z,114,0
2026-06-01,P302,Region X,387,0
2026-06-01,P302,Region Y,208,0
2026-06-01,P302,Region Z,101,0
2026-06-01,P303,Region X,239,0
2026-06-01,P303,Region Y,344,0
2026-06-01,P303,Region Z,371,0
2026-06-01,P304,Region X,398,0
2026-06-01,P304,Region Y,411,0
2026-06-01,P304,Region Z,70,0
2026-06-01,P401,Region X,252,0
2026-06-01,P401,Region Y,178,0
2026-06-01,P401,Region Z,432,0
2026-06-01,P402,Region X,437,0
2026-06-01,P402,Region Y,411,0
2026-06-01,P402,Region Z,205,0
2026-06-01,P403,Region X,456,0
2026-06-01,P403,Region Y,235,0
2026-06-01,P403,Region Z,279,0
2026-06-02,P101,Region X,65,0
2026-06-02,P101,Region Y,440,0
2026-06-02,P101,Region Z,245,0
2026-06-02,P102,Region X,381,0
2026-06-02,P102,Region Y,118,0
2026-06-02,P102,Region Z,372,0
2026-06-02,P103,Region X,344,0
2026-06-02,P103,Region Y,367,0
2026-06-02,P103,Region Z,123,0
2026-06-02,P104,Region X,239,0
2026-06-02,P104,Region Y,464,0
2026-06-02,P104,Region Z,393,0
2026-06-02,P201,Region X,216,0
2026-06-02,P201,Region Y,275,0
2026-06-02,P201,Region Z,370,0
2026-06-02,P202,Region X,413,0
2026-06-02,P202,Region Y,269,0
2026-06-02,P202,Region Z,317,0
2026-06-02,P203,Region X,60,0
2026-06-02,P203,Region Y,74,0
2026-06-02,P203,Region Z,337,0
2026-06-02,P204,Region X,66,0
2026-06-02,P204,Region Y,62,0
2026-06-02,P204,Region Z,103,0
2026-06-02,P301,Region X,239,0
2026-06-02,P301,Region Y,389,0
2026-06-02,P301,Region Z,335,0
2026-06-02,P302,Region X,98,0
2026-06-02,P302,Region Y,83,0
2026-06-02,P302,Region Z,289,0
2026-06-02,P303,Region X,170,0
2026-06-02,P303,Region Y,349,0
2026-06-02,P303,Region Z,249,0
2026-06-02,P304,Region X,169,0
2026-06-02,P304,Region Y,137,0
2026-06-02,P304,Region Z,329,0
2026-06-02,P401,Region X,201,0
2026-06-02,P401,Region Y,217,0
2026-06-02,P401,Region Z,419,0
2026-06-02,P402,Region X,79,0
2026-06-02,P402,Region Y,166,0
2026-06-02,P402,Region Z,62,0
2026-06-02,P403,Region X,495,0
2026-06-02,P403,Region Y,209,0
2026-06-02,P403,Region Z,240,0
2026-06-03,P101,Region X,178,0
2026-06-03,P101,Region Y,355,0
2026-06-03,P101,Region Z,385,0
2026-06-03,P102,Region X,305,0
2026-06-03,P102,Region Y,53,0
2026-06-03,P102,Region Z,184,0
2026-06-03,P103,Region X,374,0
2026-06-03,P103,Region Y,459,0
2026-06-03,P103,Region Z,441,0
2026-06-03,P104,Region X,143,0
2026-06-03,P104,Region Y,214,0
2026-06-03,P104,Region Z,351,0
2026-06-03,P201,Region X,243,0
2026-06-03,P201,Region Y,161,0
2026-06-03,P201,Region Z,388,0
2026-06-03,P202,Region X,237,0
2026-06-03,P202,Region Y,463,0
2026-06-03,P202,Region Z,405,0
2026-06-03,P203,Region X,299,0
2026-06-03,P203,Region Y,382,0
2026-06-03,P203,Region Z,121,0
2026-06-03,P204,Region X,220,0
2026-06-03,P204,Region Y,278,0
2026-06-03,P204,Region Z,120,0
2026-06-03,P301,Region X,42,0
2026-06-03,P301,Region Y,64,0
2026-06-03,P301,Region Z,259,0
2026-06-03,P302,Region X,68,0
2026-06-03,P302,Region Y,266,0
2026-06-03,P302,Region Z,373,0
2026-06-03,P303,Region X,172,0
2026-06-03,P303,Region Y,173,0
2026-06-03,P303,Region Z,107,0
2026-06-03,P304,Region X,448,0
2026-06-03,P304,Region Y,285,0
2026-06-03,P304,Region Z,215,0
2026-06-03,P401,Region X,119,0
2026-06-03,P401,Region Y,361,0
2026-06-03,P401,Region Z,237,0
2026-06-03,P402,Region X,132,0
2026-06-03,P402,Region Y,425,0
2026-06-03,P402,Region Z,468,0
2026-06-03,P403,Region X,420,0
2026-06-03,P403,Region Y,328,0
2026-06-03,P403,Region Z,358,0
2026-06-04,P101,Region X,171,0
2026-06-04,P101,Region Y,206,0
2026-06-04,P101,Region Z,65,0
2026-06-04,P102,Region X,307,0
2026-06-04,P102,Region Y,239,0
2026-06-04,P102,Region Z,438,0
2026-06-04,P103,Region X,72,0
2026-06-04,P103,Region Y,419,0
2026-06-04,P103,Region Z,216,0
2026-06-04,P104,Region X,230,0
2026-06-04,P104,Region Y,234,0
2026-06-04,P104,Region Z,250,0
2026-06-04,P201,Region X,146,0
2026-06-04,P201,Region Y,48,0
2026-06-04,P201,Region Z,471,0
2026-06-04,P202,Region X,255,0
2026-06-04,P202,Region Y,473,0
2026-06-04,P202,Region Z,470,0
2026-06-04,P203,Region X,255,0
2026-06-04,P203,Region Y,133,0
2026-06-04,P203,Region Z,356,0
2026-06-04,P204,Region X,237,0
2026-06-04,P204,Region Y,478,0
2026-06-04,P204,Region Z,289,0
2026-06-04,P301,Region X,414,0
2026-06-04,P301,Region Y,341,0
2026-06-04,P301,Region Z,404,0
2026-06-04,P302,Region X,461,0
2026-06-04,P302,Region Y,455,0
2026-06-04,P302,Region Z,326,0
2026-06-04,P303,Region X,262,0
2026-06-04,P303,Region Y,277,0
2026-06-04,P303,Region Z,457,0
2026-06-04,P304,Region X,387,0
2026-06-04,P304,Region Y,259,0
2026-06-04,P304,Region Z,297,0
2026-06-04,P401,Region X,68,0
2026-06-04,P401,Region Y,246,0
2026-06-04,P401,Region Z,360,0
2026-06-04,P402,Region X,439,0
2026-06-04,P402,Region Y,42,0
2026-06-04,P402,Region Z,418,0
2026-06-04,P403,Region X,148,0
2026-06-04,P403,Region Y,244,0
2026-06-04,P403,Region Z,258,0
2026-06-05,P101,Region X,441,0
2026-06-05,P101,Region Y,335,0
2026-06-05,P101,Region Z,51,0
2026-06-05,P102,Region X,422,0
2026-06-05,P102,Region Y,49,0
2026-06-05,P102,Region Z,254,0
2026-06-05,P103,Region X,397,0
2026-06-05,P103,Region Y,212,0
2026-06-05,P103,Region Z,122,0
2026-06-05,P104,Region X,41,0
2026-06-05,P104,Region Y,254,0
2026-06-05,P104,Region Z,419,0
2026-06-05,P201,Region X,334,0
2026-06-05,P201,Region Y,221,0
2026-06-05,P201,Region Z,332,0
2026-06-05,P202,Region X,490,0
2026-06-05,P202,Region Y,72,0
2026-06-05,P202,Region Z,353,0
2026-06-05,P203,Region X,349,0
2026-06-05,P203,Region Y,427,0
2026-06-05,P203,Region Z,56,0
2026-06-05,P204,Region X,119,0
2026-06-05,P204,Region Y,173,0
2026-06-05,P204,Region Z,75,0
2026-06-05,P301,Region X,211,0
2026-06-05,P301,Region Y,394,0
2026-06-05,P301,Region Z,266,0
2026-06-05,P302,Region X,179,0
2026-06-05,P302,Region Y,169,0
2026-06-05,P302,Region Z,143,0
2026-06-05,P303,Region X,417,0
2026-06-05,P303,Region Y,345,0
2026-06-05,P303,Region Z,294,0
2026-06-05,P304,Region X,472,0
2026-06-05,P304,Region Y,241,0
2026-06-05,P304,Region Z,280,0
2026-06-05,P401,Region X,287,0
2026-06-05,P401,Region Y,296,0
2026-06-05,P401,Region Z,247,0
2026-06-05,P402,Region X,65,0
2026-06-05,P402,Region Y,488,0
2026-06-05,P402,Region Z,421,0
2026-06-05,P403,Region X,379,0
2026-06-05,P403,Region Y,434,0
2026-06-05,P403,Region Z,328,0
2026-06-06,P101,Region X,459,0
2026-06-06,P101,Region Y,315,0
2026-06-06,P101,Region Z,371,0
2026-06-06,P102,Region X,236,0
2026-06-06,P102,Region Y,159,0
2026-06-06,P102,Region Z,450,0
2026-06-06,P103,Region X,285,0
2026-06-06,P103,Region Y,463,0
2026-06-06,P103,Region Z,156,0
2026-06-06,P104,Region X,358,0
2026-06-06,P104,Region Y,73,0
2026-06-06,P104,Region Z,211,0
2026-06-06,P201,Region X,268,0
2026-06-06,P201,Region Y,373,0
2026-06-06,P201,Region Z,132,0
2026-06-06,P202,Region X,248,0
2026-06-06,P202,Region Y,401,0
2026-06-06,P202,Region Z,107,0
2026-06-06,P203,Region X,212,0
2026-06-06,P203,Region Y,193,0
2026-06-06,P203,Region Z,143,0
2026-06-06,P204,Region X,343,0
2026-06-06,P204,Region Y,297,0
2026-06-06,P204,Region Z,329,0
2026-06-06,P301,Region X,71,0
2026-06-06,P301,Region Y,173,0
2026-06-06,P301,Region Z,406,0
2026-06-06,P302,Region X,125,0
2026-06-06,P302,Region Y,182,0
2026-06-06,P302,Region Z,464,0
2026-06-06,P303,Region X,208,0
2026-06-06,P303,Region Y,195,0
2026-06-06,P303,Region Z,460,0
2026-06-06,P304,Region X,496,0
2026-06-06,P304,Region Y,447,0
2026-06-06,P304,Region Z,142,0
2026-06-06,P401,Region X,492,0
2026-06-06,P401,Region Y,426,0
2026-06-06,P401,Region Z,346,0
2026-06-06,P402,Region X,345,0
2026-06-06,P402,Region Y,314,0
2026-06-06,P402,Region Z,359,0
2026-06-06,P403,Region X,491,0
2026-06-06,P403,Region Y,121,0
2026-06-06,P403,Region Z,373,0
2026-06-07,P101,Region X,42,0
2026-06-07,P101,Region Y,89,0
2026-06-07,P101,Region Z,211,0
2026-06-07,P102,Region X,475,0
2026-06-07,P102,Region Y,156,0
2026-06-07,P102,Region Z,103,0
2026-06-07,P103,Region X,419,0
2026-06-07,P103,Region Y,157,0
2026-06-07,P103,Region Z,102,0
2026-06-07,P104,Region X,148,0
2026-06-07,P104,Region Y,387,0
2026-06-07,P104,Region Z,343,0
2026-06-07,P201,Region X,102,0
2026-06-07,P201,Region Y,159,0
2026-06-07,P201,Region Z,380,0
2026-06-07,P202,Region X,385,0
2026-06-07,P202,Region Y,118,0
2026-06-07,P202,Region Z,232,0
2026-06-07,P203,Region X,409,0
2026-06-07,P203,Region Y,292,0
2026-06-07,P203,Region Z,431,0
2026-06-07,P204,Region X,192,0
2026-06-07,P204,Region Y,97,0
2026-06-07,P204,Region Z,187,0
2026-06-07,P301,Region X,481,0
2026-06-07,P301,Region Y,380,0
2026-06-07,P301,Region Z,495,0
2026-06-07,P302,Region X,157,0
2026-06-07,P302,Region Y,151,0
2026-06-07,P302,Region Z,339,0
2026-06-07,P303,Region X,383,0
2026-06-07,P303,Region Y,118,0
2026-06-07,P303,Region Z,113,0
2026-06-07,P304,Region X,72,0
2026-06-07,P304,Region Y,162,0
2026-06-07,P304,Region Z,86,0
2026-06-07,P401,Region X,198,0
2026-06-07,P401,Region Y,66,0
2026-06-07,P401,Region Z,231,0
2026-06-07,P402,Region X,450,0
2026-06-07,P402,Region Y,367,0
2026-06-07,P402,Region Z,263,0
2026-06-07,P403,Region X,464,0
2026-06-07,P403,Region Y,208,0
2026-06-07,P403,Region Z,194,0
2026-06-08,P101,Region X,269,0
2026-06-08,P101,Region Y,67,0
2026-06-08,P101,Region Z,409,0
2026-06-08,P102,Region X,443,0
2026-06-08,P102,Region Y,365,0
2026-06-08,P102,Region Z,114,0
2026-06-08,P103,Region X,431,0
2026-06-08,P103,Region Y,96,0
2026-06-08,P103,Region Z,196,0
2026-06-08,P104,Region X,424,0
2026-06-08,P104,Region Y,445,0
2026-06-08,P104,Region Z,291,0
2026-06-08,P201,Region X,418,0
2026-06-08,P201,Region Y,359,0
2026-06-08,P201,Region Z,118,0
2026-06-08,P202,Region X,485,0
2026-06-08,P202,Region Y,112,0
2026-06-08,P202,Region Z,367,0
2026-06-08,P203,Region X,273,0
2026-06-08,P203,Region Y,72,0
2026-06-08,P203,Region Z,186,0
2026-06-08,P204,Region X,66,0
2026-06-08,P204,Region Y,198,0
2026-06-08,P204,Region Z,237,0
2026-06-08,P301,Region X,224,0
2026-06-08,P301,Region Y,80,0
2026-06-08,P301,Region Z,485,0
2026-06-08,P302,Region X,44,0
2026-06-08,P302,Region Y,467,0
2026-06-08,P302,Region Z,448,0
2026-06-08,P303,Region X,491,0
2026-06-08,P303,Region Y,190,0
2026-06-08,P303,Region Z,350,0
2026-06-08,P304,Region X,354,0
2026-06-08,P304,Region Y,326,0
2026-06-08,P304,Region Z,442,0
2026-06-08,P401,Region X,178,0
2026-06-08,P401,Region Y,50,0
2026-06-08,P401,Region Z,266,0
2026-06-08,P402,Region X,146,0
2026-06-08,P402,Region Y,84,0
2026-06-08,P402,Region Z,458,0
2026-06-08,P403,Region X,441,0
2026-06-08,P403,Region Y,268,0
2026-06-08,P403,Region Z,118,0
2026-06-09,P101,Region X,417,0
2026-06-09,P101,Region Y,343,0
2026-06-09,P101,Region Z,53,0
2026-06-09,P102,Region X,212,0
2026-06-09,P102,Region Y,154,0
2026-06-09,P102,Region Z,199,0
2026-06-09,P103,Region X,350,0
2026-06-09,P103,Region Y,239,0
2026-06-09,P103,Region Z,92,0
2026-06-09,P104,Region X,370,0
2026-06-09,P104,Region Y,271,0
2026-06-09,P104,Region Z,178,0
2026-06-09,P201,Region X,103,0
2026-06-09,P201,Region Y,315,0
2026-06-09,P201,Region Z,214,0
2026-06-09,P202,Region X,489,0
2026-06-09,P202,Region Y,264,0
2026-06-09,P202,Region Z,418,0
2026-06-09,P203,Region X,145,0
2026-06-09,P203,Region Y,273,0
2026-06-09,P203,Region Z,489,0
2026-06-09,P204,Region X,286,0
2026-06-09,P204,Region Y,98,0
2026-06-09,P204,Region Z,452,0
2026-06-09,P301,Region X,94,0
2026-06-09,P301,Region Y,83,0
2026-06-09,P301,Region Z,79,0
2026-06-09,P302,Region X,389,0
2026-06-09,P302,Region Y,108,0
2026-06-09,P302,Region Z,42,0
2026-06-09,P303,Region X,101,0
2026-06-09,P303,Region Y,424,0
2026-06-09,P303,Region Z,58,0
2026-06-09,P304,Region X,438,0
2026-06-09,P304,Region Y,289,0
2026-06-09,P304,Region Z,375,0
2026-06-09,P401,Region X,341,0
2026-06-09,P401,Region Y,449,0
2026-06-09,P401,Region Z,149,0
2026-06-09,P402,Region X,360,0
2026-06-09,P402,Region Y,489,0
2026-06-09,P402,Region Z,89,0
2026-06-09,P403,Region X,70,0
2026-06-09,P403,Region Y,169,0
2026-06-09,P403,Region Z,82,0
2026-06-10,P101,Region X,100,0
2026-06-10,P101,Region Y,218,0
2026-06-10,P101,Region Z,457,0
2026-06-10,P102,Region X,229,0
2026-06-10,P102,Region Y,476,0
2026-06-10,P102,Region Z,52,0
2026-06-10,P103,Region X,193,0
2026-06-10,P103,Region Y,82,0
2026-06-10,P103,Region Z,290,0
2026-06-10,P104,Region X,194,0
2026-06-10,P104,Region Y,68,0
2026-06-10,P104,Region Z,132,0
2026-06-10,P201,Region X,205,0
2026-06-10,P201,Region Y,233,0
2026-06-10,P201,Region Z,264,0
2026-06-10,P202,Region X,187,0
2026-06-10,P202,Region Y,488,0
2026-06-10,P202,Region Z,258,0
2026-06-10,P203,Region X,271,0
2026-06-10,P203,Region Y,54,0
2026-06-10,P203,Region Z,426,0
2026-06-10,P204,Region X,156,0
2026-06-10,P204,Region Y,91,0
2026-06-10,P204,Region Z,437,0
2026-06-10,P301,Region X,240,0
2026-06-10,P301,Region Y,252,0
2026-06-10,P301,Region Z,486,0
2026-06-10,P302,Region X,449,0
2026-06-10,P302,Region Y,243,0
2026-06-10,P302,Region Z,66,0
2026-06-10,P303,Region X,465,0
2026-06-10,P303,Region Y,111,0
2026-06-10,P303,Region Z,493,0
2026-06-10,P304,Region X,55,0
2026-06-10,P304,Region Y,442,0
2026-06-10,P304,Region Z,389,0
2026-06-10,P401,Region X,499,0
2026-06-10,P401,Region Y,163,0
2026-06-10,P401,Region Z,332,0
2026-06-10,P402,Region X,300,0
2026-06-10,P402,Region Y,220,0
2026-06-10,P402,Region Z,0,1
2026-06-10,P403,Region X,109,0
2026-06-10,P403,Region Y,146,0
2026-06-10,P403,Region Z,315,0
2026-06-11,P101,Region X,406,0
2026-06-11,P101,Region Y,315,0
2026-06-11,P101,Region Z,96,0
2026-06-11,P102,Region X,368,0
2026-06-11,P102,Region Y,126,0
2026-06-11,P102,Region Z,266,0
2026-06-11,P103,Region X,210,0
2026-06-11,P103,Region Y,352,0
2026-06-11,P103,Region Z,490,0
2026-06-11,P104,Region X,248,0
2026-06-11,P104,Region Y,195,0
2026-06-11,P104,Region Z,284,0
2026-06-11,P201,Region X,119,0
2026-06-11,P201,Region Y,373,0
2026-06-11,P201,Region Z,373,0
2026-06-11,P202,Region X,225,0
2026-06-11,P202,Region Y,281,0
2026-06-11,P202,Region Z,431,0
2026-06-11,P203,Region X,147,0
2026-06-11,P203,Region Y,142,0
2026-06-11,P203,Region Z,152,0
2026-06-11,P204,Region X,374,0
2026-06-11,P204,Region Y,408,0
2026-06-11,P204,Region Z,255,0
2026-06-11,P301,Region X,440,0
2026-06-11,P301,Region Y,230,0
2026-06-11,P301,Region Z,274,0
2026-06-11,P302,Region X,47,0
2026-06-11,P302,Region Y,242,0
2026-06-11,P302,Region Z,67,0
2026-06-11,P303,Region X,174,0
2026-06-11,P303,Region Y,221,0
2026-06-11,P303,Region Z,474,0
2026-06-11,P304,Region X,115,0
2026-06-11,P304,Region Y,141,0
2026-06-11,P304,Region Z,324,0
2026-06-11,P401,Region X,284,0
2026-06-11,P401,Region Y,418,0
2026-06-11,P401,Region Z,477,0
2026-06-11,P402,Region X,362,0
2026-06-11,P402,Region Y,168,0
2026-06-11,P402,Region Z,246,0
2026-06-11,P403,Region X,394,0
2026-06-11,P403,Region Y,298,0
2026-06-11,P403,Region Z,132,0
2026-06-12,P101,Region X,94,0
2026-06-12,P101,Region Y,188,0
2026-06-12,P101,Region Z,231,0
2026-06-12,P102,Region X,464,0
2026-06-12,P102,Region Y,487,0
2026-06-12,P102,Region Z,339,0
2026-06-12,P103,Region X,373,0
2026-06-12,P103,Region Y,494,0
2026-06-12,P103,Region Z,483,0
2026-06-12,P104,Region X,348,0
2026-06-12,P104,Region Y,112,0
2026-06-12,P104,Region Z,185,0
2026-06-12,P201,Region X,473,0
2026-06-12,P201,Region Y,431,0
2026-06-12,P201,Region Z,117,0
2026-06-12,P202,Region X,59,0
2026-06-12,P202,Region Y,309,0
2026-06-12,P202,Region Z,100,0
2026-06-12,P203,Region X,271,0
2026-06-12,P203,Region Y,466,0
2026-06-12,P203,Region Z,463,0
2026-06-12,P204,Region X,48,0
2026-06-12,P204,Region Y,455,0
2026-06-12,P204,Region Z,219,0
2026-06-12,P301,Region X,384,0
2026-06-12,P301,Region Y,444,0
2026-06-12,P301,Region Z,212,0
2026-06-12,P302,Region X,315,0
2026-06-12,P302,Region Y,299,0
2026-06-12,P302,Region Z,395,0
2026-06-12,P303,Region X,84,0
2026-06-12,P303,Region Y,266,0
2026-06-12,P303,Region Z,446,0
2026-06-12,P304,Region X,176,0
2026-06-12,P304,Region Y,469,0
2026-06-12,P304,Region Z,275,0
2026-06-12,P401,Region X,485,0
2026-06-12,P401,Region Y,173,0
2026-06-12,P401,Region Z,202,0
2026-06-12,P402,Region X,181,0
2026-06-12,P402,Region Y,431,0
2026-06-12,P402,Region Z,401,0
2026-06-12,P403,Region X,181,0
2026-06-12,P403,Region Y,114,0
2026-06-12,P403,Region Z,204,0
2026-06-13,P101,Region X,255,0
2026-06-13,P101,Region Y,143,0
2026-06-13,P101,Region Z,484,0
2026-06-13,P102,Region X,84,0
2026-06-13,P102,Region Y,300,0
2026-06-13,P102,Region Z,344,0
2026-06-13,P103,Region X,69,0
2026-06-13,P103,Region Y,89,0
2026-06-13,P103,Region Z,473,0
2026-06-13,P104,Region X,231,0
2026-06-13,P104,Region Y,420,0
2026-06-13,P104,Region Z,277,0
2026-06-13,P201,Region X,170,0
2026-06-13,P201,Region Y,477,0
2026-06-13,P201,Region Z,361,0
2026-06-13,P202,Region X,384,0
2026-06-13,P202,Region Y,382,0
2026-06-13,P202,Region Z,198,0
2026-06-13,P203,Region X,167,0
2026-06-13,P203,Region Y,489,0
2026-06-13,P203,Region Z,438,0
2026-06-13,P204,Region X,393,0
2026-06-13,P204,Region Y,464,0
2026-06-13,P204,Region Z,413,0
2026-06-13,P301,Region X,340,0
2026-06-13,P301,Region Y,419,0
2026-06-13,P301,Region Z,460,0
2026-06-13,P302,Region X,207,0
2026-06-13,P302,Region Y,174,0
2026-06-13,P302,Region Z,208,0
2026-06-13,P303,Region X,416,0
2026-06-13,P303,Region Y,405,0
2026-06-13,P303,Region Z,195,0
2026-06-13,P304,Region X,134,0
2026-06-13,P304,Region Y,434,0
2026-06-13,P304,Region Z,431,0
2026-06-13,P401,Region X,355,0
2026-06-13,P401,Region Y,429,0
2026-06-13,P401,Region Z,71,0
2026-06-13,P402,Region X,93,0
2026-06-13,P402,Region Y,279,0
2026-06-13,P402,Region Z,193,0
2026-06-13,P403,Region X,253,0
2026-06-13,P403,Region Y,399,0
2026-06-13,P403,Region Z,400,0
2026-06-14,P101,Region X,415,0
2026-06-14,P101,Region Y,109,0
2026-06-14,P101,Region Z,89,0
2026-06-14,P102,Region X,71,0
2026-06-14,P102,Region Y,152,0
2026-06-14,P102,Region Z,138,0
2026-06-14,P103,Region X,146,0
2026-06-14,P103,Region Y,93,0
2026-06-14,P103,Region Z,152,0
2026-06-14,P104,Region X,136,0
2026-06-14,P104,Region Y,408,0
2026-06-14,P104,Region Z,365,0
2026-06-14,P201,Region X,438,0
2026-06-14,P201,Region Y,387,0
2026-06-14,P201,Region Z,106,0
2026-06-14,P202,Region X,220,0
2026-06-14,P202,Region Y,259,0
2026-06-14,P202,Region Z,487,0
2026-06-14,P203,Region X,239,0
2026-06-14,P203,Region Y,240,0
2026-06-14,P203,Region Z,492,0
2026-06-14,P204,Region X,288,0
2026-06-14,P204,Region Y,375,0
2026-06-14,P204,Region Z,275,0
2026-06-14,P301,Region X,176,0
2026-06-14,P301,Region Y,315,0
2026-06-14,P301,Region Z,117,0
2026-06-14,P302,Region X,349,0
2026-06-14,P302,Region Y,390,0
2026-06-14,P302,Region Z,160,0
2026-06-14,P303,Region X,43,0
2026-06-14,P303,Region Y,209,0
2026-06-14,P303,Region Z,360,0
2026-06-14,P304,Region X,409,0
2026-06-14,P304,Region Y,246,0
2026-06-14,P304,Region Z,114,0
2026-06-14,P401,Region X,406,0
2026-06-14,P401,Region Y,496,0
2026-06-14,P401,Region Z,365,0
2026-06-14,P402,Region X,462,0
2026-06-14,P402,Region Y,100,0
2026-06-14,P402,Region Z,441,0
2026-06-14,P403,Region X,262,0
2026-06-14,P403,Region Y,215,0
2026-06-14,P403,Region Z,252,0
2026-06-15,P101,Region X,179,0
2026-06-15,P101,Region Y,215,0
2026-06-15,P101,Region Z,342,0
2026-06-15,P102,Region X,154,0
2026-06-15,P102,Region Y,57,0
2026-06-15,P102,Region Z,115,0
2026-06-15,P103,Region X,278,0
2026-06-15,P103,Region Y,122,0
2026-06-15,P103,Region Z,146,0
2026-06-15,P104,Region X,59,0
2026-06-15,P104,Region Y,215,0
2026-06-15,P104,Region Z,409,0
2026-06-15,P201,Region X,482,0
2026-06-15,P201,Region Y,82,0
2026-06-15,P201,Region Z,218,0
2026-06-15,P202,Region X,45,0
2026-06-15,P202,Region Y,241,0
2026-06-15,P202,Region Z,130,0
2026-06-15,P203,Region X,179,0
2026-06-15,P203,Region Y,457,0
2026-06-15,P203,Region Z,225,0
2026-06-15,P204,Region X,376,0
2026-06-15,P204,Region Y,105,0
2026-06-15,P204,Region Z,378,0
2026-06-15,P301,Region X,175,0
2026-06-15,P301,Region Y,290,0
2026-06-15,P301,Region Z,223,0
2026-06-15,P302,Region X,362,0
2026-06-15,P302,Region Y,424,0
2026-06-15,P302,Region Z,313,0
2026-06-15,P303,Region X,496,0
2026-06-15,P303,Region Y,497,0
2026-06-15,P303,Region Z,127,0
2026-06-15,P304,Region X,101,0
2026-06-15,P304,Region Y,419,0
2026-06-15,P304,Region Z,319,0
2026-06-15,P401,Region X,153,0
2026-06-15,P401,Region Y,463,0
2026-06-15,P401,Region Z,134,0
2026-06-15,P402,Region X,87,0
2026-06-15,P402,Region Y,138,0
2026-06-15,P402,Region Z,185,0
2026-06-15,P403,Region X,385,0
2026-06-15,P403,Region Y,385,0
2026-06-15,P403,Region Z,331,0
2026-06-16,P101,Region X,197,0
2026-06-16,P101,Region Y,415,0
2026-06-16,P101,Region Z,374,0
2026-06-16,P102,Region X,237,0
2026-06-16,P102,Region Y,180,0
2026-06-16,P102,Region Z,299,0
2026-06-16,P103,Region X,473,0
2026-06-16,P103,Region Y,121,0
2026-06-16,P103,Region Z,351,0
2026-06-16,P104,Region X,293,0
2026-06-16,P104,Region Y,213,0
2026-06-16,P104,Region Z,394,0
2026-06-16,P201,Region X,140,0
2026-06-16,P201,Region Y,194,0
2026-06-16,P201,Region Z,95,0
2026-06-16,P202,Region X,110,0
2026-06-16,P202,Region Y,360,0
2026-06-16,P202,Region Z,360,0
2026-06-16,P203,Region X,280,0
2026-06-16,P203,Region Y,134,0
2026-06-16,P203,Region Z,457,0
2026-06-16,P204,Region X,215,0
2026-06-16,P204,Region Y,465,0
2026-06-16,P204,Region Z,92,0
2026-06-16,P301,Region X,160,0
2026-06-16,P301,Region Y,64,0
2026-06-16,P301,Region Z,423,0
2026-06-16,P302,Region X,377,0
2026-06-16,P302,Region Y,240,0
2026-06-16,P302,Region Z,360,0
2026-06-16,P303,Region X,135,0
2026-06-16,P303,Region Y,233,0
2026-06-16,P303,Region Z,426,0
2026-06-16,P304,Region X,465,0
2026-06-16,P304,Region Y,337,0
2026-06-16,P304,Region Z,139,0
2026-06-16,P401,Region X,293,0
2026-06-16,P401,Region Y,144,0
2026-06-16,P401,Region Z,360,0
2026-06-16,P402,Region X,197,0
2026-06-16,P402,Region Y,207,0
2026-06-16,P402,Region Z,203,0
2026-06-16,P403,Region X,381,0
2026-06-16,P403,Region Y,69,0
2026-06-16,P403,Region Z,108,0
2026-06-17,P101,Region X,168,0
2026-06-17,P101,Region Y,224,0
2026-06-17,P101,Region Z,236,0
2026-06-17,P102,Region X,114,0
2026-06-17,P102,Region Y,311,0
2026-06-17,P102,Region Z,331,0
2026-06-17,P103,Region X,388,0
2026-06-17,P103,Region Y,286,0
2026-06-17,P103,Region Z,486,0
2026-06-17,P104,Region X,284,0
2026-06-17,P104,Region Y,428,0
2026-06-17,P104,Region Z,274,0
2026-06-17,P201,Region X,51,0
2026-06-17,P201,Region Y,282,0
2026-06-17,P201,Region Z,52,0
2026-06-17,P202,Region X,121,0
2026-06-17,P202,Region Y,104,0
2026-06-17,P202,Region Z,137,0
2026-06-17,P203,Region X,389,0
2026-06-17,P203,Region Y,310,0
2026-06-17,P203,Region Z,183,0
2026-06-17,P204,Region X,445,0
2026-06-17,P204,Region Y,46,0
2026-06-17,P204,Region Z,367,0
2026-06-17,P301,Region X,397,0
2026-06-17,P301,Region Y,127,0
2026-06-17,P301,Region Z,160,0
2026-06-17,P302,Region X,61,0
2026-06-17,P302,Region Y,430,0
2026-06-17,P302,Region Z,245,0
2026-06-17,P303,Region X,321,0
2026-06-17,P303,Region Y,252,0
2026-06-17,P303,Region Z,86,0
2026-06-17,P304,Region X,204,0
2026-06-17,P304,Region Y,188,0
2026-06-17,P304,Region Z,339,0
2026-06-17,P401,Region X,365,0
2026-06-17,P401,Region Y,278,0
2026-06-17,P401,Region Z,344,0
2026-06-17,P402,Region X,40,0
2026-06-17,P402,Region Y,78,0
2026-06-17,P402,Region Z,187,0
2026-06-17,P403,Region X,176,0
2026-06-17,P403,Region Y,402,0
2026-06-17,P403,Region Z,406,0
2026-06-18,P101,Region X,370,0
2026-06-18,P101,Region Y,214,0
2026-06-18,P101,Region Z,76,0
2026-06-18,P102,Region X,278,0
2026-06-18,P102,Region Y,90,0
2026-06-18,P102,Region Z,474,0
2026-06-18,P103,Region X,415,0
2026-06-18,P103,Region Y,304,0
2026-06-18,P103,Region Z,419,0
2026-06-18,P104,Region X,393,0
2026-06-18,P104,Region Y,80,0
2026-06-18,P104,Region Z,66,0
2026-06-18,P201,Region X,46,0
2026-06-18,P201,Region Y,75,0
2026-06-18,P201,Region Z,189,0
2026-06-18,P202,Region X,77,0
2026-06-18,P202,Region Y,444,0
2026-06-18,P202,Region Z,99,0
2026-06-18,P203,Region X,356,0
2026-06-18,P203,Region Y,365,0
2026-06-18,P203,Region Z,203,0
2026-06-18,P204,Region X,271,0
2026-06-18,P204,Region Y,164,0
2026-06-18,P204,Region Z,299,0
2026-06-18,P301,Region X,410,0
2026-06-18,P301,Region Y,242,0
2026-06-18,P301,Region Z,470,0
2026-06-18,P302,Region X,59,0
2026-06-18,P302,Region Y,95,0
2026-06-18,P302,Region Z,214,0
2026-06-18,P303,Region X,154,0
2026-06-18,P303,Region Y,431,0
2026-06-18,P303,Region Z,378,0
2026-06-18,P304,Region X,313,0
2026-06-18,P304,Region Y,432,0
2026-06-18,P304,Region Z,214,0
2026-06-18,P401,Region X,206,0
2026-06-18,P401,Region Y,61,0
2026-06-18,P401,Region Z,476,0
2026-06-18,P402,Region X,130,0
2026-06-18,P402,Region Y,273,0
2026-06-18,P402,Region Z,228,0
2026-06-18,P403,Region X,403,0
2026-06-18,P403,Region Y,256,0
2026-06-18,P403,Region Z,313,0
2026-06-19,P101,Region X,157,0
2026-06-19,P101,Region Y,304,0
2026-06-19,P101,Region Z,280,0
2026-06-19,P102,Region X,288,0
2026-06-19,P102,Region Y,116,0
2026-06-19,P102,Region Z,452,0
2026-06-19,P103,Region X,127,0
2026-06-19,P103,Region Y,477,0
2026-06-19,P103,Region Z,135,0
2026-06-19,P104,Region X,99,0
2026-06-19,P104,Region Y,401,0
2026-06-19,P104,Region Z,123,0
2026-06-19,P201,Region X,124,0
2026-06-19,P201,Region Y,232,0
2026-06-19,P201,Region Z,482,0
2026-06-19,P202,Region X,72,0
2026-06-19,P202,Region Y,202,0
2026-06-19,P202,Region Z,113,0
2026-06-19,P203,Region X,212,0
2026-06-19,P203,Region Y,449,0
2026-06-19,P203,Region Z,272,0
2026-06-19,P204,Region X,498,0
2026-06-19,P204,Region Y,161,0
2026-06-19,P204,Region Z,137,0
2026-06-19,P301,Region X,173,0
2026-06-19,P301,Region Y,235,0
2026-06-19,P301,Region Z,295,0
2026-06-19,P302,Region X,474,0
2026-06-19,P302,Region Y,198,0
2026-06-19,P302,Region Z,218,0
2026-06-19,P303,Region X,440,0
2026-06-19,P303,Region Y,247,0
2026-06-19,P303,Region Z,339,0
2026-06-19,P304,Region X,227,0
2026-06-19,P304,Region Y,51,0
2026-06-19,P304,Region Z,236,0
2026-06-19,P401,Region X,377,0
2026-06-19,P401,Region Y,162,0
2026-06-19,P401,Region Z,311,0
2026-06-19,P402,Region X,339,0
2026-06-19,P402,Region Y,241,0
2026-06-19,P402,Region Z,414,0
2026-06-19,P403,Region X,254,0
2026-06-19,P403,Region Y,431,0
2026-06-19,P403,Region Z,60,0
2026-06-20,P101,Region X,495,0
2026-06-20,P101,Region Y,490,0
2026-06-20,P101,Region Z,239,0
2026-06-20,P102,Region X,477,0
2026-06-20,P102,Region Y,92,0
2026-06-20,P102,Region Z,214,0
2026-06-20,P103,Region X,168,0
2026-06-20,P103,Region Y,245,0
2026-06-20,P103,Region Z,378,0
2026-06-20,P104,Region X,70,0
2026-06-20,P104,Region Y,482,0
2026-06-20,P104,Region Z,377,0
2026-06-20,P201,Region X,224,0
2026-06-20,P201,Region Y,100,0
2026-06-20,P201,Region Z,298,0
2026-06-20,P202,Region X,301,0
2026-06-20,P202,Region Y,310,0
2026-06-20,P202,Region Z,456,0
2026-06-20,P203,Region X,269,0
2026-06-20,P203,Region Y,44,0
2026-06-20,P203,Region Z,206,0
2026-06-20,P204,Region X,176,0
2026-06-20,P204,Region Y,382,0
2026-06-20,P204,Region Z,392,0
2026-06-20,P301,Region X,178,0
2026-06-20,P301,Region Y,216,0
2026-06-20,P301,Region Z,275,0
2026-06-20,P302,Region X,82,0
2026-06-20,P302,Region Y,447,0
2026-06-20,P302,Region Z,188,0
2026-06-20,P303,Region X,364,0
2026-06-20,P303,Region Y,353,0
2026-06-20,P303,Region Z,175,0
2026-06-20,P304,Region X,200,0
2026-06-20,P304,Region Y,104,0
2026-06-20,P304,Region Z,192,0
2026-06-20,P401,Region X,217,0
2026-06-20,P401,Region Y,231,0
2026-06-20,P401,Region Z,95,0
2026-06-20,P402,Region X,59,0
2026-06-20,P402,Region Y,338,0
2026-06-20,P402,Region Z,193,0
2026-06-20,P403,Region X,308,0
2026-06-20,P403,Region Y,360,0
2026-06-20,P403,Region Z,256,0
2026-06-21,P101,Region X,244,0
2026-06-21,P101,Region Y,220,0
2026-06-21,P101,Region Z,441,0
2026-06-21,P102,Region X,383,0
2026-06-21,P102,Region Y,351,0
2026-06-21,P102,Region Z,114,0
2026-06-21,P103,Region X,162,0
2026-06-21,P103,Region Y,466,0
2026-06-21,P103,Region Z,272,0
2026-06-21,P104,Region X,378,0
2026-06-21,P104,Region Y,245,0
2026-06-21,P104,Region Z,313,0
2026-06-21,P201,Region X,115,0
2026-06-21,P201,Region Y,294,0
2026-06-21,P201,Region Z,368,0
2026-06-21,P202,Region X,147,0
2026-06-21,P202,Region Y,491,0
2026-06-21,P202,Region Z,490,0
2026-06-21,P203,Region X,188,0
2026-06-21,P203,Region Y,313,0
2026-06-21,P203,Region Z,43,0
2026-06-21,P204,Region X,433,0
2026-06-21,P204,Region Y,101,0
2026-06-21,P204,Region Z,286,0
2026-06-21,P301,Region X,451,0
2026-06-21,P301,Region Y,270,0
2026-06-21,P301,Region Z,187,0
2026-06-21,P302,Region X,273,0
2026-06-21,P302,Region Y,324,0
2026-06-21,P302,Region Z,214,0
2026-06-21,P303,Region X,492,0
2026-06-21,P303,Region Y,202,0
2026-06-21,P303,Region Z,252,0
2026-06-21,P304,Region X,437,0
2026-06-21,P304,Region Y,448,0
2026-06-21,P304,Region Z,314,0
2026-06-21,P401,Region X,372,0
2026-06-21,P401,Region Y,56,0
2026-06-21,P401,Region Z,168,0
2026-06-21,P402,Region X,140,0
2026-06-21,P402,Region Y,371,0
2026-06-21,P402,Region Z,264,0
2026-06-21,P403,Region X,419,0
2026-06-21,P403,Region Y,409,0
2026-06-21,P403,Region Z,454,0
2026-06-22,P101,Region X,259,0
2026-06-22,P101,Region Y,311,0
2026-06-22,P101,Region Z,353,0
2026-06-22,P102,Region X,155,0
2026-06-22,P102,Region Y,80,0
2026-06-22,P102,Region Z,156,0
2026-06-22,P103,Region X,384,0
2026-06-22,P103,Region Y,385,0
2026-06-22,P103,Region Z,243,0
2026-06-22,P104,Region X,374,0
2026-06-22,P104,Region Y,386,0
2026-06-22,P104,Region Z,416,0
2026-06-22,P201,Region X,480,0
2026-06-22,P201,Region Y,124,0
2026-06-22,P201,Region Z,145,0
2026-06-22,P202,Region X,478,0
2026-06-22,P202,Region Y,390,0
2026-06-22,P202,Region Z,87,0
2026-06-22,P203,Region X,183,0
2026-06-22,P203,Region Y,152,0
2026-06-22,P203,Region Z,370,0
2026-06-22,P204,Region X,342,0
2026-06-22,P204,Region Y,485,0
2026-06-22,P204,Region Z,376,0
2026-06-22,P301,Region X,488,0
2026-06-22,P301,Region Y,307,0
2026-06-22,P301,Region Z,97,0
2026-06-22,P302,Region X,269,0
2026-06-22,P302,Region Y,118,0
2026-06-22,P302,Region Z,264,0
2026-06-22,P303,Region X,403,0
2026-06-22,P303,Region Y,352,0
2026-06-22,P303,Region Z,258,0
2026-06-22,P304,Region X,203,0
2026-06-22,P304,Region Y,404,0
2026-06-22,P304,Region Z,68,0
2026-06-22,P401,Region X,248,0
2026-06-22,P401,Region Y,338,0
2026-06-22,P401,Region Z,164,0
2026-06-22,P402,Region X,197,0
2026-06-22,P402,Region Y,102,0
2026-06-22,P402,Region Z,42,0
2026-06-22,P403,Region X,170,0
2026-06-22,P403,Region Y,339,0
2026-06-22,P403,Region Z,257,0
2026-06-23,P101,Region X,272,0
2026-06-23,P101,Region Y,242,0
2026-06-23,P101,Region Z,198,0
2026-06-23,P102,Region X,401,0
2026-06-23,P102,Region Y,49,0
2026-06-23,P102,Region Z,445,0
2026-06-23,P103,Region X,286,0
2026-06-23,P103,Region Y,433,0
2026-06-23,P103,Region Z,268,0
2026-06-23,P104,Region X,407,0
2026-06-23,P104,Region Y,367,0
2026-06-23,P104,Region Z,265,0
2026-06-23,P201,Region X,258,0
2026-06-23,P201,Region Y,164,0
2026-06-23,P201,Region Z,134,0
2026-06-23,P202,Region X,302,0
2026-06-23,P202,Region Y,385,0
2026-06-23,P202,Region Z,365,0
2026-06-23,P203,Region X,332,0
2026-06-23,P203,Region Y,217,0
2026-06-23,P203,Region Z,243,0
2026-06-23,P204,Region X,465,0
2026-06-23,P204,Region Y,126,0
2026-06-23,P204,Region Z,421,0
2026-06-23,P301,Region X,78,0
2026-06-23,P301,Region Y,219,0
2026-06-23,P301,Region Z,466,0
2026-06-23,P302,Region X,214,0
2026-06-23,P302,Region Y,455,0
2026-06-23,P302,Region Z,190,0
2026-06-23,P303,Region X,380,0
2026-06-23,P303,Region Y,314,0
2026-06-23,P303,Region Z,45,0
2026-06-23,P304,Region X,490,0
2026-06-23,P304,Region Y,177,0
2026-06-23,P304,Region Z,395,0
2026-06-23,P401,Region X,71,0
2026-06-23,P401,Region Y,128,0
2026-06-23,P401,Region Z,470,0
2026-06-23,P402,Region X,192,0
2026-06-23,P402,Region Y,398,0
2026-06-23,P402,Region Z,294,0
2026-06-23,P403,Region X,56,0
2026-06-23,P403,Region Y,90,0
2026-06-23,P403,Region Z,215,0
2026-06-24,P101,Region X,307,0
2026-06-24,P101,Region Y,318,0
2026-06-24,P101,Region Z,66,0
2026-06-24,P102,Region X,410,0
2026-06-24,P102,Region Y,249,0
2026-06-24,P102,Region Z,249,0
2026-06-24,P103,Region X,137,0
2026-06-24,P103,Region Y,127,0
2026-06-24,P103,Region Z,290,0
2026-06-24,P104,Region X,47,0
2026-06-24,P104,Region Y,452,0
2026-06-24,P104,Region Z,244,0
2026-06-24,P201,Region X,430,0
2026-06-24,P201,Region Y,179,0
2026-06-24,P201,Region Z,456,0
2026-06-24,P202,Region X,306,0
2026-06-24,P202,Region Y,415,0
2026-06-24,P202,Region Z,82,0
2026-06-24,P203,Region X,400,0
2026-06-24,P203,Region Y,481,0
2026-06-24,P203,Region Z,416,0
2026-06-24,P204,Region X,119,0
2026-06-24,P204,Region Y,436,0
2026-06-24,P204,Region Z,158,0
2026-06-24,P301,Region X,157,0
2026-06-24,P301,Region Y,310,0
2026-06-24,P301,Region Z,41,0
2026-06-24,P302,Region X,63,0
2026-06-24,P302,Region Y,443,0
2026-06-24,P302,Region Z,284,0
2026-06-24,P303,Region X,474,0
2026-06-24,P303,Region Y,492,0
2026-06-24,P303,Region Z,64,0
2026-06-24,P304,Region X,331,0
2026-06-24,P304,Region Y,493,0
2026-06-24,P304,Region Z,226,0
2026-06-24,P401,Region X,84,0
2026-06-24,P401,Region Y,110,0
2026-06-24,P401,Region Z,435,0
2026-06-24,P402,Region X,495,0
2026-06-24,P402,Region Y,418,0
2026-06-24,P402,Region Z,146,0
2026-06-24,P403,Region X,341,0
2026-06-24,P403,Region Y,488,0
2026-06-24,P403,Region Z,52,0
2026-06-25,P101,Region X,294,0
2026-06-25,P101,Region Y,245,0
2026-06-25,P101,Region Z,311,0
2026-06-25,P102,Region X,352,0
2026-06-25,P102,Region Y,182,0
2026-06-25,P102,Region Z,496,0
2026-06-25,P103,Region X,384,0
2026-06-25,P103,Region Y,248,0
2026-06-25,P103,Region Z,460,0
2026-06-25,P104,Region X,341,0
2026-06-25,P104,Region Y,55,0
2026-06-25,P104,Region Z,152,0
2026-06-25,P201,Region X,46,0
2026-06-25,P201,Region Y,487,0
2026-06-25,P201,Region Z,376,0
2026-06-25,P202,Region X,281,0
2026-06-25,P202,Region Y,93,0
2026-06-25,P202,Region Z,416,0
2026-06-25,P203,Region X,125,0
2026-06-25,P203,Region Y,340,0
2026-06-25,P203,Region Z,131,0
2026-06-25,P204,Region X,276,0
2026-06-25,P204,Region Y,308,0
2026-06-25,P204,Region Z,412,0
2026-06-25,P301,Region X,94,0
2026-06-25,P301,Region Y,89,0
2026-06-25,P301,Region Z,79,0
2026-06-25,P302,Region X,116,0
2026-06-25,P302,Region Y,205,0
2026-06-25,P302,Region Z,337,0
2026-06-25,P303,Region X,336,0
2026-06-25,P303,Region Y,223,0
2026-06-25,P303,Region Z,368,0
2026-06-25,P304,Region X,205,0
2026-06-25,P304,Region Y,342,0
2026-06-25,P304,Region Z,491,0
2026-06-25,P401,Region X,475,0
2026-06-25,P401,Region Y,339,0
2026-06-25,P401,Region Z,228,0
2026-06-25,P402,Region X,125,0
2026-06-25,P402,Region Y,47,0
2026-06-25,P402,Region Z,266,0
2026-06-25,P403,Region X,173,0
2026-06-25,P403,Region Y,220,0
2026-06-25,P403,Region Z,466,0
2026-06-26,P101,Region X,274,0
2026-06-26,P101,Region Y,333,0
2026-06-26,P101,Region Z,168,0
2026-06-26,P102,Region X,351,0
2026-06-26,P102,Region Y,302,0
2026-06-26,P102,Region Z,342,0
2026-06-26,P103,Region X,333,0
2026-06-26,P103,Region Y,460,0
2026-06-26,P103,Region Z,404,0
2026-06-26,P104,Region X,480,0
2026-06-26,P104,Region Y,364,0
2026-06-26,P104,Region Z,68,0
2026-06-26,P201,Region X,100,0
2026-06-26,P201,Region Y,245,0
2026-06-26,P201,Region Z,264,0
2026-06-26,P202,Region X,337,0
2026-06-26,P202,Region Y,242,0
2026-06-26,P202,Region Z,192,0
2026-06-26,P203,Region X,157,0
2026-06-26,P203,Region Y,452,0
2026-06-26,P203,Region Z,144,0
2026-06-26,P204,Region X,457,0
2026-06-26,P204,Region Y,155,0
2026-06-26,P204,Region Z,496,0
2026-06-26,P301,Region X,204,0
2026-06-26,P301,Region Y,477,0
2026-06-26,P301,Region Z,74,0
2026-06-26,P302,Region X,271,0
2026-06-26,P302,Region Y,126,0
2026-06-26,P302,Region Z,359,0
2026-06-26,P303,Region X,137,0
2026-06-26,P303,Region Y,140,0
2026-06-26,P303,Region Z,355,0
2026-06-26,P304,Region X,437,0
2026-06-26,P304,Region Y,151,0
2026-06-26,P304,Region Z,246,0
2026-06-26,P401,Region X,332,0
2026-06-26,P401,Region Y,426,0
2026-06-26,P401,Region Z,443,0
2026-06-26,P402,Region X,140,0
2026-06-26,P402,Region Y,389,0
2026-06-26,P402,Region Z,192,0
2026-06-26,P403,Region X,159,0
2026-06-26,P403,Region Y,447,0
2026-06-26,P403,Region Z,143,0
2026-06-27,P101,Region X,497,0
2026-06-27,P101,Region Y,291,0
2026-06-27,P101,Region Z,354,0
2026-06-27,P102,Region X,182,0
2026-06-27,P102,Region Y,471,0
2026-06-27,P102,Region Z,313,0
2026-06-27,P103,Region X,452,0
2026-06-27,P103,Region Y,385,0
2026-06-27,P103,Region Z,58,0
2026-06-27,P104,Region X,391,0
2026-06-27,P104,Region Y,219,0
2026-06-27,P104,Region Z,106,0
2026-06-27,P201,Region X,250,0
2026-06-27,P201,Region Y,295,0
2026-06-27,P201,Region Z,168,0
2026-06-27,P202,Region X,399,0
2026-06-27,P202,Region Y,411,0
2026-06-27,P202,Region Z,61,0
2026-06-27,P203,Region X,88,0
2026-06-27,P203,Region Y,127,0
2026-06-27,P203,Region Z,367,0
2026-06-27,P204,Region X,152,0
2026-06-27,P204,Region Y,234,0
2026-06-27,P204,Region Z,277,0
2026-06-27,P301,Region X,385,0
2026-06-27,P301,Region Y,278,0
2026-06-27,P301,Region Z,135,0
2026-06-27,P302,Region X,90,0
2026-06-27,P302,Region Y,295,0
2026-06-27,P302,Region Z,44,0
2026-06-27,P303,Region X,141,0
2026-06-27,P303,Region Y,104,0
2026-06-27,P303,Region Z,158,0
2026-06-27,P304,Region X,167,0
2026-06-27,P304,Region Y,434,0
2026-06-27,P304,Region Z,96,0
2026-06-27,P401,Region X,305,0
2026-06-27,P401,Region Y,498,0
2026-06-27,P401,Region Z,314,0
2026-06-27,P402,Region X,388,0
2026-06-27,P402,Region Y,473,0
2026-06-27,P402,Region Z,214,0
2026-06-27,P403,Region X,264,0
2026-06-27,P403,Region Y,274,0
2026-06-27,P403,Region Z,313,0
2026-06-28,P101,Region X,411,0
2026-06-28,P101,Region Y,351,0
2026-06-28,P101,Region Z,437,0
2026-06-28,P102,Region X,369,0
2026-06-28,P102,Region Y,434,0
2026-06-28,P102,Region Z,86,0
2026-06-28,P103,Region X,296,0
2026-06-28,P103,Region Y,139,0
2026-06-28,P103,Region Z,390,0
2026-06-28,P104,Region X,255,0
2026-06-28,P104,Region Y,435,0
2026-06-28,P104,Region Z,354,0
2026-06-28,P201,Region X,114,0
2026-06-28,P201,Region Y,466,0
2026-06-28,P201,Region Z,436,0
2026-06-28,P202,Region X,188,0
2026-06-28,P202,Region Y,160,0
2026-06-28,P202,Region Z,471,0
2026-06-28,P203,Region X,496,0
2026-06-28,P203,Region Y,332,0
2026-06-28,P203,Region Z,361,0
2026-06-28,P204,Region X,481,0
2026-06-28,P204,Region Y,92,0
2026-06-28,P204,Region Z,371,0
2026-06-28,P301,Region X,309,0
2026-06-28,P301,Region Y,195,0
2026-06-28,P301,Region Z,377,0
2026-06-28,P302,Region X,378,0
2026-06-28,P302,Region Y,309,0
2026-06-28,P302,Region Z,333,0
2026-06-28,P303,Region X,341,0
2026-06-28,P303,Region Y,273,0
2026-06-28,P303,Region Z,245,0
2026-06-28,P304,Region X,196,0
2026-06-28,P304,Region Y,496,0
2026-06-28,P304,Region Z,172,0
2026-06-28,P401,Region X,394,0
2026-06-28,P401,Region Y,130,0
2026-06-28,P401,Region Z,184,0
2026-06-28,P402,Region X,250,0
2026-06-28,P402,Region Y,220,0
2026-06-28,P402,Region Z,89,0
2026-06-28,P403,Region X,443,0
2026-06-28,P403,Region Y,331,0
2026-06-28,P403,Region Z,236,0
2026-06-29,P101,Region X,404,0
2026-06-29,P101,Region Y,480,0
2026-06-29,P101,Region Z,203,0
2026-06-29,P102,Region X,102,0
2026-06-29,P102,Region Y,287,0
2026-06-29,P102,Region Z,311,0
2026-06-29,P103,Region X,97,0
2026-06-29,P103,Region Y,429,0
2026-06-29,P103,Region Z,185,0
2026-06-29,P104,Region X,258,0
2026-06-29,P104,Region Y,435,0
2026-06-29,P104,Region Z,306,0
2026-06-29,P201,Region X,114,0
2026-06-29,P201,Region Y,46,0
2026-06-29,P201,Region Z,255,0
2026-06-29,P202,Region X,322,0
2026-06-29,P202,Region Y,183,0
2026-06-29,P202,Region Z,463,0
2026-06-29,P203,Region X,360,0
2026-06-29,P203,Region Y,466,0
2026-06-29,P203,Region Z,271,0
2026-06-29,P204,Region X,484,0
2026-06-29,P204,Region Y,237,0
2026-06-29,P204,Region Z,394,0
2026-06-29,P301,Region X,246,0
2026-06-29,P301,Region Y,244,0
2026-06-29,P301,Region Z,78,0
2026-06-29,P302,Region X,435,0
2026-06-29,P302,Region Y,244,0
2026-06-29,P302,Region Z,185,0
2026-06-29,P303,Region X,210,0
2026-06-29,P303,Region Y,270,0
2026-06-29,P303,Region Z,399,0
2026-06-29,P304,Region X,448,0
2026-06-29,P304,Region Y,407,0
2026-06-29,P304,Region Z,251,0
2026-06-29,P401,Region X,165,0
2026-06-29,P401,Region Y,397,0
2026-06-29,P401,Region Z,81,0
2026-06-29,P402,Region X,269,0
2026-06-29,P402,Region Y,153,0
2026-06-29,P402,Region Z,251,0
2026-06-29,P403,Region X,431,0
2026-06-29,P403,Region Y,123,0
2026-06-29,P403,Region Z,291,0
2026-06-30,P101,Region X,362,0
2026-06-30,P101,Region Y,109,0
2026-06-30,P101,Region Z,455,0
2026-06-30,P102,Region X,329,0
2026-06-30,P102,Region Y,335,0
2026-06-30,P102,Region Z,215,0
2026-06-30,P103,Region X,448,0
2026-06-30,P103,Region Y,393,0
2026-06-30,P103,Region Z,195,0
2026-06-30,P104,Region X,228,0
2026-06-30,P104,Region Y,171,0
2026-06-30,P104,Region Z,153,0
2026-06-30,P201,Region X,51,0
2026-06-30,P201,Region Y,168,0
2026-06-30,P201,Region Z,64,0
2026-06-30,P202,Region X,302,0
2026-06-30,P202,Region Y,443,0
2026-06-30,P202,Region Z,55,0
2026-06-30,P203,Region X,112,0
2026-06-30,P203,Region Y,82,0
2026-06-30,P203,Region Z,316,0
2026-06-30,P204,Region X,266,0
2026-06-30,P204,Region Y,358,0
2026-06-30,P204,Region Z,234,0
2026-06-30,P301,Region X,135,0
2026-06-30,P301,Region Y,227,0
2026-06-30,P301,Region Z,108,0
2026-06-30,P302,Region X,342,0
2026-06-30,P302,Region Y,367,0
2026-06-30,P302,Region Z,351,0
2026-06-30,P303,Region X,388,0
2026-06-30,P303,Region Y,82,0
2026-06-30,P303,Region Z,352,0
2026-06-30,P304,Region X,127,0
2026-06-30,P304,Region Y,327,0
2026-06-30,P304,Region Z,216,0
2026-06-30,P401,Region X,208,0
2026-06-30,P401,Region Y,363,0
2026-06-30,P401,Region Z,460,0
2026-06-30,P402,Region X,487,0
2026-06-30,P402,Region Y,293,0
2026-06-30,P402,Region Z,392,0
2026-06-30,P403,Region X,375,0
2026-06-30,P403,Region Y,452,0
2026-06-30,P403,Region Z,95,0
2026-07-01,P101,Region X,326,0
2026-07-01,P101,Region Y,298,0
2026-07-01,P101,Region Z,278,0
2026-07-01,P102,Region X,463,0
2026-07-01,P102,Region Y,413,0
2026-07-01,P102,Region Z,428,0
2026-07-01,P103,Region X,124,0
2026-07-01,P103,Region Y,107,0
2026-07-01,P103,Region Z,315,0
2026-07-01,P104,Region X,65,0
2026-07-01,P104,Region Y,306,0
2026-07-01,P104,Region Z,206,0
2026-07-01,P201,Region X,164,0
2026-07-01,P201,Region Y,235,0
2026-07-01,P201,Region Z,435,0
2026-07-01,P202,Region X,355,0
2026-07-01,P202,Region Y,399,0
2026-07-01,P202,Region Z,219,0
2026-07-01,P203,Region X,387,0
2026-07-01,P203,Region Y,441,0
2026-07-01,P203,Region Z,439,0
2026-07-01,P204,Region X,375,0
2026-07-01,P204,Region Y,134,0
2026-07-01,P204,Region Z,410,0
2026-07-01,P301,Region X,107,0
2026-07-01,P301,Region Y,171,0
2026-07-01,P301,Region Z,367,0
2026-07-01,P302,Region X,421,0
2026-07-01,P302,Region Y,339,0
2026-07-01,P302,Region Z,482,0
2026-07-01,P303,Region X,326,0
2026-07-01,P303,Region Y,45,0
2026-07-01,P303,Region Z,264,0
2026-07-01,P304,Region X,446,0
2026-07-01,P304,Region Y,436,0
2026-07-01,P304,Region Z,161,0
2026-07-01,P401,Region X,239,0
2026-07-01,P401,Region Y,414,0
2026-07-01,P401,Region Z,449,0
2026-07-01,P402,Region X,134,0
2026-07-01,P402,Region Y,174,0
2026-07-01,P402,Region Z,320,0
2026-07-01,P403,Region X,164,0
2026-07-01,P403,Region Y,403,0
2026-07-01,P403,Region Z,416,0
2026-07-02,P101,Region X,196,0
2026-07-02,P101,Region Y,242,0
2026-07-02,P101,Region Z,284,0
2026-07-02,P102,Region X,486,0
2026-07-02,P102,Region Y,241,0
2026-07-02,P102,Region Z,101,0
2026-07-02,P103,Region X,65,0
2026-07-02,P103,Region Y,71,0
2026-07-02,P103,Region Z,492,0
2026-07-02,P104,Region X,371,0
2026-07-02,P104,Region Y,267,0
2026-07-02,P104,Region Z,335,0
2026-07-02,P201,Region X,391,0
2026-07-02,P201,Region Y,453,0
2026-07-02,P201,Region Z,232,0
2026-07-02,P202,Region X,386,0
2026-07-02,P202,Region Y,155,0
2026-07-02,P202,Region Z,462,0
2026-07-02,P203,Region X,180,0
2026-07-02,P203,Region Y,186,0
2026-07-02,P203,Region Z,444,0
2026-07-02,P204,Region X,254,0
2026-07-02,P204,Region Y,482,0
2026-07-02,P204,Region Z,230,0
2026-07-02,P301,Region X,389,0
2026-07-02,P301,Region Y,322,0
2026-07-02,P301,Region Z,55,0
2026-07-02,P302,Region X,323,0
2026-07-02,P302,Region Y,401,0
2026-07-02,P302,Region Z,216,0
2026-07-02,P303,Region X,57,0
2026-07-02,P303,Region Y,220,0
2026-07-02,P303,Region Z,437,0
2026-07-02,P304,Region X,41,0
2026-07-02,P304,Region Y,410,0
2026-07-02,P304,Region Z,192,0
2026-07-02,P401,Region X,342,0
2026-07-02,P401,Region Y,114,0
2026-07-02,P401,Region Z,383,0
2026-07-02,P402,Region X,43,0
2026-07-02,P402,Region Y,136,0
2026-07-02,P402,Region Z,236,0
2026-07-02,P403,Region X,474,0
2026-07-02,P403,Region Y,244,0
2026-07-02,P403,Region Z,114,0
2026-07-03,P101,Region X,494,0
2026-07-03,P101,Region Y,204,0
2026-07-03,P101,Region Z,392,0
2026-07-03,P102,Region X,177,0
2026-07-03,P102,Region Y,342,0
2026-07-03,P102,Region Z,128,0
2026-07-03,P103,Region X,407,0
2026-07-03,P103,Region Y,159,0
2026-07-03,P103,Region Z,70,0
2026-07-03,P104,Region X,287,0
2026-07-03,P104,Region Y,296,0
2026-07-03,P104,Region Z,215,0
2026-07-03,P201,Region X,404,0
2026-07-03,P201,Region Y,372,0
2026-07-03,P201,Region Z,246,0
2026-07-03,P202,Region X,391,0
2026-07-03,P202,Region Y,45,0
2026-07-03,P202,Region Z,201,0
2026-07-03,P203,Region X,176,0
2026-07-03,P203,Region Y,233,0
2026-07-03,P203,Region Z,452,0
2026-07-03,P204,Region X,342,0
2026-07-03,P204,Region Y,345,0
2026-07-03,P204,Region Z,447,0
2026-07-03,P301,Region X,276,0
2026-07-03,P301,Region Y,448,0
2026-07-03,P301,Region Z,174,0
2026-07-03,P302,Region X,358,0
2026-07-03,P302,Region Y,481,0
2026-07-03,P302,Region Z,91,0
2026-07-03,P303,Region X,466,0
2026-07-03,P303,Region Y,56,0
2026-07-03,P303,Region Z,286,0
2026-07-03,P304,Region X,44,0
2026-07-03,P304,Region Y,265,0
2026-07-03,P304,Region Z,377,0
2026-07-03,P401,Region X,278,0
2026-07-03,P401,Region Y,260,0
2026-07-03,P401,Region Z,87,0
2026-07-03,P402,Region X,444,0
2026-07-03,P402,Region Y,422,0
2026-07-03,P402,Region Z,429,0
2026-07-03,P403,Region X,418,0
2026-07-03,P403,Region Y,232,0
2026-07-03,P403,Region Z,327,0
2026-07-04,P101,Region X,254,0
2026-07-04,P101,Region Y,150,0
2026-07-04,P101,Region Z,402,0
2026-07-04,P102,Region X,193,0
2026-07-04,P102,Region Y,139,0
2026-07-04,P102,Region Z,344,0
2026-07-04,P103,Region X,247,0
2026-07-04,P103,Region Y,257,0
2026-07-04,P103,Region Z,276,0
2026-07-04,P104,Region X,280,0
2026-07-04,P104,Region Y,422,0
2026-07-04,P104,Region Z,213,0
2026-07-04,P201,Region X,274,0
2026-07-04,P201,Region Y,353,0
2026-07-04,P201,Region Z,215,0
2026-07-04,P202,Region X,311,0
2026-07-04,P202,Region Y,262,0
2026-07-04,P202,Region Z,321,0
2026-07-04,P203,Region X,264,0
2026-07-04,P203,Region Y,52,0
2026-07-04,P203,Region Z,496,0
2026-07-04,P204,Region X,435,0
2026-07-04,P204,Region Y,209,0
2026-07-04,P204,Region Z,398,0
2026-07-04,P301,Region X,49,0
2026-07-04,P301,Region Y,447,0
2026-07-04,P301,Region Z,421,0
2026-07-04,P302,Region X,61,0
2026-07-04,P302,Region Y,386,0
2026-07-04,P302,Region Z,351,0
2026-07-04,P303,Region X,487,0
2026-07-04,P303,Region Y,477,0
2026-07-04,P303,Region Z,42,0
2026-07-04,P304,Region X,103,0
2026-07-04,P304,Region Y,388,0
2026-07-04,P304,Region Z,213,0
2026-07-04,P401,Region X,165,0
2026-07-04,P401,Region Y,445,0
2026-07-04,P401,Region Z,296,0
2026-07-04,P402,Region X,175,0
2026-07-04,P402,Region Y,316,0
2026-07-04,P402,Region Z,301,0
2026-07-04,P403,Region X,57,0
2026-07-04,P403,Region Y,407,0
2026-07-04,P403,Region Z,157,0
2026-07-05,P101,Region X,139,0
2026-07-05,P101,Region Y,64,0
2026-07-05,P101,Region Z,458,0
2026-07-05,P102,Region X,324,0
2026-07-05,P102,Region Y,320,0
2026-07-05,P102,Region Z,352,0
2026-07-05,P103,Region X,336,0
2026-07-05,P103,Region Y,110,0
2026-07-05,P103,Region Z,148,0
2026-07-05,P104,Region X,468,0
2026-07-05,P104,Region Y,345,0
2026-07-05,P104,Region Z,164,0
2026-07-05,P201,Region X,124,0
2026-07-05,P201,Region Y,214,0
2026-07-05,P201,Region Z,172,0
2026-07-05,P202,Region X,72,0
2026-07-05,P202,Region Y,440,0
2026-07-05,P202,Region Z,440,0
2026-07-05,P203,Region X,332,0
2026-07-05,P203,Region Y,425,0
2026-07-05,P203,Region Z,185,0
2026-07-05,P204,Region X,380,0
2026-07-05,P204,Region Y,173,0
2026-07-05,P204,Region Z,287,0
2026-07-05,P301,Region X,176,0
2026-07-05,P301,Region Y,116,0
2026-07-05,P301,Region Z,454,0
2026-07-05,P302,Region X,290,0
2026-07-05,P302,Region Y,103,0
2026-07-05,P302,Region Z,192,0
2026-07-05,P303,Region X,178,0
2026-07-05,P303,Region Y,403,0
2026-07-05,P303,Region Z,250,0
2026-07-05,P304,Region X,322,0
2026-07-05,P304,Region Y,427,0
2026-07-05,P304,Region Z,111,0
2026-07-05,P401,Region X,278,0
2026-07-05,P401,Region Y,304,0
2026-07-05,P401,Region Z,221,0
2026-07-05,P402,Region X,187,0
2026-07-05,P402,Region Y,451,0
2026-07-05,P402,Region Z,322,0
2026-07-05,P403,Region X,152,0
2026-07-05,P403,Region Y,116,0
2026-07-05,P403,Region Z,350,0
2026-07-06,P101,Region X,428,0
2026-07-06,P101,Region Y,225,0
2026-07-06,P101,Region Z,499,0
2026-07-06,P102,Region X,223,0
2026-07-06,P102,Region Y,149,0
2026-07-06,P102,Region Z,422,0
2026-07-06,P103,Region X,99,0
2026-07-06,P103,Region Y,54,0
2026-07-06,P103,Region Z,460,0
2026-07-06,P104,Region X,376,0
2026-07-06,P104,Region Y,387,0
2026-07-06,P104,Region Z,333,0
2026-07-06,P201,Region X,246,0
2026-07-06,P201,Region Y,432,0
2026-07-06,P201,Region Z,316,0
2026-07-06,P202,Region X,409,0
2026-07-06,P202,Region Y,291,0
2026-07-06,P202,Region Z,70,0
2026-07-06,P203,Region X,342,0
2026-07-06,P203,Region Y,140,0
2026-07-06,P203,Region Z,406,0
2026-07-06,P204,Region X,173,0
2026-07-06,P204,Region Y,397,0
2026-07-06,P204,Region Z,120,0
2026-07-06,P301,Region X,352,0
2026-07-06,P301,Region Y,364,0
2026-07-06,P301,Region Z,268,0
2026-07-06,P302,Region X,148,0
2026-07-06,P302,Region Y,43,0
2026-07-06,P302,Region Z,198,0
2026-07-06,P303,Region X,170,0
2026-07-06,P303,Region Y,79,0
2026-07-06,P303,Region Z,151,0
2026-07-06,P304,Region X,431,0
2026-07-06,P304,Region Y,55,0
2026-07-06,P304,Region Z,324,0
2026-07-06,P401,Region X,212,0
2026-07-06,P401,Region Y,132,0
2026-07-06,P401,Region Z,354,0
2026-07-06,P402,Region X,417,0
2026-07-06,P402,Region Y,369,0
2026-07-06,P402,Region Z,170,0
2026-07-06,P403,Region X,95,0
2026-07-06,P403,Region Y,170,0
2026-07-06,P403,Region Z,83,0
2026-07-07,P101,Region X,113,0
2026-07-07,P101,Region Y,420,0
2026-07-07,P101,Region Z,109,0
2026-07-07,P102,Region X,376,0
2026-07-07,P102,Region Y,127,0
2026-07-07,P102,Region Z,281,0
2026-07-07,P103,Region X,371,0
2026-07-07,P103,Region Y,90,0
2026-07-07,P103,Region Z,253,0
2026-07-07,P104,Region X,481,0
2026-07-07,P104,Region Y,351,0
2026-07-07,P104,Region Z,449,0
2026-07-07,P201,Region X,323,0
2026-07-07,P201,Region Y,125,0
2026-07-07,P201,Region Z,180,0
2026-07-07,P202,Region X,485,0
2026-07-07,P202,Region Y,114,0
2026-07-07,P202,Region Z,266,0
2026-07-07,P203,Region X,55,0
2026-07-07,P203,Region Y,496,0
2026-07-07,P203,Region Z,168,0
2026-07-07,P204,Region X,306,0
2026-07-07,P204,Region Y,223,0
2026-07-07,P204,Region Z,420,0
2026-07-07,P301,Region X,292,0
2026-07-07,P301,Region Y,386,0
2026-07-07,P301,Region Z,451,0
2026-07-07,P302,Region X,125,0
2026-07-07,P302,Region Y,484,0
2026-07-07,P302,Region Z,323,0
2026-07-07,P303,Region X,221,0
2026-07-07,P303,Region Y,398,0
2026-07-07,P303,Region Z,350,0
2026-07-07,P304,Region X,429,0
2026-07-07,P304,Region Y,252,0
2026-07-07,P304,Region Z,380,0
2026-07-07,P401,Region X,154,0
2026-07-07,P401,Region Y,40,0
2026-07-07,P401,Region Z,447,0
2026-07-07,P402,Region X,327,0
2026-07-07,P402,Region Y,378,0
2026-07-07,P402,Region Z,355,0
2026-07-07,P403,Region X,179,0
2026-07-07,P403,Region Y,104,0
2026-07-07,P403,Region Z,112,0
2026-07-08,P101,Region X,434,0
2026-07-08,P101,Region Y,84,0
2026-07-08,P101,Region Z,229,0
2026-07-08,P102,Region X,133,0
2026-07-08,P102,Region Y,390,0
2026-07-08,P102,Region Z,213,0
2026-07-08,P103,Region X,226,0
2026-07-08,P103,Region Y,184,0
2026-07-08,P103,Region Z,433,0
2026-07-08,P104,Region X,78,0
2026-07-08,P104,Region Y,155,0
2026-07-08,P104,Region Z,158,0
2026-07-08,P201,Region X,107,0
2026-07-08,P201,Region Y,225,0
2026-07-08,P201,Region Z,274,0
2026-07-08,P202,Region X,293,0
2026-07-08,P202,Region Y,261,0
2026-07-08,P202,Region Z,301,0
2026-07-08,P203,Region X,380,0
2026-07-08,P203,Region Y,51,0
2026-07-08,P203,Region Z,439,0
2026-07-08,P204,Region X,409,0
2026-07-08,P204,Region Y,473,0
2026-07-08,P204,Region Z,334,0
2026-07-08,P301,Region X,375,0
2026-07-08,P301,Region Y,256,0
2026-07-08,P301,Region Z,448,0
2026-07-08,P302,Region X,452,0
2026-07-08,P302,Region Y,411,0
2026-07-08,P302,Region Z,319,0
2026-07-08,P303,Region X,413,0
2026-07-08,P303,Region Y,388,0
2026-07-08,P303,Region Z,88,0
2026-07-08,P304,Region X,327,0
2026-07-08,P304,Region Y,470,0
2026-07-08,P304,Region Z,268,0
2026-07-08,P401,Region X,128,0
2026-07-08,P401,Region Y,376,0
2026-07-08,P401,Region Z,286,0
2026-07-08,P402,Region X,84,0
2026-07-08,P402,Region Y,401,0
2026-07-08,P402,Region Z,205,0
2026-07-08,P403,Region X,351,0
2026-07-08,P403,Region Y,282,0
2026-07-08,P403,Region Z,455,0
2026-07-09,P101,Region X,321,0
2026-07-09,P101,Region Y,226,0
2026-07-09,P101,Region Z,469,0
2026-07-09,P102,Region X,117,0
2026-07-09,P102,Region Y,304,0
2026-07-09,P102,Region Z,180,0
2026-07-09,P103,Region X,498,0
2026-07-09,P103,Region Y,219,0
2026-07-09,P103,Region Z,445,0
2026-07-09,P104,Region X,477,0
2026-07-09,P104,Region Y,308,0
2026-07-09,P104,Region Z,173,0
2026-07-09,P201,Region X,226,0
2026-07-09,P201,Region Y,204,0
2026-07-09,P201,Region Z,75,0
2026-07-09,P202,Region X,242,0
2026-07-09,P202,Region Y,249,0
2026-07-09,P202,Region Z,465,0
2026-07-09,P203,Region X,225,0
2026-07-09,P203,Region Y,90,0
2026-07-09,P203,Region Z,471,0
2026-07-09,P204,Region X,307,0
2026-07-09,P204,Region Y,253,0
2026-07-09,P204,Region Z,302,0
2026-07-09,P301,Region X,382,0
2026-07-09,P301,Region Y,356,0
2026-07-09,P301,Region Z,470,0
2026-07-09,P302,Region X,420,0
2026-07-09,P302,Region Y,346,0
2026-07-09,P302,Region Z,52,0
2026-07-09,P303,Region X,50,0
2026-07-09,P303,Region Y,373,0
2026-07-09,P303,Region Z,495,0
2026-07-09,P304,Region X,334,0
2026-07-09,P304,Region Y,161,0
2026-07-09,P304,Region Z,373,0
2026-07-09,P401,Region X,161,0
2026-07-09,P401,Region Y,71,0
2026-07-09,P401,Region Z,474,0
2026-07-09,P402,Region X,450,0
2026-07-09,P402,Region Y,193,0
2026-07-09,P402,Region Z,129,0
2026-07-09,P403,Region X,294,0
2026-07-09,P403,Region Y,211,0
2026-07-09,P403,Region Z,318,0
2026-07-10,P101,Region X,92,0
2026-07-10,P101,Region Y,485,0
2026-07-10,P101,Region Z,181,0
2026-07-10,P102,Region X,63,0
2026-07-10,P102,Region Y,213,0
2026-07-10,P102,Region Z,210,0
2026-07-10,P103,Region X,332,0
2026-07-10,P103,Region Y,183,0
2026-07-10,P103,Region Z,86,0
2026-07-10,P104,Region X,298,0
2026-07-10,P104,Region Y,214,0
2026-07-10,P104,Region Z,259,0
2026-07-10,P201,Region X,418,0
2026-07-10,P201,Region Y,41,0
2026-07-10,P201,Region Z,423,0
2026-07-10,P202,Region X,131,0
2026-07-10,P202,Region Y,317,0
2026-07-10,P202,Region Z,251,0
2026-07-10,P203,Region X,461,0
2026-07-10,P203,Region Y,98,0
2026-07-10,P203,Region Z,242,0
2026-07-10,P204,Region X,172,0
2026-07-10,P204,Region Y,362,0
2026-07-10,P204,Region Z,370,0
2026-07-10,P301,Region X,91,0
2026-07-10,P301,Region Y,414,0
2026-07-10,P301,Region Z,153,0
2026-07-10,P302,Region X,96,0
2026-07-10,P302,Region Y,156,0
2026-07-10,P302,Region Z,251,0
2026-07-10,P303,Region X,122,0
2026-07-10,P303,Region Y,438,0
2026-07-10,P303,Region Z,319,0
2026-07-10,P304,Region X,495,0
2026-07-10,P304,Region Y,322,0
2026-07-10,P304,Region Z,130,0
2026-07-10,P401,Region X,287,0
2026-07-10,P401,Region Y,425,0
2026-07-10,P401,Region Z,129,0
2026-07-10,P402,Region X,467,0
2026-07-10,P402,Region Y,100,0
2026-07-10,P402,Region Z,386,0
2026-07-10,P403,Region X,106,0
2026-07-10,P403,Region Y,490,0
2026-07-10,P403,Region Z,413,0
2026-07-11,P101,Region X,60,0
2026-07-11,P101,Region Y,477,0
2026-07-11,P101,Region Z,42,0
2026-07-11,P102,Region X,255,0
2026-07-11,P102,Region Y,58,0
2026-07-11,P102,Region Z,344,0
2026-07-11,P103,Region X,472,0
2026-07-11,P103,Region Y,245,0
2026-07-11,P103,Region Z,390,0
2026-07-11,P104,Region X,225,0
2026-07-11,P104,Region Y,233,0
2026-07-11,P104,Region Z,127,0
2026-07-11,P201,Region X,232,0
2026-07-11,P201,Region Y,82,0
2026-07-11,P201,Region Z,140,0
2026-07-11,P202,Region X,251,0
2026-07-11,P202,Region Y,344,0
2026-07-11,P202,Region Z,425,0
2026-07-11,P203,Region X,305,0
2026-07-11,P203,Region Y,352,0
2026-07-11,P203,Region Z,271,0
2026-07-11,P204,Region X,385,0
2026-07-11,P204,Region Y,456,0
2026-07-11,P204,Region Z,497,0
2026-07-11,P301,Region X,434,0
2026-07-11,P301,Region Y,88,0
2026-07-11,P301,Region Z,157,0
2026-07-11,P302,Region X,493,0
2026-07-11,P302,Region Y,406,0
2026-07-11,P302,Region Z,214,0
2026-07-11,P303,Region X,360,0
2026-07-11,P303,Region Y,365,0
2026-07-11,P303,Region Z,407,0
2026-07-11,P304,Region X,476,0
2026-07-11,P304,Region Y,261,0
2026-07-11,P304,Region Z,106,0
2026-07-11,P401,Region X,207,0
2026-07-11,P401,Region Y,342,0
2026-07-11,P401,Region Z,455,0
2026-07-11,P402,Region X,43,0
2026-07-11,P402,Region Y,252,0
2026-07-11,P402,Region Z,305,0
2026-07-11,P403,Region X,340,0
2026-07-11,P403,Region Y,451,0
2026-07-11,P403,Region Z,203,0
2026-07-12,P101,Region X,244,0
2026-07-12,P101,Region Y,138,0
2026-07-12,P101,Region Z,304,0
2026-07-12,P102,Region X,137,0
2026-07-12,P102,Region Y,148,0
2026-07-12,P102,Region Z,288,0
2026-07-12,P103,Region X,404,0
2026-07-12,P103,Region Y,371,0
2026-07-12,P103,Region Z,403,0
2026-07-12,P104,Region X,296,0
2026-07-12,P104,Region Y,91,0
2026-07-12,P104,Region Z,281,0
2026-07-12,P201,Region X,256,0
2026-07-12,P201,Region Y,402,0
2026-07-12,P201,Region Z,318,0
2026-07-12,P202,Region X,308,0
2026-07-12,P202,Region Y,152,0
2026-07-12,P202,Region Z,299,0
2026-07-12,P203,Region X,470,0
2026-07-12,P203,Region Y,331,0
2026-07-12,P203,Region Z,94,0
2026-07-12,P204,Region X,371,0
2026-07-12,P204,Region Y,477,0
2026-07-12,P204,Region Z,277,0
2026-07-12,P301,Region X,314,0
2026-07-12,P301,Region Y,263,0
2026-07-12,P301,Region Z,343,0
2026-07-12,P302,Region X,285,0
2026-07-12,P302,Region Y,90,0
2026-07-12,P302,Region Z,298,0
2026-07-12,P303,Region X,231,0
2026-07-12,P303,Region Y,274,0
2026-07-12,P303,Region Z,251,0
2026-07-12,P304,Region X,71,0
2026-07-12,P304,Region Y,309,0
2026-07-12,P304,Region Z,405,0
2026-07-12,P401,Region X,234,0
2026-07-12,P401,Region Y,157,0
2026-07-12,P401,Region Z,441,0
2026-07-12,P402,Region X,423,0
2026-07-12,P402,Region Y,487,0
2026-07-12,P402,Region Z,256,0
2026-07-12,P403,Region X,313,0
2026-07-12,P403,Region Y,315,0
2026-07-12,P403,Region Z,390,0
2026-07-13,P101,Region X,56,0
2026-07-13,P101,Region Y,43,0
2026-07-13,P101,Region Z,386,0
2026-07-13,P102,Region X,177,0
2026-07-13,P102,Region Y,408,0
2026-07-13,P102,Region Z,176,0
2026-07-13,P103,Region X,427,0
2026-07-13,P103,Region Y,153,0
2026-07-13,P103,Region Z,421,0
2026-07-13,P104,Region X,56,0
2026-07-13,P104,Region Y,124,0
2026-07-13,P104,Region Z,447,0
2026-07-13,P201,Region X,415,0
2026-07-13,P201,Region Y,474,0
2026-07-13,P201,Region Z,164,0
2026-07-13,P202,Region X,396,0
2026-07-13,P202,Region Y,273,0
2026-07-13,P202,Region Z,238,0
2026-07-13,P203,Region X,156,0
2026-07-13,P203,Region Y,134,0
2026-07-13,P203,Region Z,84,0
2026-07-13,P204,Region X,332,0
2026-07-13,P204,Region Y,153,0
2026-07-13,P204,Region Z,217,0
2026-07-13,P301,Region X,67,0
2026-07-13,P301,Region Y,54,0
2026-07-13,P301,Region Z,40,0
2026-07-13,P302,Region X,325,0
2026-07-13,P302,Region Y,332,0
2026-07-13,P302,Region Z,328,0
2026-07-13,P303,Region X,244,0
2026-07-13,P303,Region Y,373,0
2026-07-13,P303,Region Z,71,0
2026-07-13,P304,Region X,297,0
2026-07-13,P304,Region Y,194,0
2026-07-13,P304,Region Z,402,0
2026-07-13,P401,Region X,399,0
2026-07-13,P401,Region Y,137,0
2026-07-13,P401,Region Z,420,0
2026-07-13,P402,Region X,121,0
2026-07-13,P402,Region Y,423,0
2026-07-13,P402,Region Z,368,0
2026-07-13,P403,Region X,444,0
2026-07-13,P403,Region Y,392,0
2026-07-13,P403,Region Z,74,0
2026-07-14,P101,Region X,105,0
2026-07-14,P101,Region Y,349,0
2026-07-14,P101,Region Z,381,0
2026-07-14,P102,Region X,461,0
2026-07-14,P102,Region Y,255,0
2026-07-14,P102,Region Z,138,0
2026-07-14,P103,Region X,80,0
2026-07-14,P103,Region Y,249,0
2026-07-14,P103,Region Z,494,0
2026-07-14,P104,Region X,468,0
2026-07-14,P104,Region Y,197,0
2026-07-14,P104,Region Z,330,0
2026-07-14,P201,Region X,348,0
2026-07-14,P201,Region Y,152,0
2026-07-14,P201,Region Z,125,0
2026-07-14,P202,Region X,265,0
2026-07-14,P202,Region Y,265,0
2026-07-14,P202,Region Z,379,0
2026-07-14,P203,Region X,345,0
2026-07-14,P203,Region Y,86,0
2026-07-14,P203,Region Z,131,0
2026-07-14,P204,Region X,193,0
2026-07-14,P204,Region Y,239,0
2026-07-14,P204,Region Z,441,0
2026-07-14,P301,Region X,480,0
2026-07-14,P301,Region Y,483,0
2026-07-14,P301,Region Z,161,0
2026-07-14,P302,Region X,63,0
2026-07-14,P302,Region Y,213,0
2026-07-14,P302,Region Z,48,0
2026-07-14,P303,Region X,471,0
2026-07-14,P303,Region Y,406,0
2026-07-14,P303,Region Z,240,0
2026-07-14,P304,Region X,208,0
2026-07-14,P304,Region Y,333,0
2026-07-14,P304,Region Z,276,0
2026-07-14,P401,Region X,359,0
2026-07-14,P401,Region Y,82,0
2026-07-14,P401,Region Z,477,0
2026-07-14,P402,Region X,105,0
2026-07-14,P402,Region Y,372,0
2026-07-14,P402,Region Z,314,0
2026-07-14,P403,Region X,183,0
2026-07-14,P403,Region Y,273,0
2026-07-14,P403,Region Z,369,0
2026-07-15,P101,Region X,276,0
2026-07-15,P101,Region Y,46,0
2026-07-15,P101,Region Z,412,0
2026-07-15,P102,Region X,414,0
2026-07-15,P102,Region Y,481,0
2026-07-15,P102,Region Z,366,0
2026-07-15,P103,Region X,397,0
2026-07-15,P103,Region Y,375,0
2026-07-15,P103,Region Z,390,0
2026-07-15,P104,Region X,329,0
2026-07-15,P104,Region Y,174,0
2026-07-15,P104,Region Z,115,0
2026-07-15,P201,Region X,114,0
2026-07-15,P201,Region Y,75,0
2026-07-15,P201,Region Z,119,0
2026-07-15,P202,Region X,123,0
2026-07-15,P202,Region Y,116,0
2026-07-15,P202,Region Z,429,0
2026-07-15,P203,Region X,200,0
2026-07-15,P203,Region Y,160,0
2026-07-15,P203,Region Z,61,0
2026-07-15,P204,Region X,298,0
2026-07-15,P204,Region Y,370,0
2026-07-15,P204,Region Z,338,0
2026-07-15,P301,Region X,312,0
2026-07-15,P301,Region Y,282,0
2026-07-15,P301,Region Z,218,0
2026-07-15,P302,Region X,446,0
2026-07-15,P302,Region Y,440,0
2026-07-15,P302,Region Z,68,0
2026-07-15,P303,Region X,406,0
2026-07-15,P303,Region Y,308,0
2026-07-15,P303,Region Z,267,0
2026-07-15,P304,Region X,101,0
2026-07-15,P304,Region Y,392,0
2026-07-15,P304,Region Z,263,0
2026-07-15,P401,Region X,241,0
2026-07-15,P401,Region Y,195,0
2026-07-15,P401,Region Z,147,0
2026-07-15,P402,Region X,391,0
2026-07-15,P402,Region Y,204,0
2026-07-15,P402,Region Z,389,0
2026-07-15,P403,Region X,444,0
2026-07-15,P403,Region Y,235,0
2026-07-15,P403,Region Z,101,0
2026-07-16,P101,Region X,486,0
2026-07-16,P101,Region Y,178,0
2026-07-16,P101,Region Z,336,0
2026-07-16,P102,Region X,426,0
2026-07-16,P102,Region Y,454,0
2026-07-16,P102,Region Z,153,0
2026-07-16,P103,Region X,317,0
2026-07-16,P103,Region Y,66,0
2026-07-16,P103,Region Z,423,0
2026-07-16,P104,Region X,58,0
2026-07-16,P104,Region Y,332,0
2026-07-16,P104,Region Z,133,0
2026-07-16,P201,Region X,320,0
2026-07-16,P201,Region Y,105,0
2026-07-16,P201,Region Z,364,0
2026-07-16,P202,Region X,116,0
2026-07-16,P202,Region Y,269,0
2026-07-16,P202,Region Z,352,0
2026-07-16,P203,Region X,435,0
2026-07-16,P203,Region Y,111,0
2026-07-16,P203,Region Z,223,0
2026-07-16,P204,Region X,317,0
2026-07-16,P204,Region Y,228,0
2026-07-16,P204,Region Z,255,0
2026-07-16,P301,Region X,149,0
2026-07-16,P301,Region Y,169,0
2026-07-16,P301,Region Z,449,0
2026-07-16,P302,Region X,472,0
2026-07-16,P302,Region Y,353,0
2026-07-16,P302,Region Z,269,0
2026-07-16,P303,Region X,91,0
2026-07-16,P303,Region Y,242,0
2026-07-16,P303,Region Z,232,0
2026-07-16,P304,Region X,406,0
2026-07-16,P304,Region Y,379,0
2026-07-16,P304,Region Z,250,0
2026-07-16,P401,Region X,304,0
2026-07-16,P401,Region Y,309,0
2026-07-16,P401,Region Z,128,0
2026-07-16,P402,Region X,312,0
2026-07-16,P402,Region Y,136,0
2026-07-16,P402,Region Z,234,0
2026-07-16,P403,Region X,342,0
2026-07-16,P403,Region Y,402,0
2026-07-16,P403,Region Z,336,0
2026-07-17,P101,Region X,254,0
2026-07-17,P101,Region Y,268,0
2026-07-17,P101,Region Z,102,0
2026-07-17,P102,Region X,312,0
2026-07-17,P102,Region Y,432,0
2026-07-17,P102,Region Z,136,0
2026-07-17,P103,Region X,221,0
2026-07-17,P103,Region Y,472,0
2026-07-17,P103,Region Z,365,0
2026-07-17,P104,Region X,460,0
2026-07-17,P104,Region Y,174,0
2026-07-17,P104,Region Z,75,0
2026-07-17,P201,Region X,464,0
2026-07-17,P201,Region Y,66,0
2026-07-17,P201,Region Z,69,0
2026-07-17,P202,Region X,285,0
2026-07-17,P202,Region Y,103,0
2026-07-17,P202,Region Z,324,0
2026-07-17,P203,Region X,320,0
2026-07-17,P203,Region Y,369,0
2026-07-17,P203,Region Z,495,0
2026-07-17,P204,Region X,138,0
2026-07-17,P204,Region Y,182,0
2026-07-17,P204,Region Z,123,0
2026-07-17,P301,Region X,492,0
2026-07-17,P301,Region Y,69,0
2026-07-17,P301,Region Z,482,0
2026-07-17,P302,Region X,393,0
2026-07-17,P302,Region Y,190,0
2026-07-17,P302,Region Z,426,0
2026-07-17,P303,Region X,147,0
2026-07-17,P303,Region Y,303,0
2026-07-17,P303,Region Z,147,0
2026-07-17,P304,Region X,289,0
2026-07-17,P304,Region Y,422,0
2026-07-17,P304,Region Z,141,0
2026-07-17,P401,Region X,57,0
2026-07-17,P401,Region Y,181,0
2026-07-17,P401,Region Z,54,0
2026-07-17,P402,Region X,240,0
2026-07-17,P402,Region Y,410,0
2026-07-17,P402,Region Z,499,0
2026-07-17,P403,Region X,155,0
2026-07-17,P403,Region Y,206,0
2026-07-17,P403,Region Z,260,0
2026-07-18,P101,Region X,411,0
2026-07-18,P101,Region Y,442,0
2026-07-18,P101,Region Z,429,0
2026-07-18,P102,Region X,91,0
2026-07-18,P102,Region Y,47,0
2026-07-18,P102,Region Z,191,0
2026-07-18,P103,Region X,183,0
2026-07-18,P103,Region Y,497,0
2026-07-18,P103,Region Z,175,0
2026-07-18,P104,Region X,248,0
2026-07-18,P104,Region Y,153,0
2026-07-18,P104,Region Z,482,0
2026-07-18,P201,Region X,137,0
2026-07-18,P201,Region Y,407,0
2026-07-18,P201,Region Z,406,0
2026-07-18,P202,Region X,324,0
2026-07-18,P202,Region Y,129,0
2026-07-18,P202,Region Z,498,0
2026-07-18,P203,Region X,386,0
2026-07-18,P203,Region Y,455,0
2026-07-18,P203,Region Z,365,0
2026-07-18,P204,Region X,465,0
2026-07-18,P204,Region Y,325,0
2026-07-18,P204,Region Z,253,0
2026-07-18,P301,Region X,55,0
2026-07-18,P301,Region Y,98,0
2026-07-18,P301,Region Z,197,0
2026-07-18,P302,Region X,118,0
2026-07-18,P302,Region Y,403,0
2026-07-18,P302,Region Z,141,0
2026-07-18,P303,Region X,160,0
2026-07-18,P303,Region Y,202,0
2026-07-18,P303,Region Z,135,0
2026-07-18,P304,Region X,344,0
2026-07-18,P304,Region Y,156,0
2026-07-18,P304,Region Z,368,0
2026-07-18,P401,Region X,228,0
2026-07-18,P401,Region Y,269,0
2026-07-18,P401,Region Z,388,0
2026-07-18,P402,Region X,295,0
2026-07-18,P402,Region Y,242,0
2026-07-18,P402,Region Z,296,0
2026-07-18,P403,Region X,188,0
2026-07-18,P403,Region Y,183,0
2026-07-18,P403,Region Z,330,0
2026-07-19,P101,Region X,461,0
2026-07-19,P101,Region Y,82,0
2026-07-19,P101,Region Z,232,0
2026-07-19,P102,Region X,383,0
2026-07-19,P102,Region Y,63,0
2026-07-19,P102,Region Z,432,0
2026-07-19,P103,Region X,334,0
2026-07-19,P103,Region Y,173,0
2026-07-19,P103,Region Z,430,0
2026-07-19,P104,Region X,94,0
2026-07-19,P104,Region Y,238,0
2026-07-19,P104,Region Z,199,0
2026-07-19,P201,Region X,451,0
2026-07-19,P201,Region Y,62,0
2026-07-19,P201,Region Z,254,0
2026-07-19,P202,Region X,445,0
2026-07-19,P202,Region Y,170,0
2026-07-19,P202,Region Z,317,0
2026-07-19,P203,Region X,311,0
2026-07-19,P203,Region Y,237,0
2026-07-19,P203,Region Z,306,0
2026-07-19,P204,Region X,313,0
2026-07-19,P204,Region Y,451,0
2026-07-19,P204,Region Z,470,0
2026-07-19,P301,Region X,251,0
2026-07-19,P301,Region Y,169,0
2026-07-19,P301,Region Z,391,0
2026-07-19,P302,Region X,282,0
2026-07-19,P302,Region Y,365,0
2026-07-19,P302,Region Z,93,0
2026-07-19,P303,Region X,343,0
2026-07-19,P303,Region Y,226,0
2026-07-19,P303,Region Z,87,0
2026-07-19,P304,Region X,277,0
2026-07-19,P304,Region Y,104,0
2026-07-19,P304,Region Z,215,0
2026-07-19,P401,Region X,248,0
2026-07-19,P401,Region Y,329,0
2026-07-19,P401,Region Z,247,0
2026-07-19,P402,Region X,132,0
2026-07-19,P402,Region Y,399,0
2026-07-19,P402,Region Z,256,0
2026-07-19,P403,Region X,382,0
2026-07-19,P403,Region Y,105,0
2026-07-19,P403,Region Z,160,0
2026-07-20,P101,Region X,418,0
2026-07-20,P101,Region Y,344,0
2026-07-20,P101,Region Z,429,0
2026-07-20,P102,Region X,317,0
2026-07-20,P102,Region Y,306,0
2026-07-20,P102,Region Z,250,0
2026-07-20,P103,Region X,130,0
2026-07-20,P103,Region Y,448,0
2026-07-20,P103,Region Z,362,0
2026-07-20,P104,Region X,330,0
2026-07-20,P104,Region Y,301,0
2026-07-20,P104,Region Z,173,0
2026-07-20,P201,Region X,309,0
2026-07-20,P201,Region Y,355,0
2026-07-20,P201,Region Z,248,0
2026-07-20,P202,Region X,415,0
2026-07-20,P202,Region Y,486,0
2026-07-20,P202,Region Z,112,0
2026-07-20,P203,Region X,391,0
2026-07-20,P203,Region Y,194,0
2026-07-20,P203,Region Z,375,0
2026-07-20,P204,Region X,64,0
2026-07-20,P204,Region Y,253,0
2026-07-20,P204,Region Z,170,0
2026-07-20,P301,Region X,58,0
2026-07-20,P301,Region Y,421,0
2026-07-20,P301,Region Z,290,0
2026-07-20,P302,Region X,228,0
2026-07-20,P302,Region Y,155,0
2026-07-20,P302,Region Z,217,0
2026-07-20,P303,Region X,237,0
2026-07-20,P303,Region Y,272,0
2026-07-20,P303,Region Z,268,0
2026-07-20,P304,Region X,70,0
2026-07-20,P304,Region Y,289,0
2026-07-20,P304,Region Z,385,0
2026-07-20,P401,Region X,176,0
2026-07-20,P401,Region Y,260,0
2026-07-20,P401,Region Z,174,0
2026-07-20,P402,Region X,359,0
2026-07-20,P402,Region Y,137,0
2026-07-20,P402,Region Z,452,0
2026-07-20,P403,Region X,358,0
2026-07-20,P403,Region Y,422,0
2026-07-20,P403,Region Z,88,0
2026-07-21,P101,Region X,329,0
2026-07-21,P101,Region Y,285,0
2026-07-21,P101,Region Z,415,0
2026-07-21,P102,Region X,458,0
2026-07-21,P102,Region Y,195,0
2026-07-21,P102,Region Z,313,0
2026-07-21,P103,Region X,124,0
2026-07-21,P103,Region Y,156,0
2026-07-21,P103,Region Z,353,0
2026-07-21,P104,Region X,71,0
2026-07-21,P104,Region Y,499,0
2026-07-21,P104,Region Z,435,0
2026-07-21,P201,Region X,347,0
2026-07-21,P201,Region Y,405,0
2026-07-21,P201,Region Z,138,0
2026-07-21,P202,Region X,306,0
2026-07-21,P202,Region Y,64,0
2026-07-21,P202,Region Z,462,0
2026-07-21,P203,Region X,110,0
2026-07-21,P203,Region Y,280,0
2026-07-21,P203,Region Z,65,0
2026-07-21,P204,Region X,164,0
2026-07-21,P204,Region Y,221,0
2026-07-21,P204,Region Z,481,0
2026-07-21,P301,Region X,394,0
2026-07-21,P301,Region Y,491,0
2026-07-21,P301,Region Z,67,0
2026-07-21,P302,Region X,220,0
2026-07-21,P302,Region Y,161,0
2026-07-21,P302,Region Z,162,0
2026-07-21,P303,Region X,349,0
2026-07-21,P303,Region Y,384,0
2026-07-21,P303,Region Z,129,0
2026-07-21,P304,Region X,438,0
2026-07-21,P304,Region Y,115,0
2026-07-21,P304,Region Z,243,0
2026-07-21,P401,Region X,132,0
2026-07-21,P401,Region Y,154,0
2026-07-21,P401,Region Z,69,0
2026-07-21,P402,Region X,203,0
2026-07-21,P402,Region Y,255,0
2026-07-21,P402,Region Z,499,0
2026-07-21,P403,Region X,332,0
2026-07-21,P403,Region Y,404,0
2026-07-21,P403,Region Z,392,0
2026-07-22,P101,Region X,243,0
2026-07-22,P101,Region Y,100,0
2026-07-22,P101,Region Z,486,0
2026-07-22,P102,Region X,260,0
2026-07-22,P102,Region Y,427,0
2026-07-22,P102,Region Z,77,0
2026-07-22,P103,Region X,442,0
2026-07-22,P103,Region Y,461,0
2026-07-22,P103,Region Z,487,0
2026-07-22,P104,Region X,293,0
2026-07-22,P104,Region Y,274,0
2026-07-22,P104,Region Z,180,0
2026-07-22,P201,Region X,192,0
2026-07-22,P201,Region Y,137,0
2026-07-22,P201,Region Z,204,0
2026-07-22,P202,Region X,102,0
2026-07-22,P202,Region Y,434,0
2026-07-22,P202,Region Z,413,0
2026-07-22,P203,Region X,145,0
2026-07-22,P203,Region Y,193,0
2026-07-22,P203,Region Z,341,0
2026-07-22,P204,Region X,411,0
2026-07-22,P204,Region Y,390,0
2026-07-22,P204,Region Z,462,0
2026-07-22,P301,Region X,396,0
2026-07-22,P301,Region Y,176,0
2026-07-22,P301,Region Z,223,0
2026-07-22,P302,Region X,291,0
2026-07-22,P302,Region Y,217,0
2026-07-22,P302,Region Z,73,0
2026-07-22,P303,Region X,143,0
2026-07-22,P303,Region Y,129,0
2026-07-22,P303,Region Z,327,0
2026-07-22,P304,Region X,224,0
2026-07-22,P304,Region Y,328,0
2026-07-22,P304,Region Z,430,0
2026-07-22,P401,Region X,380,0
2026-07-22,P401,Region Y,399,0
2026-07-22,P401,Region Z,161,0
2026-07-22,P402,Region X,181,0
2026-07-22,P402,Region Y,407,0
2026-07-22,P402,Region Z,163,0
2026-07-22,P403,Region X,225,0
2026-07-22,P403,Region Y,48,0
2026-07-22,P403,Region Z,252,0
2026-07-23,P101,Region X,276,0
2026-07-23,P101,Region Y,428,0
2026-07-23,P101,Region Z,46,0
2026-07-23,P102,Region X,119,0
2026-07-23,P102,Region Y,186,0
2026-07-23,P102,Region Z,198,0
2026-07-23,P103,Region X,389,0
2026-07-23,P103,Region Y,343,0
2026-07-23,P103,Region Z,378,0
2026-07-23,P104,Region X,390,0
2026-07-23,P104,Region Y,202,0
2026-07-23,P104,Region Z,147,0
2026-07-23,P201,Region X,62,0
2026-07-23,P201,Region Y,145,0
2026-07-23,P201,Region Z,379,0
2026-07-23,P202,Region X,419,0
2026-07-23,P202,Region Y,139,0
2026-07-23,P202,Region Z,210,0
2026-07-23,P203,Region X,365,0
2026-07-23,P203,Region Y,123,0
2026-07-23,P203,Region Z,275,0
2026-07-23,P204,Region X,358,0
2026-07-23,P204,Region Y,272,0
2026-07-23,P204,Region Z,429,0
2026-07-23,P301,Region X,84,0
2026-07-23,P301,Region Y,196,0
2026-07-23,P301,Region Z,363,0
2026-07-23,P302,Region X,368,0
2026-07-23,P302,Region Y,273,0
2026-07-23,P302,Region Z,466,0
2026-07-23,P303,Region X,253,0
2026-07-23,P303,Region Y,238,0
2026-07-23,P303,Region Z,154,0
2026-07-23,P304,Region X,140,0
2026-07-23,P304,Region Y,216,0
2026-07-23,P304,Region Z,429,0
2026-07-23,P401,Region X,45,0
2026-07-23,P401,Region Y,370,0
2026-07-23,P401,Region Z,481,0
2026-07-23,P402,Region X,297,0
2026-07-23,P402,Region Y,452,0
2026-07-23,P402,Region Z,146,0
2026-07-23,P403,Region X,217,0
2026-07-23,P403,Region Y,427,0
2026-07-23,P403,Region Z,96,0
2026-07-24,P101,Region X,162,0
2026-07-24,P101,Region Y,428,0
2026-07-24,P101,Region Z,438,0
2026-07-24,P102,Region X,313,0
2026-07-24,P102,Region Y,110,0
2026-07-24,P102,Region Z,386,0
2026-07-24,P103,Region X,311,0
2026-07-24,P103,Region Y,153,0
2026-07-24,P103,Region Z,195,0
2026-07-24,P104,Region X,74,0
2026-07-24,P104,Region Y,187,0
2026-07-24,P104,Region Z,157,0
2026-07-24,P201,Region X,52,0
2026-07-24,P201,Region Y,163,0
2026-07-24,P201,Region Z,449,0
2026-07-24,P202,Region X,290,0
2026-07-24,P202,Region Y,475,0
2026-07-24,P202,Region Z,229,0
2026-07-24,P203,Region X,124,0
2026-07-24,P203,Region Y,79,0
2026-07-24,P203,Region Z,92,0
2026-07-24,P204,Region X,289,0
2026-07-24,P204,Region Y,182,0
2026-07-24,P204,Region Z,185,0
2026-07-24,P301,Region X,174,0
2026-07-24,P301,Region Y,429,0
2026-07-24,P301,Region Z,364,0
2026-07-24,P302,Region X,370,0
2026-07-24,P302,Region Y,167,0
2026-07-24,P302,Region Z,342,0
2026-07-24,P303,Region X,208,0
2026-07-24,P303,Region Y,181,0
2026-07-24,P303,Region Z,240,0
2026-07-24,P304,Region X,333,0
2026-07-24,P304,Region Y,370,0
2026-07-24,P304,Region Z,413,0
2026-07-24,P401,Region X,489,0
2026-07-24,P401,Region Y,253,0
2026-07-24,P401,Region Z,72,0
2026-07-24,P402,Region X,216,0
2026-07-24,P402,Region Y,60,0
2026-07-24,P402,Region Z,278,0
2026-07-24,P403,Region X,297,0
2026-07-24,P403,Region Y,149,0
2026-07-24,P403,Region Z,232,0
2026-07-25,P101,Region X,268,0
2026-07-25,P101,Region Y,262,0
2026-07-25,P101,Region Z,329,0
2026-07-25,P102,Region X,249,0
2026-07-25,P102,Region Y,91,0
2026-07-25,P102,Region Z,395,0
2026-07-25,P103,Region X,388,0
2026-07-25,P103,Region Y,68,0
2026-07-25,P103,Region Z,178,0
2026-07-25,P104,Region X,403,0
2026-07-25,P104,Region Y,245,0
2026-07-25,P104,Region Z,222,0
2026-07-25,P201,Region X,345,0
2026-07-25,P201,Region Y,389,0
2026-07-25,P201,Region Z,464,0
2026-07-25,P202,Region X,427,0
2026-07-25,P202,Region Y,99,0
2026-07-25,P202,Region Z,346,0
2026-07-25,P203,Region X,76,0
2026-07-25,P203,Region Y,339,0
2026-07-25,P203,Region Z,271,0
2026-07-25,P204,Region X,267,0
2026-07-25,P204,Region Y,443,0
2026-07-25,P204,Region Z,405,0
2026-07-25,P301,Region X,441,0
2026-07-25,P301,Region Y,86,0
2026-07-25,P301,Region Z,461,0
2026-07-25,P302,Region X,151,0
2026-07-25,P302,Region Y,353,0
2026-07-25,P302,Region Z,404,0
2026-07-25,P303,Region X,126,0
2026-07-25,P303,Region Y,111,0
2026-07-25,P303,Region Z,481,0
2026-07-25,P304,Region X,179,0
2026-07-25,P304,Region Y,253,0
2026-07-25,P304,Region Z,163,0
2026-07-25,P401,Region X,489,0
2026-07-25,P401,Region Y,122,0
2026-07-25,P401,Region Z,43,0
2026-07-25,P402,Region X,69,0
2026-07-25,P402,Region Y,216,0
2026-07-25,P402,Region Z,72,0
2026-07-25,P403,Region X,396,0
2026-07-25,P403,Region Y,448,0
2026-07-25,P403,Region Z,46,0
2026-07-26,P101,Region X,214,0
2026-07-26,P101,Region Y,474,0
2026-07-26,P101,Region Z,263,0
2026-07-26,P102,Region X,343,0
2026-07-26,P102,Region Y,178,0
2026-07-26,P102,Region Z,306,0
2026-07-26,P103,Region X,188,0
2026-07-26,P103,Region Y,221,0
2026-07-26,P103,Region Z,190,0
2026-07-26,P104,Region X,312,0
2026-07-26,P104,Region Y,466,0
2026-07-26,P104,Region Z,71,0
2026-07-26,P201,Region X,492,0
2026-07-26,P201,Region Y,472,0
2026-07-26,P201,Region Z,325,0
2026-07-26,P202,Region X,377,0
2026-07-26,P202,Region Y,320,0
2026-07-26,P202,Region Z,400,0
2026-07-26,P203,Region X,297,0
2026-07-26,P203,Region Y,406,0
2026-07-26,P203,Region Z,345,0
2026-07-26,P204,Region X,214,0
2026-07-26,P204,Region Y,320,0
2026-07-26,P204,Region Z,359,0
2026-07-26,P301,Region X,160,0
2026-07-26,P301,Region Y,320,0
2026-07-26,P301,Region Z,328,0
2026-07-26,P302,Region X,471,0
2026-07-26,P302,Region Y,281,0
2026-07-26,P302,Region Z,451,0
2026-07-26,P303,Region X,133,0
2026-07-26,P303,Region Y,180,0
2026-07-26,P303,Region Z,281,0
2026-07-26,P304,Region X,356,0
2026-07-26,P304,Region Y,298,0
2026-07-26,P304,Region Z,347,0
2026-07-26,P401,Region X,327,0
2026-07-26,P401,Region Y,268,0
2026-07-26,P401,Region Z,155,0
2026-07-26,P402,Region X,150,0
2026-07-26,P402,Region Y,162,0
2026-07-26,P402,Region Z,356,0
2026-07-26,P403,Region X,156,0
2026-07-26,P403,Region Y,121,0
2026-07-26,P403,Region Z,444,0
2026-07-27,P101,Region X,153,0
2026-07-27,P101,Region Y,319,0
2026-07-27,P101,Region Z,404,0
2026-07-27,P102,Region X,212,0
2026-07-27,P102,Region Y,328,0
2026-07-27,P102,Region Z,443,0
2026-07-27,P103,Region X,371,0
2026-07-27,P103,Region Y,382,0
2026-07-27,P103,Region Z,117,0
2026-07-27,P104,Region X,189,0
2026-07-27,P104,Region Y,210,0
2026-07-27,P104,Region Z,334,0
2026-07-27,P201,Region X,316,0
2026-07-27,P201,Region Y,387,0
2026-07-27,P201,Region Z,165,0
2026-07-27,P202,Region X,185,0
2026-07-27,P202,Region Y,253,0
2026-07-27,P202,Region Z,363,0
2026-07-27,P203,Region X,486,0
2026-07-27,P203,Region Y,279,0
2026-07-27,P203,Region Z,240,0
2026-07-27,P204,Region X,473,0
2026-07-27,P204,Region Y,349,0
2026-07-27,P204,Region Z,452,0
2026-07-27,P301,Region X,307,0
2026-07-27,P301,Region Y,315,0
2026-07-27,P301,Region Z,485,0
2026-07-27,P302,Region X,241,0
2026-07-27,P302,Region Y,132,0
2026-07-27,P302,Region Z,331,0
2026-07-27,P303,Region X,225,0
2026-07-27,P303,Region Y,178,0
2026-07-27,P303,Region Z,382,0
2026-07-27,P304,Region X,274,0
2026-07-27,P304,Region Y,479,0
2026-07-27,P304,Region Z,386,0
2026-07-27,P401,Region X,175,0
2026-07-27,P401,Region Y,205,0
2026-07-27,P401,Region Z,189,0
2026-07-27,P402,Region X,490,0
2026-07-27,P402,Region Y,384,0
2026-07-27,P402,Region Z,351,0
2026-07-27,P403,Region X,452,0
2026-07-27,P403,Region Y,112,0
2026-07-27,P403,Region Z,498,0
2026-07-28,P101,Region X,496,0
2026-07-28,P101,Region Y,455,0
2026-07-28,P101,Region Z,478,0
2026-07-28,P102,Region X,181,0
2026-07-28,P102,Region Y,98,0
2026-07-28,P102,Region Z,177,0
2026-07-28,P103,Region X,134,0
2026-07-28,P103,Region Y,144,0
2026-07-28,P103,Region Z,77,0
2026-07-28,P104,Region X,142,0
2026-07-28,P104,Region Y,153,0
2026-07-28,P104,Region Z,234,0
2026-07-28,P201,Region X,204,0
2026-07-28,P201,Region Y,163,0
2026-07-28,P201,Region Z,75,0
2026-07-28,P202,Region X,225,0
2026-07-28,P202,Region Y,143,0
2026-07-28,P202,Region Z,450,0
2026-07-28,P203,Region X,182,0
2026-07-28,P203,Region Y,351,0
2026-07-28,P203,Region Z,464,0
2026-07-28,P204,Region X,201,0
2026-07-28,P204,Region Y,414,0
2026-07-28,P204,Region Z,228,0
2026-07-28,P301,Region X,290,0
2026-07-28,P301,Region Y,274,0
2026-07-28,P301,Region Z,248,0
2026-07-28,P302,Region X,378,0
2026-07-28,P302,Region Y,363,0
2026-07-28,P302,Region Z,203,0
2026-07-28,P303,Region X,351,0
2026-07-28,P303,Region Y,494,0
2026-07-28,P303,Region Z,353,0
2026-07-28,P304,Region X,247,0
2026-07-28,P304,Region Y,329,0
2026-07-28,P304,Region Z,371,0
2026-07-28,P401,Region X,175,0
2026-07-28,P401,Region Y,264,0
2026-07-28,P401,Region Z,131,0
2026-07-28,P402,Region X,174,0
2026-07-28,P402,Region Y,398,0
2026-07-28,P402,Region Z,79,0
2026-07-28,P403,Region X,131,0
2026-07-28,P403,Region Y,158,0
2026-07-28,P403,Region Z,224,0
2026-07-29,P101,Region X,45,0
2026-07-29,P101,Region Y,481,0
2026-07-29,P101,Region Z,275,0
2026-07-29,P102,Region X,97,0
2026-07-29,P102,Region Y,406,0
2026-07-29,P102,Region Z,115,0
2026-07-29,P103,Region X,244,0
2026-07-29,P103,Region Y,276,0
2026-07-29,P103,Region Z,388,0
2026-07-29,P104,Region X,45,0
2026-07-29,P104,Region Y,307,0
2026-07-29,P104,Region Z,486,0
2026-07-29,P201,Region X,395,0
2026-07-29,P201,Region Y,369,0
2026-07-29,P201,Region Z,303,0
2026-07-29,P202,Region X,229,0
2026-07-29,P202,Region Y,203,0
2026-07-29,P202,Region Z,72,0
2026-07-29,P203,Region X,133,0
2026-07-29,P203,Region Y,93,0
2026-07-29,P203,Region Z,477,0
2026-07-29,P204,Region X,422,0
2026-07-29,P204,Region Y,83,0
2026-07-29,P204,Region Z,324,0
2026-07-29,P301,Region X,448,0
2026-07-29,P301,Region Y,424,0
2026-07-29,P301,Region Z,369,0
2026-07-29,P302,Region X,438,0
2026-07-29,P302,Region Y,68,0
2026-07-29,P302,Region Z,40,0
2026-07-29,P303,Region X,382,0
2026-07-29,P303,Region Y,218,0
2026-07-29,P303,Region Z,432,0
2026-07-29,P304,Region X,85,0
2026-07-29,P304,Region Y,473,0
2026-07-29,P304,Region Z,444,0
2026-07-29,P401,Region X,287,0
2026-07-29,P401,Region Y,97,0
2026-07-29,P401,Region Z,133,0
2026-07-29,P402,Region X,222,0
2026-07-29,P402,Region Y,334,0
2026-07-29,P402,Region Z,163,0
2026-07-29,P403,Region X,260,0
2026-07-29,P403,Region Y,469,0
2026-07-29,P403,Region Z,183,0
2026-07-30,P101,Region X,84,0
2026-07-30,P101,Region Y,302,0
2026-07-30,P101,Region Z,80,0
2026-07-30,P102,Region X,482,0
2026-07-30,P102,Region Y,179,0
2026-07-30,P102,Region Z,75,0
2026-07-30,P103,Region X,107,0
2026-07-30,P103,Region Y,97,0
2026-07-30,P103,Region Z,400,0
2026-07-30,P104,Region X,129,0
2026-07-30,P104,Region Y,395,0
2026-07-30,P104,Region Z,395,0
2026-07-30,P201,Region X,474,0
2026-07-30,P201,Region Y,363,0
2026-07-30,P201,Region Z,293,0
2026-07-30,P202,Region X,164,0
2026-07-30,P202,Region Y,227,0
2026-07-30,P202,Region Z,496,0
2026-07-30,P203,Region X,373,0
2026-07-30,P203,Region Y,291,0
2026-07-30,P203,Region Z,206,0
2026-07-30,P204,Region X,71,0
2026-07-30,P204,Region Y,431,0
2026-07-30,P204,Region Z,470,0
2026-07-30,P301,Region X,382,0
2026-07-30,P301,Region Y,80,0
2026-07-30,P301,Region Z,324,0
2026-07-30,P302,Region X,199,0
2026-07-30,P302,Region Y,467,0
2026-07-30,P302,Region Z,88,0
2026-07-30,P303,Region X,395,0
2026-07-30,P303,Region Y,194,0
2026-07-30,P303,Region Z,65,0
2026-07-30,P304,Region X,126,0
2026-07-30,P304,Region Y,151,0
2026-07-30,P304,Region Z,112,0
2026-07-30,P401,Region X,347,0
2026-07-30,P401,Region Y,249,0
2026-07-30,P401,Region Z,290,0
2026-07-30,P402,Region X,120,0
2026-07-30,P402,Region Y,382,0
2026-07-30,P402,Region Z,482,0
2026-07-30,P403,Region X,182,0
2026-07-30,P403,Region Y,474,0
2026-07-30,P403,Region Z,329,0
2026-07-31,P101,Region X,128,0
2026-07-31,P101,Region Y,169,0
2026-07-31,P101,Region Z,373,0
2026-07-31,P102,Region X,387,0
2026-07-31,P102,Region Y,184,0
2026-07-31,P102,Region Z,131,0
2026-07-31,P103,Region X,213,0
2026-07-31,P103,Region Y,235,0
2026-07-31,P103,Region Z,116,0
2026-07-31,P104,Region X,170,0
2026-07-31,P104,Region Y,476,0
2026-07-31,P104,Region Z,216,0
2026-07-31,P201,Region X,138,0
2026-07-31,P201,Region Y,234,0
2026-07-31,P201,Region Z,273,0
2026-07-31,P202,Region X,394,0
2026-07-31,P202,Region Y,309,0
2026-07-31,P202,Region Z,264,0
2026-07-31,P203,Region X,156,0
2026-07-31,P203,Region Y,349,0
2026-07-31,P203,Region Z,476,0
2026-07-31,P204,Region X,285,0
2026-07-31,P204,Region Y,102,0
2026-07-31,P204,Region Z,460,0
2026-07-31,P301,Region X,402,0
2026-07-31,P301,Region Y,170,0
2026-07-31,P301,Region Z,436,0
2026-07-31,P302,Region X,434,0
2026-07-31,P302,Region Y,403,0
2026-07-31,P302,Region Z,184,0
2026-07-31,P303,Region X,127,0
2026-07-31,P303,Region Y,221,0
2026-07-31,P303,Region Z,361,0
2026-07-31,P304,Region X,437,0
2026-07-31,P304,Region Y,484,0
2026-07-31,P304,Region Z,342,0
2026-07-31,P401,Region X,204,0
2026-07-31,P401,Region Y,63,0
2026-07-31,P401,Region Z,46,0
2026-07-31,P402,Region X,64,0
2026-07-31,P402,Region Y,192,0
2026-07-31,P402,Region Z,122,0
2026-07-31,P403,Region X,461,0
2026-07-31,P403,Region Y,343,0
2026-07-31,P403,Region Z,274,0
2026-08-01,P101,Region X,485,0
2026-08-01,P101,Region Y,106,0
2026-08-01,P101,Region Z,146,0
2026-08-01,P102,Region X,254,0
2026-08-01,P102,Region Y,344,0
2026-08-01,P102,Region Z,391,0
2026-08-01,P103,Region X,196,0
2026-08-01,P103,Region Y,55,0
2026-08-01,P103,Region Z,221,0
2026-08-01,P104,Region X,444,0
2026-08-01,P104,Region Y,169,0
2026-08-01,P104,Region Z,366,0
2026-08-01,P201,Region X,87,0
2026-08-01,P201,Region Y,99,0
2026-08-01,P201,Region Z,281,0
2026-08-01,P202,Region X,211,0
2026-08-01,P202,Region Y,377,0
2026-08-01,P202,Region Z,162,0
2026-08-01,P203,Region X,396,0
2026-08-01,P203,Region Y,324,0
2026-08-01,P203,Region Z,151,0
2026-08-01,P204,Region X,158,0
2026-08-01,P204,Region Y,45,0
2026-08-01,P204,Region Z,476,0
2026-08-01,P301,Region X,81,0
2026-08-01,P301,Region Y,401,0
2026-08-01,P301,Region Z,467,0
2026-08-01,P302,Region X,74,0
2026-08-01,P302,Region Y,81,0
2026-08-01,P302,Region Z,325,0
2026-08-01,P303,Region X,306,0
2026-08-01,P303,Region Y,145,0
2026-08-01,P303,Region Z,149,0
2026-08-01,P304,Region X,484,0
2026-08-01,P304,Region Y,138,0
2026-08-01,P304,Region Z,361,0
2026-08-01,P401,Region X,242,0
2026-08-01,P401,Region Y,226,0
2026-08-01,P401,Region Z,491,0
2026-08-01,P402,Region X,456,0
2026-08-01,P402,Region Y,66,0
2026-08-01,P402,Region Z,269,0
2026-08-01,P403,Region X,120,0
2026-08-01,P403,Region Y,50,0
2026-08-01,P403,Region Z,388,0
2026-08-02,P101,Region X,358,0
2026-08-02,P101,Region Y,298,0
2026-08-02,P101,Region Z,144,0
2026-08-02,P102,Region X,147,0
2026-08-02,P102,Region Y,436,0
2026-08-02,P102,Region Z,455,0
2026-08-02,P103,Region X,233,0
2026-08-02,P103,Region Y,493,0
2026-08-02,P103,Region Z,462,0
2026-08-02,P104,Region X,276,0
2026-08-02,P104,Region Y,448,0
2026-08-02,P104,Region Z,411,0
2026-08-02,P201,Region X,478,0
2026-08-02,P201,Region Y,184,0
2026-08-02,P201,Region Z,74,0
2026-08-02,P202,Region X,360,0
2026-08-02,P202,Region Y,169,0
2026-08-02,P202,Region Z,139,0
2026-08-02,P203,Region X,132,0
2026-08-02,P203,Region Y,51,0
2026-08-02,P203,Region Z,97,0
2026-08-02,P204,Region X,234,0
2026-08-02,P204,Region Y,495,0
2026-08-02,P204,Region Z,86,0
2026-08-02,P301,Region X,439,0
2026-08-02,P301,Region Y,178,0
2026-08-02,P301,Region Z,427,0
2026-08-02,P302,Region X,177,0
2026-08-02,P302,Region Y,412,0
2026-08-02,P302,Region Z,343,0
2026-08-02,P303,Region X,81,0
2026-08-02,P303,Region Y,459,0
2026-08-02,P303,Region Z,185,0
2026-08-02,P304,Region X,294,0
2026-08-02,P304,Region Y,375,0
2026-08-02,P304,Region Z,204,0
2026-08-02,P401,Region X,64,0
2026-08-02,P401,Region Y,361,0
2026-08-02,P401,Region Z,269,0
2026-08-02,P402,Region X,313,0
2026-08-02,P402,Region Y,284,0
2026-08-02,P402,Region Z,352,0
2026-08-02,P403,Region X,98,0
2026-08-02,P403,Region Y,323,0
2026-08-02,P403,Region Z,136,0
2026-08-03,P101,Region X,445,0
2026-08-03,P101,Region Y,128,0
2026-08-03,P101,Region Z,128,0
2026-08-03,P102,Region X,328,0
2026-08-03,P102,Region Y,240,0
2026-08-03,P102,Region Z,100,0
2026-08-03,P103,Region X,259,0
2026-08-03,P103,Region Y,271,0
2026-08-03,P103,Region Z,425,0
2026-08-03,P104,Region X,131,0
2026-08-03,P104,Region Y,433,0
2026-08-03,P104,Region Z,129,0
2026-08-03,P201,Region X,60,0
2026-08-03,P201,Region Y,414,0
2026-08-03,P201,Region Z,220,0
2026-08-03,P202,Region X,289,0
2026-08-03,P202,Region Y,215,0
2026-08-03,P202,Region Z,248,0
2026-08-03,P203,Region X,126,0
2026-08-03,P203,Region Y,86,0
2026-08-03,P203,Region Z,338,0
2026-08-03,P204,Region X,326,0
2026-08-03,P204,Region Y,168,0
2026-08-03,P204,Region Z,53,0
2026-08-03,P301,Region X,248,0
2026-08-03,P301,Region Y,70,0
2026-08-03,P301,Region Z,479,0
2026-08-03,P302,Region X,365,0
2026-08-03,P302,Region Y,192,0
2026-08-03,P302,Region Z,98,0
2026-08-03,P303,Region X,100,0
2026-08-03,P303,Region Y,472,0
2026-08-03,P303,Region Z,456,0
2026-08-03,P304,Region X,254,0
2026-08-03,P304,Region Y,61,0
2026-08-03,P304,Region Z,157,0
2026-08-03,P401,Region X,447,0
2026-08-03,P401,Region Y,114,0
2026-08-03,P401,Region Z,208,0
2026-08-03,P402,Region X,448,0
2026-08-03,P402,Region Y,49,0
2026-08-03,P402,Region Z,152,0
2026-08-03,P403,Region X,354,0
2026-08-03,P403,Region Y,177,0
2026-08-03,P403,Region Z,214,0
2026-08-04,P101,Region X,132,0
2026-08-04,P101,Region Y,385,0
2026-08-04,P101,Region Z,131,0
2026-08-04,P102,Region X,229,0
2026-08-04,P102,Region Y,406,0
2026-08-04,P102,Region Z,270,0
2026-08-04,P103,Region X,55,0
2026-08-04,P103,Region Y,427,0
2026-08-04,P103,Region Z,314,0
2026-08-04,P104,Region X,381,0
2026-08-04,P104,Region Y,213,0
2026-08-04,P104,Region Z,113,0
2026-08-04,P201,Region X,447,0
2026-08-04,P201,Region Y,277,0
2026-08-04,P201,Region Z,97,0
2026-08-04,P202,Region X,227,0
2026-08-04,P202,Region Y,55,0
2026-08-04,P202,Region Z,178,0
2026-08-04,P203,Region X,496,0
2026-08-04,P203,Region Y,493,0
2026-08-04,P203,Region Z,109,0
2026-08-04,P204,Region X,71,0
2026-08-04,P204,Region Y,53,0
2026-08-04,P204,Region Z,83,0
2026-08-04,P301,Region X,66,0
2026-08-04,P301,Region Y,250,0
2026-08-04,P301,Region Z,204,0
2026-08-04,P302,Region X,387,0
2026-08-04,P302,Region Y,346,0
2026-08-04,P302,Region Z,159,0
2026-08-04,P303,Region X,252,0
2026-08-04,P303,Region Y,220,0
2026-08-04,P303,Region Z,219,0
2026-08-04,P304,Region X,122,0
2026-08-04,P304,Region Y,351,0
2026-08-04,P304,Region Z,300,0
2026-08-04,P401,Region X,454,0
2026-08-04,P401,Region Y,98,0
2026-08-04,P401,Region Z,74,0
2026-08-04,P402,Region X,422,0
2026-08-04,P402,Region Y,318,0
2026-08-04,P402,Region Z,195,0
2026-08-04,P403,Region X,116,0
2026-08-04,P403,Region Y,375,0
2026-08-04,P403,Region Z,136,0
2026-08-05,P101,Region X,371,0
2026-08-05,P101,Region Y,466,0
2026-08-05,P101,Region Z,458,0
2026-08-05,P102,Region X,332,0
2026-08-05,P102,Region Y,180,0
2026-08-05,P102,Region Z,101,0
2026-08-05,P103,Region X,197,0
2026-08-05,P103,Region Y,96,0
2026-08-05,P103,Region Z,486,0
2026-08-05,P104,Region X,248,0
2026-08-05,P104,Region Y,194,0
2026-08-05,P104,Region Z,102,0
2026-08-05,P201,Region X,106,0
2026-08-05,P201,Region Y,94,0
2026-08-05,P201,Region Z,433,0
2026-08-05,P202,Region X,355,0
2026-08-05,P202,Region Y,159,0
2026-08-05,P202,Region Z,473,0
2026-08-05,P203,Region X,315,0
2026-08-05,P203,Region Y,159,0
2026-08-05,P203,Region Z,187,0
2026-08-05,P204,Region X,84,0
2026-08-05,P204,Region Y,363,0
2026-08-05,P204,Region Z,497,0
2026-08-05,P301,Region X,84,0
2026-08-05,P301,Region Y,483,0
2026-08-05,P301,Region Z,496,0
2026-08-05,P302,Region X,487,0
2026-08-05,P302,Region Y,148,0
2026-08-05,P302,Region Z,450,0
2026-08-05,P303,Region X,361,0
2026-08-05,P303,Region Y,103,0
2026-08-05,P303,Region Z,277,0
2026-08-05,P304,Region X,369,0
2026-08-05,P304,Region Y,445,0
2026-08-05,P304,Region Z,158,0
2026-08-05,P401,Region X,160,0
2026-08-05,P401,Region Y,175,0
2026-08-05,P401,Region Z,129,0
2026-08-05,P402,Region X,205,0
2026-08-05,P402,Region Y,318,0
2026-08-05,P402,Region Z,389,0
2026-08-05,P403,Region X,494,0
2026-08-05,P403,Region Y,304,0
2026-08-05,P403,Region Z,476,0
2026-08-06,P101,Region X,209,0
2026-08-06,P101,Region Y,152,0
2026-08-06,P101,Region Z,207,0
2026-08-06,P102,Region X,81,0
2026-08-06,P102,Region Y,99,0
2026-08-06,P102,Region Z,428,0
2026-08-06,P103,Region X,428,0
2026-08-06,P103,Region Y,117,0
2026-08-06,P103,Region Z,191,0
2026-08-06,P104,Region X,424,0
2026-08-06,P104,Region Y,162,0
2026-08-06,P104,Region Z,60,0
2026-08-06,P201,Region X,92,0
2026-08-06,P201,Region Y,460,0
2026-08-06,P201,Region Z,446,0
2026-08-06,P202,Region X,120,0
2026-08-06,P202,Region Y,192,0
2026-08-06,P202,Region Z,268,0
2026-08-06,P203,Region X,171,0
2026-08-06,P203,Region Y,146,0
2026-08-06,P203,Region Z,227,0
2026-08-06,P204,Region X,306,0
2026-08-06,P204,Region Y,178,0
2026-08-06,P204,Region Z,231,0
2026-08-06,P301,Region X,369,0
2026-08-06,P301,Region Y,403,0
2026-08-06,P301,Region Z,85,0
2026-08-06,P302,Region X,234,0
2026-08-06,P302,Region Y,187,0
2026-08-06,P302,Region Z,174,0
2026-08-06,P303,Region X,147,0
2026-08-06,P303,Region Y,48,0
2026-08-06,P303,Region Z,242,0
2026-08-06,P304,Region X,338,0
2026-08-06,P304,Region Y,164,0
2026-08-06,P304,Region Z,310,0
2026-08-06,P401,Region X,470,0
2026-08-06,P401,Region Y,456,0
2026-08-06,P401,Region Z,453,0
2026-08-06,P402,Region X,261,0
2026-08-06,P402,Region Y,286,0
2026-08-06,P402,Region Z,235,0
2026-08-06,P403,Region X,391,0
2026-08-06,P403,Region Y,442,0
2026-08-06,P403,Region Z,225,0
2026-08-07,P101,Region X,264,0
2026-08-07,P101,Region Y,294,0
2026-08-07,P101,Region Z,88,0
2026-08-07,P102,Region X,124,0
2026-08-07,P102,Region Y,421,0
2026-08-07,P102,Region Z,100,0
2026-08-07,P103,Region X,239,0
2026-08-07,P103,Region Y,121,0
2026-08-07,P103,Region Z,428,0
2026-08-07,P104,Region X,385,0
2026-08-07,P104,Region Y,185,0
2026-08-07,P104,Region Z,187,0
2026-08-07,P201,Region X,167,0
2026-08-07,P201,Region Y,277,0
2026-08-07,P201,Region Z,418,0
2026-08-07,P202,Region X,297,0
2026-08-07,P202,Region Y,411,0
2026-08-07,P202,Region Z,475,0
2026-08-07,P203,Region X,247,0
2026-08-07,P203,Region Y,308,0
2026-08-07,P203,Region Z,356,0
2026-08-07,P204,Region X,347,0
2026-08-07,P204,Region Y,232,0
2026-08-07,P204,Region Z,318,0
2026-08-07,P301,Region X,448,0
2026-08-07,P301,Region Y,443,0
2026-08-07,P301,Region Z,209,0
2026-08-07,P302,Region X,47,0
2026-08-07,P302,Region Y,46,0
2026-08-07,P302,Region Z,96,0
2026-08-07,P303,Region X,118,0
2026-08-07,P303,Region Y,484,0
2026-08-07,P303,Region Z,89,0
2026-08-07,P304,Region X,286,0
2026-08-07,P304,Region Y,112,0
2026-08-07,P304,Region Z,95,0
2026-08-07,P401,Region X,430,0
2026-08-07,P401,Region Y,161,0
2026-08-07,P401,Region Z,194,0
2026-08-07,P402,Region X,358,0
2026-08-07,P402,Region Y,429,0
2026-08-07,P402,Region Z,415,0
2026-08-07,P403,Region X,445,0
2026-08-07,P403,Region Y,363,0
2026-08-07,P403,Region Z,335,0
2026-08-08,P101,Region X,41,0
2026-08-08,P101,Region Y,62,0
2026-08-08,P101,Region Z,122,0
2026-08-08,P102,Region X,378,0
2026-08-08,P102,Region Y,392,0
2026-08-08,P102,Region Z,334,0
2026-08-08,P103,Region X,289,0
2026-08-08,P103,Region Y,301,0
2026-08-08,P103,Region Z,470,0
2026-08-08,P104,Region X,469,0
2026-08-08,P104,Region Y,446,0
2026-08-08,P104,Region Z,405,0
2026-08-08,P201,Region X,184,0
2026-08-08,P201,Region Y,200,0
2026-08-08,P201,Region Z,258,0
2026-08-08,P202,Region X,107,0
2026-08-08,P202,Region Y,387,0
2026-08-08,P202,Region Z,349,0
2026-08-08,P203,Region X,318,0
2026-08-08,P203,Region Y,377,0
2026-08-08,P203,Region Z,423,0
2026-08-08,P204,Region X,68,0
2026-08-08,P204,Region Y,481,0
2026-08-08,P204,Region Z,231,0
2026-08-08,P301,Region X,130,0
2026-08-08,P301,Region Y,171,0
2026-08-08,P301,Region Z,374,0
2026-08-08,P302,Region X,244,0
2026-08-08,P302,Region Y,342,0
2026-08-08,P302,Region Z,152,0
2026-08-08,P303,Region X,408,0
2026-08-08,P303,Region Y,422,0
2026-08-08,P303,Region Z,174,0
2026-08-08,P304,Region X,163,0
2026-08-08,P304,Region Y,211,0
2026-08-08,P304,Region Z,221,0
2026-08-08,P401,Region X,125,0
2026-08-08,P401,Region Y,473,0
2026-08-08,P401,Region Z,356,0
2026-08-08,P402,Region X,397,0
2026-08-08,P402,Region Y,90,0
2026-08-08,P402,Region Z,67,0
2026-08-08,P403,Region X,180,0
2026-08-08,P403,Region Y,184,0
2026-08-08,P403,Region Z,403,0
2026-08-09,P101,Region X,324,0
2026-08-09,P101,Region Y,123,0
2026-08-09,P101,Region Z,221,0
2026-08-09,P102,Region X,68,0
2026-08-09,P102,Region Y,385,0
2026-08-09,P102,Region Z,77,0
2026-08-09,P103,Region X,87,0
2026-08-09,P103,Region Y,435,0
2026-08-09,P103,Region Z,312,0
2026-08-09,P104,Region X,365,0
2026-08-09,P104,Region Y,182,0
2026-08-09,P104,Region Z,393,0
2026-08-09,P201,Region X,192,0
2026-08-09,P201,Region Y,56,0
2026-08-09,P201,Region Z,408,0
2026-08-09,P202,Region X,89,0
2026-08-09,P202,Region Y,395,0
2026-08-09,P202,Region Z,211,0
2026-08-09,P203,Region X,61,0
2026-08-09,P203,Region Y,478,0
2026-08-09,P203,Region Z,450,0
2026-08-09,P204,Region X,482,0
2026-08-09,P204,Region Y,302,0
2026-08-09,P204,Region Z,73,0
2026-08-09,P301,Region X,175,0
2026-08-09,P301,Region Y,179,0
2026-08-09,P301,Region Z,324,0
2026-08-09,P302,Region X,396,0
2026-08-09,P302,Region Y,311,0
2026-08-09,P302,Region Z,206,0
2026-08-09,P303,Region X,315,0
2026-08-09,P303,Region Y,432,0
2026-08-09,P303,Region Z,109,0
2026-08-09,P304,Region X,77,0
2026-08-09,P304,Region Y,70,0
2026-08-09,P304,Region Z,222,0
2026-08-09,P401,Region X,110,0
2026-08-09,P401,Region Y,154,0
2026-08-09,P401,Region Z,115,0
2026-08-09,P402,Region X,265,0
2026-08-09,P402,Region Y,226,0
2026-08-09,P402,Region Z,330,0
2026-08-09,P403,Region X,383,0
2026-08-09,P403,Region Y,395,0
2026-08-09,P403,Region Z,324,0
2026-08-10,P101,Region X,421,0
2026-08-10,P101,Region Y,213,0
2026-08-10,P101,Region Z,199,0
2026-08-10,P102,Region X,351,0
2026-08-10,P102,Region Y,446,0
2026-08-10,P102,Region Z,379,0
2026-08-10,P103,Region X,218,0
2026-08-10,P103,Region Y,319,0
2026-08-10,P103,Region Z,111,0
2026-08-10,P104,Region X,89,0
2026-08-10,P104,Region Y,267,0
2026-08-10,P104,Region Z,213,0
2026-08-10,P201,Region X,54,0
2026-08-10,P201,Region Y,303,0
2026-08-10,P201,Region Z,410,0
2026-08-10,P202,Region X,421,0
2026-08-10,P202,Region Y,157,0
2026-08-10,P202,Region Z,224,0
2026-08-10,P203,Region X,495,0
2026-08-10,P203,Region Y,382,0
2026-08-10,P203,Region Z,326,0
2026-08-10,P204,Region X,241,0
2026-08-10,P204,Region Y,46,0
2026-08-10,P204,Region Z,459,0
2026-08-10,P301,Region X,162,0
2026-08-10,P301,Region Y,111,0
2026-08-10,P301,Region Z,102,0
2026-08-10,P302,Region X,93,0
2026-08-10,P302,Region Y,78,0
2026-08-10,P302,Region Z,268,0
2026-08-10,P303,Region X,415,0
2026-08-10,P303,Region Y,309,0
2026-08-10,P303,Region Z,233,0
2026-08-10,P304,Region X,485,0
2026-08-10,P304,Region Y,41,0
2026-08-10,P304,Region Z,377,0
2026-08-10,P401,Region X,232,0
2026-08-10,P401,Region Y,66,0
2026-08-10,P401,Region Z,210,0
2026-08-10,P402,Region X,57,0
2026-08-10,P402,Region Y,496,0
2026-08-10,P402,Region Z,196,0
2026-08-10,P403,Region X,309,0
2026-08-10,P403,Region Y,150,0
2026-08-10,P403,Region Z,57,0
2026-08-11,P101,Region X,345,0
2026-08-11,P101,Region Y,446,0
2026-08-11,P101,Region Z,182,0
2026-08-11,P102,Region X,229,0
2026-08-11,P102,Region Y,269,0
2026-08-11,P102,Region Z,456,0
2026-08-11,P103,Region X,486,0
2026-08-11,P103,Region Y,262,0
2026-08-11,P103,Region Z,175,0
2026-08-11,P104,Region X,294,0
2026-08-11,P104,Region Y,470,0
2026-08-11,P104,Region Z,264,0
2026-08-11,P201,Region X,432,0
2026-08-11,P201,Region Y,293,0
2026-08-11,P201,Region Z,200,0
2026-08-11,P202,Region X,416,0
2026-08-11,P202,Region Y,138,0
2026-08-11,P202,Region Z,472,0
2026-08-11,P203,Region X,260,0
2026-08-11,P203,Region Y,415,0
2026-08-11,P203,Region Z,483,0
2026-08-11,P204,Region X,491,0
2026-08-11,P204,Region Y,351,0
2026-08-11,P204,Region Z,268,0
2026-08-11,P301,Region X,450,0
2026-08-11,P301,Region Y,98,0
2026-08-11,P301,Region Z,353,0
2026-08-11,P302,Region X,121,0
2026-08-11,P302,Region Y,166,0
2026-08-11,P302,Region Z,267,0
2026-08-11,P303,Region X,80,0
2026-08-11,P303,Region Y,337,0
2026-08-11,P303,Region Z,41,0
2026-08-11,P304,Region X,148,0
2026-08-11,P304,Region Y,236,0
2026-08-11,P304,Region Z,49,0
2026-08-11,P401,Region X,358,0
2026-08-11,P401,Region Y,400,0
2026-08-11,P401,Region Z,190,0
2026-08-11,P402,Region X,169,0
2026-08-11,P402,Region Y,157,0
2026-08-11,P402,Region Z,461,0
2026-08-11,P403,Region X,234,0
2026-08-11,P403,Region Y,216,0
2026-08-11,P403,Region Z,494,0
2026-08-12,P101,Region X,111,0
2026-08-12,P101,Region Y,485,0
2026-08-12,P101,Region Z,476,0
2026-08-12,P102,Region X,41,0
2026-08-12,P102,Region Y,130,0
2026-08-12,P102,Region Z,376,0
2026-08-12,P103,Region X,292,0
2026-08-12,P103,Region Y,473,0
2026-08-12,P103,Region Z,276,0
2026-08-12,P104,Region X,235,0
2026-08-12,P104,Region Y,355,0
2026-08-12,P104,Region Z,392,0
2026-08-12,P201,Region X,422,0
2026-08-12,P201,Region Y,109,0
2026-08-12,P201,Region Z,70,0
2026-08-12,P202,Region X,350,0
2026-08-12,P202,Region Y,226,0
2026-08-12,P202,Region Z,342,0
2026-08-12,P203,Region X,477,0
2026-08-12,P203,Region Y,461,0
2026-08-12,P203,Region Z,375,0
2026-08-12,P204,Region X,102,0
2026-08-12,P204,Region Y,114,0
2026-08-12,P204,Region Z,180,0
2026-08-12,P301,Region X,189,0
2026-08-12,P301,Region Y,168,0
2026-08-12,P301,Region Z,216,0
2026-08-12,P302,Region X,230,0
2026-08-12,P302,Region Y,344,0
2026-08-12,P302,Region Z,88,0
2026-08-12,P303,Region X,474,0
2026-08-12,P303,Region Y,393,0
2026-08-12,P303,Region Z,394,0
2026-08-12,P304,Region X,340,0
2026-08-12,P304,Region Y,423,0
2026-08-12,P304,Region Z,207,0
2026-08-12,P401,Region X,211,0
2026-08-12,P401,Region Y,94,0
2026-08-12,P401,Region Z,427,0
2026-08-12,P402,Region X,183,0
2026-08-12,P402,Region Y,484,0
2026-08-12,P402,Region Z,242,0
2026-08-12,P403,Region X,268,0
2026-08-12,P403,Region Y,148,0
2026-08-12,P403,Region Z,425,0
2026-08-13,P101,Region X,285,0
2026-08-13,P101,Region Y,335,0
2026-08-13,P101,Region Z,438,0
2026-08-13,P102,Region X,391,0
2026-08-13,P102,Region Y,309,0
2026-08-13,P102,Region Z,163,0
2026-08-13,P103,Region X,49,0
2026-08-13,P103,Region Y,124,0
2026-08-13,P103,Region Z,168,0
2026-08-13,P104,Region X,411,0
2026-08-13,P104,Region Y,100,0
2026-08-13,P104,Region Z,464,0
2026-08-13,P201,Region X,352,0
2026-08-13,P201,Region Y,429,0
2026-08-13,P201,Region Z,427,0
2026-08-13,P202,Region X,464,0
2026-08-13,P202,Region Y,236,0
2026-08-13,P202,Region Z,226,0
2026-08-13,P203,Region X,403,0
2026-08-13,P203,Region Y,334,0
2026-08-13,P203,Region Z,441,0
2026-08-13,P204,Region X,449,0
2026-08-13,P204,Region Y,188,0
2026-08-13,P204,Region Z,62,0
2026-08-13,P301,Region X,339,0
2026-08-13,P301,Region Y,447,0
2026-08-13,P301,Region Z,405,0
2026-08-13,P302,Region X,251,0
2026-08-13,P302,Region Y,407,0
2026-08-13,P302,Region Z,94,0
2026-08-13,P303,Region X,411,0
2026-08-13,P303,Region Y,236,0
2026-08-13,P303,Region Z,286,0
2026-08-13,P304,Region X,68,0
2026-08-13,P304,Region Y,225,0
2026-08-13,P304,Region Z,342,0
2026-08-13,P401,Region X,376,0
2026-08-13,P401,Region Y,92,0
2026-08-13,P401,Region Z,223,0
2026-08-13,P402,Region X,200,0
2026-08-13,P402,Region Y,41,0
2026-08-13,P402,Region Z,80,0
2026-08-13,P403,Region X,47,0
2026-08-13,P403,Region Y,141,0
2026-08-13,P403,Region Z,181,0
2026-08-14,P101,Region X,163,0
2026-08-14,P101,Region Y,308,0
2026-08-14,P101,Region Z,303,0
2026-08-14,P102,Region X,361,0
2026-08-14,P102,Region Y,303,0
2026-08-14,P102,Region Z,427,0
2026-08-14,P103,Region X,371,0
2026-08-14,P103,Region Y,115,0
2026-08-14,P103,Region Z,82,0
2026-08-14,P104,Region X,110,0
2026-08-14,P104,Region Y,73,0
2026-08-14,P104,Region Z,169,0
2026-08-14,P201,Region X,460,0
2026-08-14,P201,Region Y,271,0
2026-08-14,P201,Region Z,313,0
2026-08-14,P202,Region X,318,0
2026-08-14,P202,Region Y,387,0
2026-08-14,P202,Region Z,384,0
2026-08-14,P203,Region X,59,0
2026-08-14,P203,Region Y,318,0
2026-08-14,P203,Region Z,304,0
2026-08-14,P204,Region X,336,0
2026-08-14,P204,Region Y,138,0
2026-08-14,P204,Region Z,93,0
2026-08-14,P301,Region X,312,0
2026-08-14,P301,Region Y,350,0
2026-08-14,P301,Region Z,498,0
2026-08-14,P302,Region X,241,0
2026-08-14,P302,Region Y,305,0
2026-08-14,P302,Region Z,134,0
2026-08-14,P303,Region X,426,0
2026-08-14,P303,Region Y,419,0
2026-08-14,P303,Region Z,74,0
2026-08-14,P304,Region X,354,0
2026-08-14,P304,Region Y,166,0
2026-08-14,P304,Region Z,268,0
2026-08-14,P401,Region X,116,0
2026-08-14,P401,Region Y,285,0
2026-08-14,P401,Region Z,406,0
2026-08-14,P402,Region X,310,0
2026-08-14,P402,Region Y,57,0
2026-08-14,P402,Region Z,424,0
2026-08-14,P403,Region X,107,0
2026-08-14,P403,Region Y,225,0
2026-08-14,P403,Region Z,495,0
2026-08-15,P101,Region X,483,0
2026-08-15,P101,Region Y,302,0
2026-08-15,P101,Region Z,493,0
2026-08-15,P102,Region X,415,0
2026-08-15,P102,Region Y,217,0
2026-08-15,P102,Region Z,180,0
2026-08-15,P103,Region X,394,0
2026-08-15,P103,Region Y,348,0
2026-08-15,P103,Region Z,118,0
2026-08-15,P104,Region X,254,0
2026-08-15,P104,Region Y,142,0
2026-08-15,P104,Region Z,341,0
2026-08-15,P201,Region X,471,0
2026-08-15,P201,Region Y,78,0
2026-08-15,P201,Region Z,246,0
2026-08-15,P202,Region X,86,0
2026-08-15,P202,Region Y,438,0
2026-08-15,P202,Region Z,212,0
2026-08-15,P203,Region X,408,0
2026-08-15,P203,Region Y,278,0
2026-08-15,P203,Region Z,94,0
2026-08-15,P204,Region X,411,0
2026-08-15,P204,Region Y,460,0
2026-08-15,P204,Region Z,292,0
2026-08-15,P301,Region X,228,0
2026-08-15,P301,Region Y,260,0
2026-08-15,P301,Region Z,133,0
2026-08-15,P302,Region X,280,0
2026-08-15,P302,Region Y,115,0
2026-08-15,P302,Region Z,186,0
2026-08-15,P303,Region X,87,0
2026-08-15,P303,Region Y,130,0
2026-08-15,P303,Region Z,496,0
2026-08-15,P304,Region X,127,0
2026-08-15,P304,Region Y,143,0
2026-08-15,P304,Region Z,384,0
2026-08-15,P401,Region X,466,0
2026-08-15,P401,Region Y,134,0
2026-08-15,P401,Region Z,464,0
2026-08-15,P402,Region X,483,0
2026-08-15,P402,Region Y,137,0
2026-08-15,P402,Region Z,282,0
2026-08-15,P403,Region X,97,0
2026-08-15,P403,Region Y,432,0
2026-08-15,P403,Region Z,449,0
2026-08-16,P101,Region X,444,0
2026-08-16,P101,Region Y,67,0
2026-08-16,P101,Region Z,196,0
2026-08-16,P102,Region X,451,0
2026-08-16,P102,Region Y,333,0
2026-08-16,P102,Region Z,386,0
2026-08-16,P103,Region X,215,0
2026-08-16,P103,Region Y,432,0
2026-08-16,P103,Region Z,484,0
2026-08-16,P104,Region X,419,0
2026-08-16,P104,Region Y,438,0
2026-08-16,P104,Region Z,313,0
2026-08-16,P201,Region X,495,0
2026-08-16,P201,Region Y,129,0
2026-08-16,P201,Region Z,438,0
2026-08-16,P202,Region X,216,0
2026-08-16,P202,Region Y,227,0
2026-08-16,P202,Region Z,140,0
2026-08-16,P203,Region X,279,0
2026-08-16,P203,Region Y,134,0
2026-08-16,P203,Region Z,136,0
2026-08-16,P204,Region X,411,0
2026-08-16,P204,Region Y,79,0
2026-08-16,P204,Region Z,393,0
2026-08-16,P301,Region X,328,0
2026-08-16,P301,Region Y,256,0
2026-08-16,P301,Region Z,297,0
2026-08-16,P302,Region X,321,0
2026-08-16,P302,Region Y,323,0
2026-08-16,P302,Region Z,484,0
2026-08-16,P303,Region X,337,0
2026-08-16,P303,Region Y,244,0
2026-08-16,P303,Region Z,167,0
2026-08-16,P304,Region X,361,0
2026-08-16,P304,Region Y,76,0
2026-08-16,P304,Region Z,439,0
2026-08-16,P401,Region X,344,0
2026-08-16,P401,Region Y,318,0
2026-08-16,P401,Region Z,190,0
2026-08-16,P402,Region X,107,0
2026-08-16,P402,Region Y,474,0
2026-08-16,P402,Region Z,67,0
2026-08-16,P403,Region X,386,0
2026-08-16,P403,Region Y,244,0
2026-08-16,P403,Region Z,297,0
2026-08-17,P101,Region X,125,0
2026-08-17,P101,Region Y,213,0
2026-08-17,P101,Region Z,103,0
2026-08-17,P102,Region X,375,0
2026-08-17,P102,Region Y,161,0
2026-08-17,P102,Region Z,423,0
2026-08-17,P103,Region X,54,0
2026-08-17,P103,Region Y,162,0
2026-08-17,P103,Region Z,215,0
2026-08-17,P104,Region X,325,0
2026-08-17,P104,Region Y,144,0
2026-08-17,P104,Region Z,325,0
2026-08-17,P201,Region X,212,0
2026-08-17,P201,Region Y,166,0
2026-08-17,P201,Region Z,477,0
2026-08-17,P202,Region X,154,0
2026-08-17,P202,Region Y,139,0
2026-08-17,P202,Region Z,388,0
2026-08-17,P203,Region X,445,0
2026-08-17,P203,Region Y,46,0
2026-08-17,P203,Region Z,230,0
2026-08-17,P204,Region X,121,0
2026-08-17,P204,Region Y,288,0
2026-08-17,P204,Region Z,125,0
2026-08-17,P301,Region X,134,0
2026-08-17,P301,Region Y,97,0
2026-08-17,P301,Region Z,52,0
2026-08-17,P302,Region X,322,0
2026-08-17,P302,Region Y,142,0
2026-08-17,P302,Region Z,166,0
2026-08-17,P303,Region X,288,0
2026-08-17,P303,Region Y,88,0
2026-08-17,P303,Region Z,200,0
2026-08-17,P304,Region X,132,0
2026-08-17,P304,Region Y,221,0
2026-08-17,P304,Region Z,396,0
2026-08-17,P401,Region X,155,0
2026-08-17,P401,Region Y,282,0
2026-08-17,P401,Region Z,137,0
2026-08-17,P402,Region X,197,0
2026-08-17,P402,Region Y,335,0
2026-08-17,P402,Region Z,381,0
2026-08-17,P403,Region X,163,0
2026-08-17,P403,Region Y,96,0
2026-08-17,P403,Region Z,239,0
2026-08-18,P101,Region X,274,0
2026-08-18,P101,Region Y,492,0
2026-08-18,P101,Region Z,164,0
2026-08-18,P102,Region X,426,0
2026-08-18,P102,Region Y,320,0
2026-08-18,P102,Region Z,263,0
2026-08-18,P103,Region X,422,0
2026-08-18,P103,Region Y,159,0
2026-08-18,P103,Region Z,304,0
2026-08-18,P104,Region X,57,0
2026-08-18,P104,Region Y,183,0
2026-08-18,P104,Region Z,409,0
2026-08-18,P201,Region X,321,0
2026-08-18,P201,Region Y,384,0
2026-08-18,P201,Region Z,438,0
2026-08-18,P202,Region X,371,0
2026-08-18,P202,Region Y,448,0
2026-08-18,P202,Region Z,79,0
2026-08-18,P203,Region X,316,0
2026-08-18,P203,Region Y,96,0
2026-08-18,P203,Region Z,416,0
2026-08-18,P204,Region X,117,0
2026-08-18,P204,Region Y,257,0
2026-08-18,P204,Region Z,283,0
2026-08-18,P301,Region X,468,0
2026-08-18,P301,Region Y,265,0
2026-08-18,P301,Region Z,280,0
2026-08-18,P302,Region X,229,0
2026-08-18,P302,Region Y,245,0
2026-08-18,P302,Region Z,202,0
2026-08-18,P303,Region X,126,0
2026-08-18,P303,Region Y,396,0
2026-08-18,P303,Region Z,260,0
2026-08-18,P304,Region X,267,0
2026-08-18,P304,Region Y,185,0
2026-08-18,P304,Region Z,193,0
2026-08-18,P401,Region X,399,0
2026-08-18,P401,Region Y,368,0
2026-08-18,P401,Region Z,429,0
2026-08-18,P402,Region X,162,0
2026-08-18,P402,Region Y,284,0
2026-08-18,P402,Region Z,308,0
2026-08-18,P403,Region X,381,0
2026-08-18,P403,Region Y,385,0
2026-08-18,P403,Region Z,205,0
2026-08-19,P101,Region X,0,1
2026-08-19,P101,Region Y,229,0
2026-08-19,P101,Region Z,81,0
2026-08-19,P102,Region X,92,0
2026-08-19,P102,Region Y,0,1
2026-08-19,P102,Region Z,325,0
2026-08-19,P103,Region X,156,0
2026-08-19,P103,Region Y,282,0
2026-08-19,P103,Region Z,241,0
2026-08-19,P104,Region X,416,0
2026-08-19,P104,Region Y,288,0
2026-08-19,P104,Region Z,393,0
2026-08-19,P201,Region X,391,0
2026-08-19,P201,Region Y,391,0
2026-08-19,P201,Region Z,45,0
2026-08-19,P202,Region X,119,0
2026-08-19,P202,Region Y,286,0
2026-08-19,P202,Region Z,256,0
2026-08-19,P203,Region X,168,0
2026-08-19,P203,Region Y,449,0
2026-08-19,P203,Region Z,230,0
2026-08-19,P204,Region X,486,0
2026-08-19,P204,Region Y,293,0
2026-08-19,P204,Region Z,209,0
2026-08-19,P301,Region X,461,0
2026-08-19,P301,Region Y,269,0
2026-08-19,P301,Region Z,427,0
2026-08-19,P302,Region X,495,0
2026-08-19,P302,Region Y,260,0
2026-08-19,P302,Region Z,368,0
2026-08-19,P303,Region X,461,0
2026-08-19,P303,Region Y,87,0
2026-08-19,P303,Region Z,286,0
2026-08-19,P304,Region X,230,0
2026-08-19,P304,Region Y,246,0
2026-08-19,P304,Region Z,99,0
2026-08-19,P401,Region X,228,0
2026-08-19,P401,Region Y,183,0
2026-08-19,P401,Region Z,466,0
2026-08-19,P402,Region X,306,0
2026-08-19,P402,Region Y,96,0
2026-08-19,P402,Region Z,461,0
2026-08-19,P403,Region X,367,0
2026-08-19,P403,Region Y,69,0
2026-08-19,P403,Region Z,157,0
2026-08-19,P501,Region Z,188,0
2026-08-20,P101,Region X,0,1
2026-08-20,P101,Region Y,138,0
2026-08-20,P101,Region Z,477,0
2026-08-20,P102,Region X,462,0
2026-08-20,P102,Region Y,0,1
2026-08-20,P102,Region Z,433,0
2026-08-20,P103,Region X,462,0
2026-08-20,P103,Region Y,397,0
2026-08-20,P103,Region Z,409,0
2026-08-20,P104,Region X,208,0
2026-08-20,P104,Region Y,267,0
2026-08-20,P104,Region Z,221,0
2026-08-20,P201,Region X,346,0
2026-08-20,P201,Region Y,417,0
2026-08-20,P201,Region Z,42,0
2026-08-20,P202,Region X,317,0
2026-08-20,P202,Region Y,462,0
2026-08-20,P202,Region Z,229,0
2026-08-20,P203,Region X,363,0
2026-08-20,P203,Region Y,180,0
2026-08-20,P203,Region Z,46,0
2026-08-20,P204,Region X,239,0
2026-08-20,P204,Region Y,312,0
2026-08-20,P204,Region Z,340,0
2026-08-20,P301,Region X,45,0
2026-08-20,P301,Region Y,392,0
2026-08-20,P301,Region Z,476,0
2026-08-20,P302,Region X,265,0
2026-08-20,P302,Region Y,143,0
2026-08-20,P302,Region Z,195,0
2026-08-20,P303,Region X,418,0
2026-08-20,P303,Region Y,271,0
2026-08-20,P303,Region Z,351,0
2026-08-20,P304,Region X,275,0
2026-08-20,P304,Region Y,188,0
2026-08-20,P304,Region Z,80,0
2026-08-20,P401,Region X,389,0
2026-08-20,P401,Region Y,168,0
2026-08-20,P401,Region Z,467,0
2026-08-20,P402,Region X,414,0
2026-08-20,P402,Region Y,97,0
2026-08-20,P402,Region Z,363,0
2026-08-20,P403,Region X,106,0
2026-08-20,P403,Region Y,298,0
2026-08-20,P403,Region Z,147,0
2026-08-20,P501,Region Z,138,0
2026-08-21,P101,Region X,0,1
2026-08-21,P101,Region Y,150,0
2026-08-21,P101,Region Z,140,0
2026-08-21,P102,Region X,460,0
2026-08-21,P102,Region Y,0,1
2026-08-21,P102,Region Z,126,0
2026-08-21,P103,Region X,207,0
2026-08-21,P103,Region Y,170,0
2026-08-21,P103,Region Z,86,0
2026-08-21,P104,Region X,351,0
2026-08-21,P104,Region Y,74,0
2026-08-21,P104,Region Z,385,0
2026-08-21,P201,Region X,403,0
2026-08-21,P201,Region Y,319,0
2026-08-21,P201,Region Z,264,0
2026-08-21,P202,Region X,430,0
2026-08-21,P202,Region Y,219,0
2026-08-21,P202,Region Z,246,0
2026-08-21,P203,Region X,171,0
2026-08-21,P203,Region Y,70,0
2026-08-21,P203,Region Z,239,0
2026-08-21,P204,Region X,133,0
2026-08-21,P204,Region Y,87,0
2026-08-21,P204,Region Z,180,0
2026-08-21,P301,Region X,262,0
2026-08-21,P301,Region Y,153,0
2026-08-21,P301,Region Z,404,0
2026-08-21,P302,Region X,356,0
2026-08-21,P302,Region Y,414,0
2026-08-21,P302,Region Z,493,0
2026-08-21,P303,Region X,421,0
2026-08-21,P303,Region Y,200,0
2026-08-21,P303,Region Z,284,0
2026-08-21,P304,Region X,187,0
2026-08-21,P304,Region Y,311,0
2026-08-21,P304,Region Z,334,0
2026-08-21,P401,Region X,363,0
2026-08-21,P401,Region Y,150,0
2026-08-21,P401,Region Z,100,0
2026-08-21,P402,Region X,474,0
2026-08-21,P402,Region Y,434,0
2026-08-21,P402,Region Z,335,0
2026-08-21,P403,Region X,189,0
2026-08-21,P403,Region Y,146,0
2026-08-21,P403,Region Z,96,0
2026-08-21,P501,Region Z,431,0
2026-08-22,P101,Region X,334,0
2026-08-22,P101,Region Y,368,0
2026-08-22,P101,Region Z,244,0
2026-08-22,P102,Region X,359,0
2026-08-22,P102,Region Y,344,0
2026-08-22,P102,Region Z,49,0
2026-08-22,P103,Region X,218,0
2026-08-22,P103,Region Y,419,0
2026-08-22,P103,Region Z,169,0
2026-08-22,P104,Region X,340,0
2026-08-22,P104,Region Y,131,0
2026-08-22,P104,Region Z,65,0
2026-08-22,P201,Region X,352,0
2026-08-22,P201,Region Y,458,0
2026-08-22,P201,Region Z,279,0
2026-08-22,P202,Region X,124,0
2026-08-22,P202,Region Y,182,0
2026-08-22,P202,Region Z,137,0
2026-08-22,P203,Region X,194,0
2026-08-22,P203,Region Y,104,0
2026-08-22,P203,Region Z,361,0
2026-08-22,P204,Region X,330,0
2026-08-22,P204,Region Y,186,0
2026-08-22,P204,Region Z,446,0
2026-08-22,P301,Region X,128,0
2026-08-22,P301,Region Y,437,0
2026-08-22,P301,Region Z,170,0
2026-08-22,P302,Region X,346,0
2026-08-22,P302,Region Y,373,0
2026-08-22,P302,Region Z,264,0
2026-08-22,P303,Region X,374,0
2026-08-22,P303,Region Y,497,0
2026-08-22,P303,Region Z,337,0
2026-08-22,P304,Region X,195,0
2026-08-22,P304,Region Y,373,0
2026-08-22,P304,Region Z,97,0
2026-08-22,P401,Region X,350,0
2026-08-22,P401,Region Y,384,0
2026-08-22,P401,Region Z,325,0
2026-08-22,P402,Region X,273,0
2026-08-22,P402,Region Y,417,0
2026-08-22,P402,Region Z,141,0
2026-08-22,P403,Region X,159,0
2026-08-22,P403,Region Y,456,0
2026-08-22,P403,Region Z,124,0
2026-08-22,P501,Region Z,313,0
2026-08-23,P101,Region X,59,0
2026-08-23,P101,Region Y,57,0
2026-08-23,P101,Region Z,133,0
2026-08-23,P102,Region X,408,0
2026-08-23,P102,Region Y,63,0
2026-08-23,P102,Region Z,240,0
2026-08-23,P103,Region X,404,0
2026-08-23,P103,Region Y,277,0
2026-08-23,P103,Region Z,308,0
2026-08-23,P104,Region X,335,0
2026-08-23,P104,Region Y,497,0
2026-08-23,P104,Region Z,198,0
2026-08-23,P201,Region X,218,0
2026-08-23,P201,Region Y,183,0
2026-08-23,P201,Region Z,147,0
2026-08-23,P202,Region X,458,0
2026-08-23,P202,Region Y,67,0
2026-08-23,P202,Region Z,217,0
2026-08-23,P203,Region X,310,0
2026-08-23,P203,Region Y,99,0
2026-08-23,P203,Region Z,495,0
2026-08-23,P204,Region X,439,0
2026-08-23,P204,Region Y,300,0
2026-08-23,P204,Region Z,317,0
2026-08-23,P301,Region X,246,0
2026-08-23,P301,Region Y,227,0
2026-08-23,P301,Region Z,212,0
2026-08-23,P302,Region X,220,0
2026-08-23,P302,Region Y,90,0
2026-08-23,P302,Region Z,206,0
2026-08-23,P303,Region X,121,0
2026-08-23,P303,Region Y,227,0
2026-08-23,P303,Region Z,182,0
2026-08-23,P304,Region X,206,0
2026-08-23,P304,Region Y,45,0
2026-08-23,P304,Region Z,425,0
2026-08-23,P401,Region X,95,0
2026-08-23,P401,Region Y,211,0
2026-08-23,P401,Region Z,93,0
2026-08-23,P402,Region X,176,0
2026-08-23,P402,Region Y,67,0
2026-08-23,P402,Region Z,317,0
2026-08-23,P403,Region X,92,0
2026-08-23,P403,Region Y,266,0
2026-08-23,P403,Region Z,490,0
2026-08-23,P501,Region Z,41,0
