date,product_id,product_name,category,region,units_sold,unit_price,revenue
2026-05-25,P101,VoltX Pro 5G Phone,Electronics,Region X,75,24999.0,1874925.0
2026-05-25,P101,VoltX Pro 5G Phone,Electronics,Region Y,35,24999.0,874965.0
2026-05-25,P101,VoltX Pro 5G Phone,Electronics,Region Z,18,24999.0,449982.0
2026-05-25,P102,VoltX Lite 5G Phone,Electronics,Region X,47,14999.0,704953.0
2026-05-25,P102,VoltX Lite 5G Phone,Electronics,Region Y,24,14999.0,359976.0
2026-05-25,P102,VoltX Lite 5G Phone,Electronics,Region Z,16,14999.0,239984.0
2026-05-25,P103,SoundCore Buds,Electronics,Region X,80,2999.0,239920.0
2026-05-25,P103,SoundCore Buds,Electronics,Region Y,54,2999.0,161946.0
2026-05-25,P103,SoundCore Buds,Electronics,Region Z,31,2999.0,92969.0
2026-05-25,P104,NovaTab 11,Electronics,Region X,27,18999.0,512973.0
2026-05-25,P104,NovaTab 11,Electronics,Region Y,6,18999.0,113994.0
2026-05-25,P104,NovaTab 11,Electronics,Region Z,9,18999.0,170991.0
2026-05-25,P201,UrbanDen Jacket,Apparel,Region X,42,3499.0,146958.0
2026-05-25,P201,UrbanDen Jacket,Apparel,Region Y,21,3499.0,73479.0
2026-05-25,P201,UrbanDen Jacket,Apparel,Region Z,19,3499.0,66481.0
2026-05-25,P202,FlexiKnit Tee,Apparel,Region X,119,999.0,118881.0
2026-05-25,P202,FlexiKnit Tee,Apparel,Region Y,64,999.0,63936.0
2026-05-25,P202,FlexiKnit Tee,Apparel,Region Z,37,999.0,36963.0
2026-05-25,P203,TrailBlaze Sneakers,Apparel,Region X,28,4599.0,128772.0
2026-05-25,P203,TrailBlaze Sneakers,Apparel,Region Y,15,4599.0,68985.0
2026-05-25,P203,TrailBlaze Sneakers,Apparel,Region Z,21,4599.0,96579.0
2026-05-25,P204,CloudWeave Hoodie,Apparel,Region X,33,2199.0,72567.0
2026-05-25,P204,CloudWeave Hoodie,Apparel,Region Y,19,2199.0,41781.0
2026-05-25,P204,CloudWeave Hoodie,Apparel,Region Z,7,2199.0,15393.0
2026-05-25,P301,ChefPro Blender,Home & Kitchen,Region X,20,5499.0,109980.0
2026-05-25,P301,ChefPro Blender,Home & Kitchen,Region Y,8,5499.0,43992.0
2026-05-25,P301,ChefPro Blender,Home & Kitchen,Region Z,1,5499.0,5499.0
2026-05-25,P302,AeroFry Air Cooker,Home & Kitchen,Region X,11,8999.0,98989.0
2026-05-25,P302,AeroFry Air Cooker,Home & Kitchen,Region Y,13,8999.0,116987.0
2026-05-25,P302,AeroFry Air Cooker,Home & Kitchen,Region Z,7,8999.0,62993.0
2026-05-25,P303,PureSip Bottle,Home & Kitchen,Region X,147,899.0,132153.0
2026-05-25,P303,PureSip Bottle,Home & Kitchen,Region Y,76,899.0,68324.0
2026-05-25,P303,PureSip Bottle,Home & Kitchen,Region Z,66,899.0,59334.0
2026-05-25,P304,LoomNest Bedsheet,Home & Kitchen,Region X,26,1799.0,46774.0
2026-05-25,P304,LoomNest Bedsheet,Home & Kitchen,Region Y,14,1799.0,25186.0
2026-05-25,P304,LoomNest Bedsheet,Home & Kitchen,Region Z,8,1799.0,14392.0
2026-05-25,P401,GlowLab Serum,Beauty,Region X,64,1299.0,83136.0
2026-05-25,P401,GlowLab Serum,Beauty,Region Y,48,1299.0,62352.0
2026-05-25,P401,GlowLab Serum,Beauty,Region Z,24,1299.0,31176.0
2026-05-25,P402,SilkTouch Shampoo,Beauty,Region X,159,449.0,71391.0
2026-05-25,P402,SilkTouch Shampoo,Beauty,Region Y,77,449.0,34573.0
2026-05-25,P402,SilkTouch Shampoo,Beauty,Region Z,58,449.0,26042.0
2026-05-25,P403,DewDrop Moisturizer,Beauty,Region X,91,799.0,72709.0
2026-05-25,P403,DewDrop Moisturizer,Beauty,Region Y,50,799.0,39950.0
2026-05-25,P403,DewDrop Moisturizer,Beauty,Region Z,26,799.0,20774.0
2026-05-26,P101,VoltX Pro 5G Phone,Electronics,Region X,53,24999.0,1324947.0
2026-05-26,P101,VoltX Pro 5G Phone,Electronics,Region Y,26,24999.0,649974.0
2026-05-26,P101,VoltX Pro 5G Phone,Electronics,Region Z,16,24999.0,399984.0
2026-05-26,P102,VoltX Lite 5G Phone,Electronics,Region X,43,14999.0,644957.0
2026-05-26,P102,VoltX Lite 5G Phone,Electronics,Region Y,18,14999.0,269982.0
2026-05-26,P102,VoltX Lite 5G Phone,Electronics,Region Z,24,14999.0,359976.0
2026-05-26,P103,SoundCore Buds,Electronics,Region X,69,2999.0,206931.0
2026-05-26,P103,SoundCore Buds,Electronics,Region Y,57,2999.0,170943.0
2026-05-26,P103,SoundCore Buds,Electronics,Region Z,41,2999.0,122959.0
2026-05-26,P104,NovaTab 11,Electronics,Region X,19,18999.0,360981.0
2026-05-26,P104,NovaTab 11,Electronics,Region Y,15,18999.0,284985.0
2026-05-26,P104,NovaTab 11,Electronics,Region Z,11,18999.0,208989.0
2026-05-26,P201,UrbanDen Jacket,Apparel,Region X,39,3499.0,136461.0
2026-05-26,P201,UrbanDen Jacket,Apparel,Region Y,28,3499.0,97972.0
2026-05-26,P201,UrbanDen Jacket,Apparel,Region Z,18,3499.0,62982.0
2026-05-26,P202,FlexiKnit Tee,Apparel,Region X,121,999.0,120879.0
2026-05-26,P202,FlexiKnit Tee,Apparel,Region Y,63,999.0,62937.0
2026-05-26,P202,FlexiKnit Tee,Apparel,Region Z,51,999.0,50949.0
2026-05-26,P203,TrailBlaze Sneakers,Apparel,Region X,33,4599.0,151767.0
2026-05-26,P203,TrailBlaze Sneakers,Apparel,Region Y,14,4599.0,64386.0
2026-05-26,P203,TrailBlaze Sneakers,Apparel,Region Z,8,4599.0,36792.0
2026-05-26,P204,CloudWeave Hoodie,Apparel,Region X,52,2199.0,114348.0
2026-05-26,P204,CloudWeave Hoodie,Apparel,Region Y,8,2199.0,17592.0
2026-05-26,P204,CloudWeave Hoodie,Apparel,Region Z,11,2199.0,24189.0
2026-05-26,P301,ChefPro Blender,Home & Kitchen,Region X,18,5499.0,98982.0
2026-05-26,P301,ChefPro Blender,Home & Kitchen,Region Y,11,5499.0,60489.0
2026-05-26,P301,ChefPro Blender,Home & Kitchen,Region Z,9,5499.0,49491.0
2026-05-26,P302,AeroFry Air Cooker,Home & Kitchen,Region X,5,8999.0,44995.0
2026-05-26,P302,AeroFry Air Cooker,Home & Kitchen,Region Y,9,8999.0,80991.0
2026-05-26,P302,AeroFry Air Cooker,Home & Kitchen,Region Z,3,8999.0,26997.0
2026-05-26,P303,PureSip Bottle,Home & Kitchen,Region X,145,899.0,130355.0
2026-05-26,P303,PureSip Bottle,Home & Kitchen,Region Y,72,899.0,64728.0
2026-05-26,P303,PureSip Bottle,Home & Kitchen,Region Z,34,899.0,30566.0
2026-05-26,P304,LoomNest Bedsheet,Home & Kitchen,Region X,16,1799.0,28784.0
2026-05-26,P304,LoomNest Bedsheet,Home & Kitchen,Region Y,13,1799.0,23387.0
2026-05-26,P304,LoomNest Bedsheet,Home & Kitchen,Region Z,11,1799.0,19789.0
2026-05-26,P401,GlowLab Serum,Beauty,Region X,79,1299.0,102621.0
2026-05-26,P401,GlowLab Serum,Beauty,Region Y,50,1299.0,64950.0
2026-05-26,P401,GlowLab Serum,Beauty,Region Z,21,1299.0,27279.0
2026-05-26,P402,SilkTouch Shampoo,Beauty,Region X,174,449.0,78126.0
2026-05-26,P402,SilkTouch Shampoo,Beauty,Region Y,75,449.0,33675.0
2026-05-26,P402,SilkTouch Shampoo,Beauty,Region Z,48,449.0,21552.0
2026-05-26,P403,DewDrop Moisturizer,Beauty,Region X,82,799.0,65518.0
2026-05-26,P403,DewDrop Moisturizer,Beauty,Region Y,63,799.0,50337.0
2026-05-26,P403,DewDrop Moisturizer,Beauty,Region Z,35,799.0,27965.0
2026-05-27,P101,VoltX Pro 5G Phone,Electronics,Region X,61,24999.0,1524939.0
2026-05-27,P101,VoltX Pro 5G Phone,Electronics,Region Y,31,24999.0,774969.0
2026-05-27,P101,VoltX Pro 5G Phone,Electronics,Region Z,16,24999.0,399984.0
2026-05-27,P102,VoltX Lite 5G Phone,Electronics,Region X,34,14999.0,509966.0
2026-05-27,P102,VoltX Lite 5G Phone,Electronics,Region Y,25,14999.0,374975.0
2026-05-27,P102,VoltX Lite 5G Phone,Electronics,Region Z,18,14999.0,269982.0
2026-05-27,P103,SoundCore Buds,Electronics,Region X,89,2999.0,266911.0
2026-05-27,P103,SoundCore Buds,Electronics,Region Y,59,2999.0,176941.0
2026-05-27,P103,SoundCore Buds,Electronics,Region Z,46,2999.0,137954.0
2026-05-27,P104,NovaTab 11,Electronics,Region X,28,18999.0,531972.0
2026-05-27,P104,NovaTab 11,Electronics,Region Y,10,18999.0,189990.0
2026-05-27,P104,NovaTab 11,Electronics,Region Z,5,18999.0,94995.0
2026-05-27,P201,UrbanDen Jacket,Apparel,Region X,29,3499.0,101471.0
2026-05-27,P201,UrbanDen Jacket,Apparel,Region Y,33,3499.0,115467.0
2026-05-27,P201,UrbanDen Jacket,Apparel,Region Z,23,3499.0,80477.0
2026-05-27,P202,FlexiKnit Tee,Apparel,Region X,97,999.0,96903.0
2026-05-27,P202,FlexiKnit Tee,Apparel,Region Y,80,999.0,79920.0
2026-05-27,P202,FlexiKnit Tee,Apparel,Region Z,47,999.0,46953.0
2026-05-27,P203,TrailBlaze Sneakers,Apparel,Region X,24,4599.0,110376.0
2026-05-27,P203,TrailBlaze Sneakers,Apparel,Region Y,26,4599.0,119574.0
2026-05-27,P203,TrailBlaze Sneakers,Apparel,Region Z,10,4599.0,45990.0
2026-05-27,P204,CloudWeave Hoodie,Apparel,Region X,28,2199.0,61572.0
2026-05-27,P204,CloudWeave Hoodie,Apparel,Region Y,11,2199.0,24189.0
2026-05-27,P204,CloudWeave Hoodie,Apparel,Region Z,8,2199.0,17592.0
2026-05-27,P301,ChefPro Blender,Home & Kitchen,Region X,17,5499.0,93483.0
2026-05-27,P301,ChefPro Blender,Home & Kitchen,Region Y,14,5499.0,76986.0
2026-05-27,P301,ChefPro Blender,Home & Kitchen,Region Z,3,5499.0,16497.0
2026-05-27,P302,AeroFry Air Cooker,Home & Kitchen,Region X,13,8999.0,116987.0
2026-05-27,P302,AeroFry Air Cooker,Home & Kitchen,Region Y,5,8999.0,44995.0
2026-05-27,P302,AeroFry Air Cooker,Home & Kitchen,Region Z,4,8999.0,35996.0
2026-05-27,P303,PureSip Bottle,Home & Kitchen,Region X,121,899.0,108779.0
2026-05-27,P303,PureSip Bottle,Home & Kitchen,Region Y,92,899.0,82708.0
2026-05-27,P303,PureSip Bottle,Home & Kitchen,Region Z,52,899.0,46748.0
2026-05-27,P304,LoomNest Bedsheet,Home & Kitchen,Region X,31,1799.0,55769.0
2026-05-27,P304,LoomNest Bedsheet,Home & Kitchen,Region Y,21,1799.0,37779.0
2026-05-27,P304,LoomNest Bedsheet,Home & Kitchen,Region Z,7,1799.0,12593.0
2026-05-27,P401,GlowLab Serum,Beauty,Region X,80,1299.0,103920.0
2026-05-27,P401,GlowLab Serum,Beauty,Region Y,46,1299.0,59754.0
2026-05-27,P401,GlowLab Serum,Beauty,Region Z,38,1299.0,49362.0
2026-05-27,P402,SilkTouch Shampoo,Beauty,Region X,134,449.0,60166.0
2026-05-27,P402,SilkTouch Shampoo,Beauty,Region Y,111,449.0,49839.0
2026-05-27,P402,SilkTouch Shampoo,Beauty,Region Z,65,449.0,29185.0
2026-05-27,P403,DewDrop Moisturizer,Beauty,Region X,91,799.0,72709.0
2026-05-27,P403,DewDrop Moisturizer,Beauty,Region Y,54,799.0,43146.0
2026-05-27,P403,DewDrop Moisturizer,Beauty,Region Z,28,799.0,22372.0
2026-05-28,P101,VoltX Pro 5G Phone,Electronics,Region X,73,24999.0,1824927.0
2026-05-28,P101,VoltX Pro 5G Phone,Electronics,Region Y,31,24999.0,774969.0
2026-05-28,P101,VoltX Pro 5G Phone,Electronics,Region Z,14,24999.0,349986.0
2026-05-28,P102,VoltX Lite 5G Phone,Electronics,Region X,52,14999.0,779948.0
2026-05-28,P102,VoltX Lite 5G Phone,Electronics,Region Y,15,14999.0,224985.0
2026-05-28,P102,VoltX Lite 5G Phone,Electronics,Region Z,16,14999.0,239984.0
2026-05-28,P103,SoundCore Buds,Electronics,Region X,100,2999.0,299900.0
2026-05-28,P103,SoundCore Buds,Electronics,Region Y,43,2999.0,128957.0
2026-05-28,P103,SoundCore Buds,Electronics,Region Z,34,2999.0,101966.0
2026-05-28,P104,NovaTab 11,Electronics,Region X,24,18999.0,455976.0
2026-05-28,P104,NovaTab 11,Electronics,Region Y,16,18999.0,303984.0
2026-05-28,P104,NovaTab 11,Electronics,Region Z,12,18999.0,227988.0
2026-05-28,P201,UrbanDen Jacket,Apparel,Region X,33,3499.0,115467.0
2026-05-28,P201,UrbanDen Jacket,Apparel,Region Y,21,3499.0,73479.0
2026-05-28,P201,UrbanDen Jacket,Apparel,Region Z,14,3499.0,48986.0
2026-05-28,P202,FlexiKnit Tee,Apparel,Region X,126,999.0,125874.0
2026-05-28,P202,FlexiKnit Tee,Apparel,Region Y,106,999.0,105894.0
2026-05-28,P202,FlexiKnit Tee,Apparel,Region Z,41,999.0,40959.0
2026-05-28,P203,TrailBlaze Sneakers,Apparel,Region X,30,4599.0,137970.0
2026-05-28,P203,TrailBlaze Sneakers,Apparel,Region Y,19,4599.0,87381.0
2026-05-28,P203,TrailBlaze Sneakers,Apparel,Region Z,10,4599.0,45990.0
2026-05-28,P204,CloudWeave Hoodie,Apparel,Region X,35,2199.0,76965.0
2026-05-28,P204,CloudWeave Hoodie,Apparel,Region Y,17,2199.0,37383.0
2026-05-28,P204,CloudWeave Hoodie,Apparel,Region Z,12,2199.0,26388.0
2026-05-28,P301,ChefPro Blender,Home & Kitchen,Region X,17,5499.0,93483.0
2026-05-28,P301,ChefPro Blender,Home & Kitchen,Region Y,6,5499.0,32994.0
2026-05-28,P301,ChefPro Blender,Home & Kitchen,Region Z,5,5499.0,27495.0
2026-05-28,P302,AeroFry Air Cooker,Home & Kitchen,Region X,16,8999.0,143984.0
2026-05-28,P302,AeroFry Air Cooker,Home & Kitchen,Region Y,7,8999.0,62993.0
2026-05-28,P302,AeroFry Air Cooker,Home & Kitchen,Region Z,4,8999.0,35996.0
2026-05-28,P303,PureSip Bottle,Home & Kitchen,Region X,142,899.0,127658.0
2026-05-28,P303,PureSip Bottle,Home & Kitchen,Region Y,72,899.0,64728.0
2026-05-28,P303,PureSip Bottle,Home & Kitchen,Region Z,52,899.0,46748.0
2026-05-28,P304,LoomNest Bedsheet,Home & Kitchen,Region X,35,1799.0,62965.0
2026-05-28,P304,LoomNest Bedsheet,Home & Kitchen,Region Y,11,1799.0,19789.0
2026-05-28,P304,LoomNest Bedsheet,Home & Kitchen,Region Z,3,1799.0,5397.0
2026-05-28,P401,GlowLab Serum,Beauty,Region X,71,1299.0,92229.0
2026-05-28,P401,GlowLab Serum,Beauty,Region Y,44,1299.0,57156.0
2026-05-28,P401,GlowLab Serum,Beauty,Region Z,22,1299.0,28578.0
2026-05-28,P402,SilkTouch Shampoo,Beauty,Region X,163,449.0,73187.0
2026-05-28,P402,SilkTouch Shampoo,Beauty,Region Y,107,449.0,48043.0
2026-05-28,P402,SilkTouch Shampoo,Beauty,Region Z,58,449.0,26042.0
2026-05-28,P403,DewDrop Moisturizer,Beauty,Region X,115,799.0,91885.0
2026-05-28,P403,DewDrop Moisturizer,Beauty,Region Y,48,799.0,38352.0
2026-05-28,P403,DewDrop Moisturizer,Beauty,Region Z,31,799.0,24769.0
2026-05-29,P101,VoltX Pro 5G Phone,Electronics,Region X,47,24999.0,1174953.0
2026-05-29,P101,VoltX Pro 5G Phone,Electronics,Region Y,36,24999.0,899964.0
2026-05-29,P101,VoltX Pro 5G Phone,Electronics,Region Z,24,24999.0,599976.0
2026-05-29,P102,VoltX Lite 5G Phone,Electronics,Region X,33,14999.0,494967.0
2026-05-29,P102,VoltX Lite 5G Phone,Electronics,Region Y,28,14999.0,419972.0
2026-05-29,P102,VoltX Lite 5G Phone,Electronics,Region Z,15,14999.0,224985.0
2026-05-29,P103,SoundCore Buds,Electronics,Region X,94,2999.0,281906.0
2026-05-29,P103,SoundCore Buds,Electronics,Region Y,56,2999.0,167944.0
2026-05-29,P103,SoundCore Buds,Electronics,Region Z,43,2999.0,128957.0
2026-05-29,P104,NovaTab 11,Electronics,Region X,19,18999.0,360981.0
2026-05-29,P104,NovaTab 11,Electronics,Region Y,10,18999.0,189990.0
2026-05-29,P104,NovaTab 11,Electronics,Region Z,11,18999.0,208989.0
2026-05-29,P201,UrbanDen Jacket,Apparel,Region X,53,3499.0,185447.0
2026-05-29,P201,UrbanDen Jacket,Apparel,Region Y,15,3499.0,52485.0
2026-05-29,P201,UrbanDen Jacket,Apparel,Region Z,16,3499.0,55984.0
2026-05-29,P202,FlexiKnit Tee,Apparel,Region X,100,999.0,99900.0
2026-05-29,P202,FlexiKnit Tee,Apparel,Region Y,76,999.0,75924.0
2026-05-29,P202,FlexiKnit Tee,Apparel,Region Z,43,999.0,42957.0
2026-05-29,P203,TrailBlaze Sneakers,Apparel,Region X,42,4599.0,193158.0
2026-05-29,P203,TrailBlaze Sneakers,Apparel,Region Y,14,4599.0,64386.0
2026-05-29,P203,TrailBlaze Sneakers,Apparel,Region Z,10,4599.0,45990.0
2026-05-29,P204,CloudWeave Hoodie,Apparel,Region X,38,2199.0,83562.0
2026-05-29,P204,CloudWeave Hoodie,Apparel,Region Y,13,2199.0,28587.0
2026-05-29,P204,CloudWeave Hoodie,Apparel,Region Z,7,2199.0,15393.0
2026-05-29,P301,ChefPro Blender,Home & Kitchen,Region X,19,5499.0,104481.0
2026-05-29,P301,ChefPro Blender,Home & Kitchen,Region Y,9,5499.0,49491.0
2026-05-29,P301,ChefPro Blender,Home & Kitchen,Region Z,5,5499.0,27495.0
2026-05-29,P302,AeroFry Air Cooker,Home & Kitchen,Region X,11,8999.0,98989.0
2026-05-29,P302,AeroFry Air Cooker,Home & Kitchen,Region Y,6,8999.0,53994.0
2026-05-29,P302,AeroFry Air Cooker,Home & Kitchen,Region Z,8,8999.0,71992.0
2026-05-29,P303,PureSip Bottle,Home & Kitchen,Region X,143,899.0,128557.0
2026-05-29,P303,PureSip Bottle,Home & Kitchen,Region Y,83,899.0,74617.0
2026-05-29,P303,PureSip Bottle,Home & Kitchen,Region Z,50,899.0,44950.0
2026-05-29,P304,LoomNest Bedsheet,Home & Kitchen,Region X,30,1799.0,53970.0
2026-05-29,P304,LoomNest Bedsheet,Home & Kitchen,Region Y,17,1799.0,30583.0
2026-05-29,P304,LoomNest Bedsheet,Home & Kitchen,Region Z,12,1799.0,21588.0
2026-05-29,P401,GlowLab Serum,Beauty,Region X,65,1299.0,84435.0
2026-05-29,P401,GlowLab Serum,Beauty,Region Y,29,1299.0,37671.0
2026-05-29,P401,GlowLab Serum,Beauty,Region Z,20,1299.0,25980.0
2026-05-29,P402,SilkTouch Shampoo,Beauty,Region X,138,449.0,61962.0
2026-05-29,P402,SilkTouch Shampoo,Beauty,Region Y,66,449.0,29634.0
2026-05-29,P402,SilkTouch Shampoo,Beauty,Region Z,60,449.0,26940.0
2026-05-29,P403,DewDrop Moisturizer,Beauty,Region X,78,799.0,62322.0
2026-05-29,P403,DewDrop Moisturizer,Beauty,Region Y,63,799.0,50337.0
2026-05-29,P403,DewDrop Moisturizer,Beauty,Region Z,37,799.0,29563.0
2026-05-30,P101,VoltX Pro 5G Phone,Electronics,Region X,74,24999.0,1849926.0
2026-05-30,P101,VoltX Pro 5G Phone,Electronics,Region Y,35,24999.0,874965.0
2026-05-30,P101,VoltX Pro 5G Phone,Electronics,Region Z,18,24999.0,449982.0
2026-05-30,P102,VoltX Lite 5G Phone,Electronics,Region X,54,14999.0,809946.0
2026-05-30,P102,VoltX Lite 5G Phone,Electronics,Region Y,29,14999.0,434971.0
2026-05-30,P102,VoltX Lite 5G Phone,Electronics,Region Z,15,14999.0,224985.0
2026-05-30,P103,SoundCore Buds,Electronics,Region X,104,2999.0,311896.0
2026-05-30,P103,SoundCore Buds,Electronics,Region Y,59,2999.0,176941.0
2026-05-30,P103,SoundCore Buds,Electronics,Region Z,43,2999.0,128957.0
2026-05-30,P104,NovaTab 11,Electronics,Region X,29,18999.0,550971.0
2026-05-30,P104,NovaTab 11,Electronics,Region Y,14,18999.0,265986.0
2026-05-30,P104,NovaTab 11,Electronics,Region Z,5,18999.0,94995.0
2026-05-30,P201,UrbanDen Jacket,Apparel,Region X,38,3499.0,132962.0
2026-05-30,P201,UrbanDen Jacket,Apparel,Region Y,37,3499.0,129463.0
2026-05-30,P201,UrbanDen Jacket,Apparel,Region Z,17,3499.0,59483.0
2026-05-30,P202,FlexiKnit Tee,Apparel,Region X,138,999.0,137862.0
2026-05-30,P202,FlexiKnit Tee,Apparel,Region Y,87,999.0,86913.0
2026-05-30,P202,FlexiKnit Tee,Apparel,Region Z,66,999.0,65934.0
2026-05-30,P203,TrailBlaze Sneakers,Apparel,Region X,47,4599.0,216153.0
2026-05-30,P203,TrailBlaze Sneakers,Apparel,Region Y,22,4599.0,101178.0
2026-05-30,P203,TrailBlaze Sneakers,Apparel,Region Z,14,4599.0,64386.0
2026-05-30,P204,CloudWeave Hoodie,Apparel,Region X,44,2199.0,96756.0
2026-05-30,P204,CloudWeave Hoodie,Apparel,Region Y,19,2199.0,41781.0
2026-05-30,P204,CloudWeave Hoodie,Apparel,Region Z,19,2199.0,41781.0
2026-05-30,P301,ChefPro Blender,Home & Kitchen,Region X,19,5499.0,104481.0
2026-05-30,P301,ChefPro Blender,Home & Kitchen,Region Y,10,5499.0,54990.0
2026-05-30,P301,ChefPro Blender,Home & Kitchen,Region Z,7,5499.0,38493.0
2026-05-30,P302,AeroFry Air Cooker,Home & Kitchen,Region X,19,8999.0,170981.0
2026-05-30,P302,AeroFry Air Cooker,Home & Kitchen,Region Y,9,8999.0,80991.0
2026-05-30,P302,AeroFry Air Cooker,Home & Kitchen,Region Z,5,8999.0,44995.0
2026-05-30,P303,PureSip Bottle,Home & Kitchen,Region X,147,899.0,132153.0
2026-05-30,P303,PureSip Bottle,Home & Kitchen,Region Y,89,899.0,80011.0
2026-05-30,P303,PureSip Bottle,Home & Kitchen,Region Z,75,899.0,67425.0
2026-05-30,P304,LoomNest Bedsheet,Home & Kitchen,Region X,27,1799.0,48573.0
2026-05-30,P304,LoomNest Bedsheet,Home & Kitchen,Region Y,15,1799.0,26985.0
2026-05-30,P304,LoomNest Bedsheet,Home & Kitchen,Region Z,9,1799.0,16191.0
2026-05-30,P401,GlowLab Serum,Beauty,Region X,101,1299.0,131199.0
2026-05-30,P401,GlowLab Serum,Beauty,Region Y,60,1299.0,77940.0
2026-05-30,P401,GlowLab Serum,Beauty,Region Z,25,1299.0,32475.0
2026-05-30,P402,SilkTouch Shampoo,Beauty,Region X,221,449.0,99229.0
2026-05-30,P402,SilkTouch Shampoo,Beauty,Region Y,86,449.0,38614.0
2026-05-30,P402,SilkTouch Shampoo,Beauty,Region Z,69,449.0,30981.0
2026-05-30,P403,DewDrop Moisturizer,Beauty,Region X,101,799.0,80699.0
2026-05-30,P403,DewDrop Moisturizer,Beauty,Region Y,91,799.0,72709.0
2026-05-30,P403,DewDrop Moisturizer,Beauty,Region Z,43,799.0,34357.0
2026-05-31,P101,VoltX Pro 5G Phone,Electronics,Region X,61,24999.0,1524939.0
2026-05-31,P101,VoltX Pro 5G Phone,Electronics,Region Y,26,24999.0,649974.0
2026-05-31,P101,VoltX Pro 5G Phone,Electronics,Region Z,29,24999.0,724971.0
2026-05-31,P102,VoltX Lite 5G Phone,Electronics,Region X,50,14999.0,749950.0
2026-05-31,P102,VoltX Lite 5G Phone,Electronics,Region Y,26,14999.0,389974.0
2026-05-31,P102,VoltX Lite 5G Phone,Electronics,Region Z,16,14999.0,239984.0
2026-05-31,P103,SoundCore Buds,Electronics,Region X,107,2999.0,320893.0
2026-05-31,P103,SoundCore Buds,Electronics,Region Y,44,2999.0,131956.0
2026-05-31,P103,SoundCore Buds,Electronics,Region Z,49,2999.0,146951.0
2026-05-31,P104,NovaTab 11,Electronics,Region X,28,18999.0,531972.0
2026-05-31,P104,NovaTab 11,Electronics,Region Y,13,18999.0,246987.0
2026-05-31,P104,NovaTab 11,Electronics,Region Z,9,18999.0,170991.0
2026-05-31,P201,UrbanDen Jacket,Apparel,Region X,34,3499.0,118966.0
2026-05-31,P201,UrbanDen Jacket,Apparel,Region Y,26,3499.0,90974.0
2026-05-31,P201,UrbanDen Jacket,Apparel,Region Z,18,3499.0,62982.0
2026-05-31,P202,FlexiKnit Tee,Apparel,Region X,154,999.0,153846.0
2026-05-31,P202,FlexiKnit Tee,Apparel,Region Y,62,999.0,61938.0
2026-05-31,P202,FlexiKnit Tee,Apparel,Region Z,52,999.0,51948.0
2026-05-31,P203,TrailBlaze Sneakers,Apparel,Region X,24,4599.0,110376.0
2026-05-31,P203,TrailBlaze Sneakers,Apparel,Region Y,27,4599.0,124173.0
2026-05-31,P203,TrailBlaze Sneakers,Apparel,Region Z,15,4599.0,68985.0
2026-05-31,P204,CloudWeave Hoodie,Apparel,Region X,39,2199.0,85761.0
2026-05-31,P204,CloudWeave Hoodie,Apparel,Region Y,14,2199.0,30786.0
2026-05-31,P204,CloudWeave Hoodie,Apparel,Region Z,19,2199.0,41781.0
2026-05-31,P301,ChefPro Blender,Home & Kitchen,Region X,22,5499.0,120978.0
2026-05-31,P301,ChefPro Blender,Home & Kitchen,Region Y,12,5499.0,65988.0
2026-05-31,P301,ChefPro Blender,Home & Kitchen,Region Z,4,5499.0,21996.0
2026-05-31,P302,AeroFry Air Cooker,Home & Kitchen,Region X,13,8999.0,116987.0
2026-05-31,P302,AeroFry Air Cooker,Home & Kitchen,Region Y,12,8999.0,107988.0
2026-05-31,P302,AeroFry Air Cooker,Home & Kitchen,Region Z,5,8999.0,44995.0
2026-05-31,P303,PureSip Bottle,Home & Kitchen,Region X,153,899.0,137547.0
2026-05-31,P303,PureSip Bottle,Home & Kitchen,Region Y,76,899.0,68324.0
2026-05-31,P303,PureSip Bottle,Home & Kitchen,Region Z,69,899.0,62031.0
2026-05-31,P304,LoomNest Bedsheet,Home & Kitchen,Region X,23,1799.0,41377.0
2026-05-31,P304,LoomNest Bedsheet,Home & Kitchen,Region Y,15,1799.0,26985.0
2026-05-31,P304,LoomNest Bedsheet,Home & Kitchen,Region Z,16,1799.0,28784.0
2026-05-31,P401,GlowLab Serum,Beauty,Region X,86,1299.0,111714.0
2026-05-31,P401,GlowLab Serum,Beauty,Region Y,39,1299.0,50661.0
2026-05-31,P401,GlowLab Serum,Beauty,Region Z,30,1299.0,38970.0
2026-05-31,P402,SilkTouch Shampoo,Beauty,Region X,174,449.0,78126.0
2026-05-31,P402,SilkTouch Shampoo,Beauty,Region Y,113,449.0,50737.0
2026-05-31,P402,SilkTouch Shampoo,Beauty,Region Z,67,449.0,30083.0
2026-05-31,P403,DewDrop Moisturizer,Beauty,Region X,116,799.0,92684.0
2026-05-31,P403,DewDrop Moisturizer,Beauty,Region Y,60,799.0,47940.0
2026-05-31,P403,DewDrop Moisturizer,Beauty,Region Z,38,799.0,30362.0
2026-06-01,P101,VoltX Pro 5G Phone,Electronics,Region X,57,24999.0,1424943.0
2026-06-01,P101,VoltX Pro 5G Phone,Electronics,Region Y,40,24999.0,999960.0
2026-06-01,P101,VoltX Pro 5G Phone,Electronics,Region Z,16,24999.0,399984.0
2026-06-01,P102,VoltX Lite 5G Phone,Electronics,Region X,42,14999.0,629958.0
2026-06-01,P102,VoltX Lite 5G Phone,Electronics,Region Y,32,14999.0,479968.0
2026-06-01,P102,VoltX Lite 5G Phone,Electronics,Region Z,15,14999.0,224985.0
2026-06-01,P103,SoundCore Buds,Electronics,Region X,75,2999.0,224925.0
2026-06-01,P103,SoundCore Buds,Electronics,Region Y,57,2999.0,170943.0
2026-06-01,P103,SoundCore Buds,Electronics,Region Z,34,2999.0,101966.0
2026-06-01,P104,NovaTab 11,Electronics,Region X,20,18999.0,379980.0
2026-06-01,P104,NovaTab 11,Electronics,Region Y,8,18999.0,151992.0
2026-06-01,P104,NovaTab 11,Electronics,Region Z,4,18999.0,75996.0
2026-06-01,P201,UrbanDen Jacket,Apparel,Region X,39,3499.0,136461.0
2026-06-01,P201,UrbanDen Jacket,Apparel,Region Y,21,3499.0,73479.0
2026-06-01,P201,UrbanDen Jacket,Apparel,Region Z,10,3499.0,34990.0
2026-06-01,P202,FlexiKnit Tee,Apparel,Region X,137,999.0,136863.0
2026-06-01,P202,FlexiKnit Tee,Apparel,Region Y,69,999.0,68931.0
2026-06-01,P202,FlexiKnit Tee,Apparel,Region Z,35,999.0,34965.0
2026-06-01,P203,TrailBlaze Sneakers,Apparel,Region X,35,4599.0,160965.0
2026-06-01,P203,TrailBlaze Sneakers,Apparel,Region Y,18,4599.0,82782.0
2026-06-01,P203,TrailBlaze Sneakers,Apparel,Region Z,20,4599.0,91980.0
2026-06-01,P204,CloudWeave Hoodie,Apparel,Region X,36,2199.0,79164.0
2026-06-01,P204,CloudWeave Hoodie,Apparel,Region Y,20,2199.0,43980.0
2026-06-01,P204,CloudWeave Hoodie,Apparel,Region Z,15,2199.0,32985.0
2026-06-01,P301,ChefPro Blender,Home & Kitchen,Region X,18,5499.0,98982.0
2026-06-01,P301,ChefPro Blender,Home & Kitchen,Region Y,14,5499.0,76986.0
2026-06-01,P301,ChefPro Blender,Home & Kitchen,Region Z,9,5499.0,49491.0
2026-06-01,P302,AeroFry Air Cooker,Home & Kitchen,Region X,9,8999.0,80991.0
2026-06-01,P302,AeroFry Air Cooker,Home & Kitchen,Region Y,11,8999.0,98989.0
2026-06-01,P302,AeroFry Air Cooker,Home & Kitchen,Region Z,2,8999.0,17998.0
2026-06-01,P303,PureSip Bottle,Home & Kitchen,Region X,152,899.0,136648.0
2026-06-01,P303,PureSip Bottle,Home & Kitchen,Region Y,64,899.0,57536.0
2026-06-01,P303,PureSip Bottle,Home & Kitchen,Region Z,39,899.0,35061.0
2026-06-01,P304,LoomNest Bedsheet,Home & Kitchen,Region X,25,1799.0,44975.0
2026-06-01,P304,LoomNest Bedsheet,Home & Kitchen,Region Y,12,1799.0,21588.0
2026-06-01,P304,LoomNest Bedsheet,Home & Kitchen,Region Z,6,1799.0,10794.0
2026-06-01,P401,GlowLab Serum,Beauty,Region X,68,1299.0,88332.0
2026-06-01,P401,GlowLab Serum,Beauty,Region Y,32,1299.0,41568.0
2026-06-01,P401,GlowLab Serum,Beauty,Region Z,28,1299.0,36372.0
2026-06-01,P402,SilkTouch Shampoo,Beauty,Region X,154,449.0,69146.0
2026-06-01,P402,SilkTouch Shampoo,Beauty,Region Y,89,449.0,39961.0
2026-06-01,P402,SilkTouch Shampoo,Beauty,Region Z,58,449.0,26042.0
2026-06-01,P403,DewDrop Moisturizer,Beauty,Region X,94,799.0,75106.0
2026-06-01,P403,DewDrop Moisturizer,Beauty,Region Y,46,799.0,36754.0
2026-06-01,P403,DewDrop Moisturizer,Beauty,Region Z,27,799.0,21573.0
2026-06-02,P101,VoltX Pro 5G Phone,Electronics,Region X,55,24999.0,1374945.0
2026-06-02,P101,VoltX Pro 5G Phone,Electronics,Region Y,29,24999.0,724971.0
2026-06-02,P101,VoltX Pro 5G Phone,Electronics,Region Z,23,24999.0,574977.0
2026-06-02,P102,VoltX Lite 5G Phone,Electronics,Region X,46,14999.0,689954.0
2026-06-02,P102,VoltX Lite 5G Phone,Electronics,Region Y,17,14999.0,254983.0
2026-06-02,P102,VoltX Lite 5G Phone,Electronics,Region Z,12,14999.0,179988.0
2026-06-02,P103,SoundCore Buds,Electronics,Region X,99,2999.0,296901.0
2026-06-02,P103,SoundCore Buds,Electronics,Region Y,59,2999.0,176941.0
2026-06-02,P103,SoundCore Buds,Electronics,Region Z,26,2999.0,77974.0
2026-06-02,P104,NovaTab 11,Electronics,Region X,23,18999.0,436977.0
2026-06-02,P104,NovaTab 11,Electronics,Region Y,6,18999.0,113994.0
2026-06-02,P104,NovaTab 11,Electronics,Region Z,6,18999.0,113994.0
2026-06-02,P201,UrbanDen Jacket,Apparel,Region X,51,3499.0,178449.0
2026-06-02,P201,UrbanDen Jacket,Apparel,Region Y,22,3499.0,76978.0
2026-06-02,P201,UrbanDen Jacket,Apparel,Region Z,13,3499.0,45487.0
2026-06-02,P202,FlexiKnit Tee,Apparel,Region X,133,999.0,132867.0
2026-06-02,P202,FlexiKnit Tee,Apparel,Region Y,64,999.0,63936.0
2026-06-02,P202,FlexiKnit Tee,Apparel,Region Z,49,999.0,48951.0
2026-06-02,P203,TrailBlaze Sneakers,Apparel,Region X,34,4599.0,156366.0
2026-06-02,P203,TrailBlaze Sneakers,Apparel,Region Y,12,4599.0,55188.0
2026-06-02,P203,TrailBlaze Sneakers,Apparel,Region Z,9,4599.0,41391.0
2026-06-02,P204,CloudWeave Hoodie,Apparel,Region X,36,2199.0,79164.0
2026-06-02,P204,CloudWeave Hoodie,Apparel,Region Y,20,2199.0,43980.0
2026-06-02,P204,CloudWeave Hoodie,Apparel,Region Z,11,2199.0,24189.0
2026-06-02,P301,ChefPro Blender,Home & Kitchen,Region X,18,5499.0,98982.0
2026-06-02,P301,ChefPro Blender,Home & Kitchen,Region Y,7,5499.0,38493.0
2026-06-02,P301,ChefPro Blender,Home & Kitchen,Region Z,10,5499.0,54990.0
2026-06-02,P302,AeroFry Air Cooker,Home & Kitchen,Region X,12,8999.0,107988.0
2026-06-02,P302,AeroFry Air Cooker,Home & Kitchen,Region Y,9,8999.0,80991.0
2026-06-02,P302,AeroFry Air Cooker,Home & Kitchen,Region Z,5,8999.0,44995.0
2026-06-02,P303,PureSip Bottle,Home & Kitchen,Region X,148,899.0,133052.0
2026-06-02,P303,PureSip Bottle,Home & Kitchen,Region Y,66,899.0,59334.0
2026-06-02,P303,PureSip Bottle,Home & Kitchen,Region Z,56,899.0,50344.0
2026-06-02,P304,LoomNest Bedsheet,Home & Kitchen,Region X,31,1799.0,55769.0
2026-06-02,P304,LoomNest Bedsheet,Home & Kitchen,Region Y,15,1799.0,26985.0
2026-06-02,P304,LoomNest Bedsheet,Home & Kitchen,Region Z,10,1799.0,17990.0
2026-06-02,P401,GlowLab Serum,Beauty,Region X,67,1299.0,87033.0
2026-06-02,P401,GlowLab Serum,Beauty,Region Y,39,1299.0,50661.0
2026-06-02,P401,GlowLab Serum,Beauty,Region Z,21,1299.0,27279.0
2026-06-02,P402,SilkTouch Shampoo,Beauty,Region X,157,449.0,70493.0
2026-06-02,P402,SilkTouch Shampoo,Beauty,Region Y,93,449.0,41757.0
2026-06-02,P402,SilkTouch Shampoo,Beauty,Region Z,67,449.0,30083.0
2026-06-02,P403,DewDrop Moisturizer,Beauty,Region X,94,799.0,75106.0
2026-06-02,P403,DewDrop Moisturizer,Beauty,Region Y,53,799.0,42347.0
2026-06-02,P403,DewDrop Moisturizer,Beauty,Region Z,43,799.0,34357.0
2026-06-03,P101,VoltX Pro 5G Phone,Electronics,Region X,54,24999.0,1349946.0
2026-06-03,P101,VoltX Pro 5G Phone,Electronics,Region Y,29,24999.0,724971.0
2026-06-03,P101,VoltX Pro 5G Phone,Electronics,Region Z,26,24999.0,649974.0
2026-06-03,P102,VoltX Lite 5G Phone,Electronics,Region X,30,14999.0,449970.0
2026-06-03,P102,VoltX Lite 5G Phone,Electronics,Region Y,22,14999.0,329978.0
2026-06-03,P102,VoltX Lite 5G Phone,Electronics,Region Z,11,14999.0,164989.0
2026-06-03,P103,SoundCore Buds,Electronics,Region X,110,2999.0,329890.0
2026-06-03,P103,SoundCore Buds,Electronics,Region Y,49,2999.0,146951.0
2026-06-03,P103,SoundCore Buds,Electronics,Region Z,36,2999.0,107964.0
2026-06-03,P104,NovaTab 11,Electronics,Region X,28,18999.0,531972.0
2026-06-03,P104,NovaTab 11,Electronics,Region Y,13,18999.0,246987.0
2026-06-03,P104,NovaTab 11,Electronics,Region Z,7,18999.0,132993.0
2026-06-03,P201,UrbanDen Jacket,Apparel,Region X,36,3499.0,125964.0
2026-06-03,P201,UrbanDen Jacket,Apparel,Region Y,18,3499.0,62982.0
2026-06-03,P201,UrbanDen Jacket,Apparel,Region Z,16,3499.0,55984.0
2026-06-03,P202,FlexiKnit Tee,Apparel,Region X,111,999.0,110889.0
2026-06-03,P202,FlexiKnit Tee,Apparel,Region Y,64,999.0,63936.0
2026-06-03,P202,FlexiKnit Tee,Apparel,Region Z,48,999.0,47952.0
2026-06-03,P203,TrailBlaze Sneakers,Apparel,Region X,29,4599.0,133371.0
2026-06-03,P203,TrailBlaze Sneakers,Apparel,Region Y,13,4599.0,59787.0
2026-06-03,P203,TrailBlaze Sneakers,Apparel,Region Z,9,4599.0,41391.0
2026-06-03,P204,CloudWeave Hoodie,Apparel,Region X,32,2199.0,70368.0
2026-06-03,P204,CloudWeave Hoodie,Apparel,Region Y,18,2199.0,39582.0
2026-06-03,P204,CloudWeave Hoodie,Apparel,Region Z,8,2199.0,17592.0
2026-06-03,P301,ChefPro Blender,Home & Kitchen,Region X,12,5499.0,65988.0
2026-06-03,P301,ChefPro Blender,Home & Kitchen,Region Y,9,5499.0,49491.0
2026-06-03,P301,ChefPro Blender,Home & Kitchen,Region Z,5,5499.0,27495.0
2026-06-03,P302,AeroFry Air Cooker,Home & Kitchen,Region X,12,8999.0,107988.0
2026-06-03,P302,AeroFry Air Cooker,Home & Kitchen,Region Y,6,8999.0,53994.0
2026-06-03,P302,AeroFry Air Cooker,Home & Kitchen,Region Z,0,8999.0,0.0
2026-06-03,P303,PureSip Bottle,Home & Kitchen,Region X,126,899.0,113274.0
2026-06-03,P303,PureSip Bottle,Home & Kitchen,Region Y,70,899.0,62930.0
2026-06-03,P303,PureSip Bottle,Home & Kitchen,Region Z,36,899.0,32364.0
2026-06-03,P304,LoomNest Bedsheet,Home & Kitchen,Region X,21,1799.0,37779.0
2026-06-03,P304,LoomNest Bedsheet,Home & Kitchen,Region Y,14,1799.0,25186.0
2026-06-03,P304,LoomNest Bedsheet,Home & Kitchen,Region Z,13,1799.0,23387.0
2026-06-03,P401,GlowLab Serum,Beauty,Region X,69,1299.0,89631.0
2026-06-03,P401,GlowLab Serum,Beauty,Region Y,38,1299.0,49362.0
2026-06-03,P401,GlowLab Serum,Beauty,Region Z,21,1299.0,27279.0
2026-06-03,P402,SilkTouch Shampoo,Beauty,Region X,167,449.0,74983.0
2026-06-03,P402,SilkTouch Shampoo,Beauty,Region Y,100,449.0,44900.0
2026-06-03,P402,SilkTouch Shampoo,Beauty,Region Z,55,449.0,24695.0
2026-06-03,P403,DewDrop Moisturizer,Beauty,Region X,90,799.0,71910.0
2026-06-03,P403,DewDrop Moisturizer,Beauty,Region Y,65,799.0,51935.0
2026-06-03,P403,DewDrop Moisturizer,Beauty,Region Z,36,799.0,28764.0
2026-06-04,P101,VoltX Pro 5G Phone,Electronics,Region X,59,24999.0,1474941.0
2026-06-04,P101,VoltX Pro 5G Phone,Electronics,Region Y,36,24999.0,899964.0
2026-06-04,P101,VoltX Pro 5G Phone,Electronics,Region Z,13,24999.0,324987.0
2026-06-04,P102,VoltX Lite 5G Phone,Electronics,Region X,36,14999.0,539964.0
2026-06-04,P102,VoltX Lite 5G Phone,Electronics,Region Y,29,14999.0,434971.0
2026-06-04,P102,VoltX Lite 5G Phone,Electronics,Region Z,14,14999.0,209986.0
2026-06-04,P103,SoundCore Buds,Electronics,Region X,85,2999.0,254915.0
2026-06-04,P103,SoundCore Buds,Electronics,Region Y,48,2999.0,143952.0
2026-06-04,P103,SoundCore Buds,Electronics,Region Z,42,2999.0,125958.0
2026-06-04,P104,NovaTab 11,Electronics,Region X,18,18999.0,341982.0
2026-06-04,P104,NovaTab 11,Electronics,Region Y,7,18999.0,132993.0
2026-06-04,P104,NovaTab 11,Electronics,Region Z,6,18999.0,113994.0
2026-06-04,P201,UrbanDen Jacket,Apparel,Region X,51,3499.0,178449.0
2026-06-04,P201,UrbanDen Jacket,Apparel,Region Y,23,3499.0,80477.0
2026-06-04,P201,UrbanDen Jacket,Apparel,Region Z,12,3499.0,41988.0
2026-06-04,P202,FlexiKnit Tee,Apparel,Region X,120,999.0,119880.0
2026-06-04,P202,FlexiKnit Tee,Apparel,Region Y,57,999.0,56943.0
2026-06-04,P202,FlexiKnit Tee,Apparel,Region Z,34,999.0,33966.0
2026-06-04,P203,TrailBlaze Sneakers,Apparel,Region X,36,4599.0,165564.0
2026-06-04,P203,TrailBlaze Sneakers,Apparel,Region Y,17,4599.0,78183.0
2026-06-04,P203,TrailBlaze Sneakers,Apparel,Region Z,9,4599.0,41391.0
2026-06-04,P204,CloudWeave Hoodie,Apparel,Region X,36,2199.0,79164.0
2026-06-04,P204,CloudWeave Hoodie,Apparel,Region Y,17,2199.0,37383.0
2026-06-04,P204,CloudWeave Hoodie,Apparel,Region Z,13,2199.0,28587.0
2026-06-04,P301,ChefPro Blender,Home & Kitchen,Region X,6,5499.0,32994.0
2026-06-04,P301,ChefPro Blender,Home & Kitchen,Region Y,10,5499.0,54990.0
2026-06-04,P301,ChefPro Blender,Home & Kitchen,Region Z,6,5499.0,32994.0
2026-06-04,P302,AeroFry Air Cooker,Home & Kitchen,Region X,15,8999.0,134985.0
2026-06-04,P302,AeroFry Air Cooker,Home & Kitchen,Region Y,5,8999.0,44995.0
2026-06-04,P302,AeroFry Air Cooker,Home & Kitchen,Region Z,6,8999.0,53994.0
2026-06-04,P303,PureSip Bottle,Home & Kitchen,Region X,98,899.0,88102.0
2026-06-04,P303,PureSip Bottle,Home & Kitchen,Region Y,52,899.0,46748.0
2026-06-04,P303,PureSip Bottle,Home & Kitchen,Region Z,45,899.0,40455.0
2026-06-04,P304,LoomNest Bedsheet,Home & Kitchen,Region X,16,1799.0,28784.0
2026-06-04,P304,LoomNest Bedsheet,Home & Kitchen,Region Y,14,1799.0,25186.0
2026-06-04,P304,LoomNest Bedsheet,Home & Kitchen,Region Z,11,1799.0,19789.0
2026-06-04,P401,GlowLab Serum,Beauty,Region X,91,1299.0,118209.0
2026-06-04,P401,GlowLab Serum,Beauty,Region Y,32,1299.0,41568.0
2026-06-04,P401,GlowLab Serum,Beauty,Region Z,17,1299.0,22083.0
2026-06-04,P402,SilkTouch Shampoo,Beauty,Region X,195,449.0,87555.0
2026-06-04,P402,SilkTouch Shampoo,Beauty,Region Y,102,449.0,45798.0
2026-06-04,P402,SilkTouch Shampoo,Beauty,Region Z,51,449.0,22899.0
2026-06-04,P403,DewDrop Moisturizer,Beauty,Region X,95,799.0,75905.0
2026-06-04,P403,DewDrop Moisturizer,Beauty,Region Y,50,799.0,39950.0
2026-06-04,P403,DewDrop Moisturizer,Beauty,Region Z,40,799.0,31960.0
2026-06-05,P101,VoltX Pro 5G Phone,Electronics,Region X,57,24999.0,1424943.0
2026-06-05,P101,VoltX Pro 5G Phone,Electronics,Region Y,34,24999.0,849966.0
2026-06-05,P101,VoltX Pro 5G Phone,Electronics,Region Z,14,24999.0,349986.0
2026-06-05,P102,VoltX Lite 5G Phone,Electronics,Region X,39,14999.0,584961.0
2026-06-05,P102,VoltX Lite 5G Phone,Electronics,Region Y,19,14999.0,284981.0
2026-06-05,P102,VoltX Lite 5G Phone,Electronics,Region Z,18,14999.0,269982.0
2026-06-05,P103,SoundCore Buds,Electronics,Region X,80,2999.0,239920.0
2026-06-05,P103,SoundCore Buds,Electronics,Region Y,38,2999.0,113962.0
2026-06-05,P103,SoundCore Buds,Electronics,Region Z,39,2999.0,116961.0
2026-06-05,P104,NovaTab 11,Electronics,Region X,20,18999.0,379980.0
2026-06-05,P104,NovaTab 11,Electronics,Region Y,14,18999.0,265986.0
2026-06-05,P104,NovaTab 11,Electronics,Region Z,13,18999.0,246987.0
2026-06-05,P201,UrbanDen Jacket,Apparel,Region X,44,3499.0,153956.0
2026-06-05,P201,UrbanDen Jacket,Apparel,Region Y,16,3499.0,55984.0
2026-06-05,P201,UrbanDen Jacket,Apparel,Region Z,13,3499.0,45487.0
2026-06-05,P202,FlexiKnit Tee,Apparel,Region X,90,999.0,89910.0
2026-06-05,P202,FlexiKnit Tee,Apparel,Region Y,74,999.0,73926.0
2026-06-05,P202,FlexiKnit Tee,Apparel,Region Z,39,999.0,38961.0
2026-06-05,P203,TrailBlaze Sneakers,Apparel,Region X,30,4599.0,137970.0
2026-06-05,P203,TrailBlaze Sneakers,Apparel,Region Y,13,4599.0,59787.0
2026-06-05,P203,TrailBlaze Sneakers,Apparel,Region Z,12,4599.0,55188.0
2026-06-05,P204,CloudWeave Hoodie,Apparel,Region X,38,2199.0,83562.0
2026-06-05,P204,CloudWeave Hoodie,Apparel,Region Y,18,2199.0,39582.0
2026-06-05,P204,CloudWeave Hoodie,Apparel,Region Z,14,2199.0,30786.0
2026-06-05,P301,ChefPro Blender,Home & Kitchen,Region X,14,5499.0,76986.0
2026-06-05,P301,ChefPro Blender,Home & Kitchen,Region Y,5,5499.0,27495.0
2026-06-05,P301,ChefPro Blender,Home & Kitchen,Region Z,10,5499.0,54990.0
2026-06-05,P302,AeroFry Air Cooker,Home & Kitchen,Region X,9,8999.0,80991.0
2026-06-05,P302,AeroFry Air Cooker,Home & Kitchen,Region Y,4,8999.0,35996.0
2026-06-05,P302,AeroFry Air Cooker,Home & Kitchen,Region Z,2,8999.0,17998.0
2026-06-05,P303,PureSip Bottle,Home & Kitchen,Region X,154,899.0,138446.0
2026-06-05,P303,PureSip Bottle,Home & Kitchen,Region Y,62,899.0,55738.0
2026-06-05,P303,PureSip Bottle,Home & Kitchen,Region Z,49,899.0,44051.0
2026-06-05,P304,LoomNest Bedsheet,Home & Kitchen,Region X,22,1799.0,39578.0
2026-06-05,P304,LoomNest Bedsheet,Home & Kitchen,Region Y,12,1799.0,21588.0
2026-06-05,P304,LoomNest Bedsheet,Home & Kitchen,Region Z,13,1799.0,23387.0
2026-06-05,P401,GlowLab Serum,Beauty,Region X,74,1299.0,96126.0
2026-06-05,P401,GlowLab Serum,Beauty,Region Y,42,1299.0,54558.0
2026-06-05,P401,GlowLab Serum,Beauty,Region Z,17,1299.0,22083.0
2026-06-05,P402,SilkTouch Shampoo,Beauty,Region X,184,449.0,82616.0
2026-06-05,P402,SilkTouch Shampoo,Beauty,Region Y,99,449.0,44451.0
2026-06-05,P402,SilkTouch Shampoo,Beauty,Region Z,53,449.0,23797.0
2026-06-05,P403,DewDrop Moisturizer,Beauty,Region X,93,799.0,74307.0
2026-06-05,P403,DewDrop Moisturizer,Beauty,Region Y,50,799.0,39950.0
2026-06-05,P403,DewDrop Moisturizer,Beauty,Region Z,25,799.0,19975.0
2026-06-06,P101,VoltX Pro 5G Phone,Electronics,Region X,66,24999.0,1649934.0
2026-06-06,P101,VoltX Pro 5G Phone,Electronics,Region Y,49,24999.0,1224951.0
2026-06-06,P101,VoltX Pro 5G Phone,Electronics,Region Z,31,24999.0,774969.0
2026-06-06,P102,VoltX Lite 5G Phone,Electronics,Region X,59,14999.0,884941.0
2026-06-06,P102,VoltX Lite 5G Phone,Electronics,Region Y,25,14999.0,374975.0
2026-06-06,P102,VoltX Lite 5G Phone,Electronics,Region Z,13,14999.0,194987.0
2026-06-06,P103,SoundCore Buds,Electronics,Region X,105,2999.0,314895.0
2026-06-06,P103,SoundCore Buds,Electronics,Region Y,57,2999.0,170943.0
2026-06-06,P103,SoundCore Buds,Electronics,Region Z,44,2999.0,131956.0
2026-06-06,P104,NovaTab 11,Electronics,Region X,28,18999.0,531972.0
2026-06-06,P104,NovaTab 11,Electronics,Region Y,11,18999.0,208989.0
2026-06-06,P104,NovaTab 11,Electronics,Region Z,9,18999.0,170991.0
2026-06-06,P201,UrbanDen Jacket,Apparel,Region X,58,3499.0,202942.0
2026-06-06,P201,UrbanDen Jacket,Apparel,Region Y,22,3499.0,76978.0
2026-06-06,P201,UrbanDen Jacket,Apparel,Region Z,20,3499.0,69980.0
2026-06-06,P202,FlexiKnit Tee,Apparel,Region X,152,999.0,151848.0
2026-06-06,P202,FlexiKnit Tee,Apparel,Region Y,72,999.0,71928.0
2026-06-06,P202,FlexiKnit Tee,Apparel,Region Z,50,999.0,49950.0
2026-06-06,P203,TrailBlaze Sneakers,Apparel,Region X,23,4599.0,105777.0
2026-06-06,P203,TrailBlaze Sneakers,Apparel,Region Y,22,4599.0,101178.0
2026-06-06,P203,TrailBlaze Sneakers,Apparel,Region Z,19,4599.0,87381.0
2026-06-06,P204,CloudWeave Hoodie,Apparel,Region X,45,2199.0,98955.0
2026-06-06,P204,CloudWeave Hoodie,Apparel,Region Y,31,2199.0,68169.0
2026-06-06,P204,CloudWeave Hoodie,Apparel,Region Z,20,2199.0,43980.0
2026-06-06,P301,ChefPro Blender,Home & Kitchen,Region X,22,5499.0,120978.0
2026-06-06,P301,ChefPro Blender,Home & Kitchen,Region Y,9,5499.0,49491.0
2026-06-06,P301,ChefPro Blender,Home & Kitchen,Region Z,10,5499.0,54990.0
2026-06-06,P302,AeroFry Air Cooker,Home & Kitchen,Region X,12,8999.0,107988.0
2026-06-06,P302,AeroFry Air Cooker,Home & Kitchen,Region Y,6,8999.0,53994.0
2026-06-06,P302,AeroFry Air Cooker,Home & Kitchen,Region Z,4,8999.0,35996.0
2026-06-06,P303,PureSip Bottle,Home & Kitchen,Region X,191,899.0,171709.0
2026-06-06,P303,PureSip Bottle,Home & Kitchen,Region Y,83,899.0,74617.0
2026-06-06,P303,PureSip Bottle,Home & Kitchen,Region Z,55,899.0,49445.0
2026-06-06,P304,LoomNest Bedsheet,Home & Kitchen,Region X,23,1799.0,41377.0
2026-06-06,P304,LoomNest Bedsheet,Home & Kitchen,Region Y,20,1799.0,35980.0
2026-06-06,P304,LoomNest Bedsheet,Home & Kitchen,Region Z,24,1799.0,43176.0
2026-06-06,P401,GlowLab Serum,Beauty,Region X,106,1299.0,137694.0
2026-06-06,P401,GlowLab Serum,Beauty,Region Y,44,1299.0,57156.0
2026-06-06,P401,GlowLab Serum,Beauty,Region Z,37,1299.0,48063.0
2026-06-06,P402,SilkTouch Shampoo,Beauty,Region X,192,449.0,86208.0
2026-06-06,P402,SilkTouch Shampoo,Beauty,Region Y,101,449.0,45349.0
2026-06-06,P402,SilkTouch Shampoo,Beauty,Region Z,58,449.0,26042.0
2026-06-06,P403,DewDrop Moisturizer,Beauty,Region X,126,799.0,100674.0
2026-06-06,P403,DewDrop Moisturizer,Beauty,Region Y,65,799.0,51935.0
2026-06-06,P403,DewDrop Moisturizer,Beauty,Region Z,46,799.0,36754.0
2026-06-07,P101,VoltX Pro 5G Phone,Electronics,Region X,71,24999.0,1774929.0
2026-06-07,P101,VoltX Pro 5G Phone,Electronics,Region Y,35,24999.0,874965.0
2026-06-07,P101,VoltX Pro 5G Phone,Electronics,Region Z,17,24999.0,424983.0
2026-06-07,P102,VoltX Lite 5G Phone,Electronics,Region X,52,14999.0,779948.0
2026-06-07,P102,VoltX Lite 5G Phone,Electronics,Region Y,23,14999.0,344977.0
2026-06-07,P102,VoltX Lite 5G Phone,Electronics,Region Z,15,14999.0,224985.0
2026-06-07,P103,SoundCore Buds,Electronics,Region X,107,2999.0,320893.0
2026-06-07,P103,SoundCore Buds,Electronics,Region Y,49,2999.0,146951.0
2026-06-07,P103,SoundCore Buds,Electronics,Region Z,37,2999.0,110963.0
2026-06-07,P104,NovaTab 11,Electronics,Region X,21,18999.0,398979.0
2026-06-07,P104,NovaTab 11,Electronics,Region Y,13,18999.0,246987.0
2026-06-07,P104,NovaTab 11,Electronics,Region Z,8,18999.0,151992.0
2026-06-07,P201,UrbanDen Jacket,Apparel,Region X,46,3499.0,160954.0
2026-06-07,P201,UrbanDen Jacket,Apparel,Region Y,27,3499.0,94473.0
2026-06-07,P201,UrbanDen Jacket,Apparel,Region Z,15,3499.0,52485.0
2026-06-07,P202,FlexiKnit Tee,Apparel,Region X,168,999.0,167832.0
2026-06-07,P202,FlexiKnit Tee,Apparel,Region Y,78,999.0,77922.0
2026-06-07,P202,FlexiKnit Tee,Apparel,Region Z,59,999.0,58941.0
2026-06-07,P203,TrailBlaze Sneakers,Apparel,Region X,29,4599.0,133371.0
2026-06-07,P203,TrailBlaze Sneakers,Apparel,Region Y,14,4599.0,64386.0
2026-06-07,P203,TrailBlaze Sneakers,Apparel,Region Z,11,4599.0,50589.0
2026-06-07,P204,CloudWeave Hoodie,Apparel,Region X,49,2199.0,107751.0
2026-06-07,P204,CloudWeave Hoodie,Apparel,Region Y,23,2199.0,50577.0
2026-06-07,P204,CloudWeave Hoodie,Apparel,Region Z,15,2199.0,32985.0
2026-06-07,P301,ChefPro Blender,Home & Kitchen,Region X,19,5499.0,104481.0
2026-06-07,P301,ChefPro Blender,Home & Kitchen,Region Y,12,5499.0,65988.0
2026-06-07,P301,ChefPro Blender,Home & Kitchen,Region Z,8,5499.0,43992.0
2026-06-07,P302,AeroFry Air Cooker,Home & Kitchen,Region X,17,8999.0,152983.0
2026-06-07,P302,AeroFry Air Cooker,Home & Kitchen,Region Y,1,8999.0,8999.0
2026-06-07,P302,AeroFry Air Cooker,Home & Kitchen,Region Z,1,8999.0,8999.0
2026-06-07,P303,PureSip Bottle,Home & Kitchen,Region X,162,899.0,145638.0
2026-06-07,P303,PureSip Bottle,Home & Kitchen,Region Y,85,899.0,76415.0
2026-06-07,P303,PureSip Bottle,Home & Kitchen,Region Z,45,899.0,40455.0
2026-06-07,P304,LoomNest Bedsheet,Home & Kitchen,Region X,38,1799.0,68362.0
2026-06-07,P304,LoomNest Bedsheet,Home & Kitchen,Region Y,16,1799.0,28784.0
2026-06-07,P304,LoomNest Bedsheet,Home & Kitchen,Region Z,11,1799.0,19789.0
2026-06-07,P401,GlowLab Serum,Beauty,Region X,70,1299.0,90930.0
2026-06-07,P401,GlowLab Serum,Beauty,Region Y,44,1299.0,57156.0
2026-06-07,P401,GlowLab Serum,Beauty,Region Z,29,1299.0,37671.0
2026-06-07,P402,SilkTouch Shampoo,Beauty,Region X,181,449.0,81269.0
2026-06-07,P402,SilkTouch Shampoo,Beauty,Region Y,104,449.0,46696.0
2026-06-07,P402,SilkTouch Shampoo,Beauty,Region Z,68,449.0,30532.0
2026-06-07,P403,DewDrop Moisturizer,Beauty,Region X,89,799.0,71111.0
2026-06-07,P403,DewDrop Moisturizer,Beauty,Region Y,57,799.0,45543.0
2026-06-07,P403,DewDrop Moisturizer,Beauty,Region Z,46,799.0,36754.0
2026-06-08,P101,VoltX Pro 5G Phone,Electronics,Region X,57,24999.0,1424943.0
2026-06-08,P101,VoltX Pro 5G Phone,Electronics,Region Y,46,24999.0,1149954.0
2026-06-08,P101,VoltX Pro 5G Phone,Electronics,Region Z,30,24999.0,749970.0
2026-06-08,P102,VoltX Lite 5G Phone,Electronics,Region X,56,14999.0,839944.0
2026-06-08,P102,VoltX Lite 5G Phone,Electronics,Region Y,28,14999.0,419972.0
2026-06-08,P102,VoltX Lite 5G Phone,Electronics,Region Z,12,14999.0,179988.0
2026-06-08,P103,SoundCore Buds,Electronics,Region X,94,2999.0,281906.0
2026-06-08,P103,SoundCore Buds,Electronics,Region Y,46,2999.0,137954.0
2026-06-08,P103,SoundCore Buds,Electronics,Region Z,35,2999.0,104965.0
2026-06-08,P104,NovaTab 11,Electronics,Region X,32,18999.0,607968.0
2026-06-08,P104,NovaTab 11,Electronics,Region Y,10,18999.0,189990.0
2026-06-08,P104,NovaTab 11,Electronics,Region Z,7,18999.0,132993.0
2026-06-08,P201,UrbanDen Jacket,Apparel,Region X,42,3499.0,146958.0
2026-06-08,P201,UrbanDen Jacket,Apparel,Region Y,17,3499.0,59483.0
2026-06-08,P201,UrbanDen Jacket,Apparel,Region Z,17,3499.0,59483.0
2026-06-08,P202,FlexiKnit Tee,Apparel,Region X,120,999.0,119880.0
2026-06-08,P202,FlexiKnit Tee,Apparel,Region Y,61,999.0,60939.0
2026-06-08,P202,FlexiKnit Tee,Apparel,Region Z,41,999.0,40959.0
2026-06-08,P203,TrailBlaze Sneakers,Apparel,Region X,38,4599.0,174762.0
2026-06-08,P203,TrailBlaze Sneakers,Apparel,Region Y,15,4599.0,68985.0
2026-06-08,P203,TrailBlaze Sneakers,Apparel,Region Z,5,4599.0,22995.0
2026-06-08,P204,CloudWeave Hoodie,Apparel,Region X,32,2199.0,70368.0
2026-06-08,P204,CloudWeave Hoodie,Apparel,Region Y,13,2199.0,28587.0
2026-06-08,P204,CloudWeave Hoodie,Apparel,Region Z,11,2199.0,24189.0
2026-06-08,P301,ChefPro Blender,Home & Kitchen,Region X,22,5499.0,120978.0
2026-06-08,P301,ChefPro Blender,Home & Kitchen,Region Y,5,5499.0,27495.0
2026-06-08,P301,ChefPro Blender,Home & Kitchen,Region Z,8,5499.0,43992.0
2026-06-08,P302,AeroFry Air Cooker,Home & Kitchen,Region X,9,8999.0,80991.0
2026-06-08,P302,AeroFry Air Cooker,Home & Kitchen,Region Y,7,8999.0,62993.0
2026-06-08,P302,AeroFry Air Cooker,Home & Kitchen,Region Z,3,8999.0,26997.0
2026-06-08,P303,PureSip Bottle,Home & Kitchen,Region X,173,899.0,155527.0
2026-06-08,P303,PureSip Bottle,Home & Kitchen,Region Y,65,899.0,58435.0
2026-06-08,P303,PureSip Bottle,Home & Kitchen,Region Z,63,899.0,56637.0
2026-06-08,P304,LoomNest Bedsheet,Home & Kitchen,Region X,24,1799.0,43176.0
2026-06-08,P304,LoomNest Bedsheet,Home & Kitchen,Region Y,11,1799.0,19789.0
2026-06-08,P304,LoomNest Bedsheet,Home & Kitchen,Region Z,7,1799.0,12593.0
2026-06-08,P401,GlowLab Serum,Beauty,Region X,67,1299.0,87033.0
2026-06-08,P401,GlowLab Serum,Beauty,Region Y,34,1299.0,44166.0
2026-06-08,P401,GlowLab Serum,Beauty,Region Z,43,1299.0,55857.0
2026-06-08,P402,SilkTouch Shampoo,Beauty,Region X,149,449.0,66901.0
2026-06-08,P402,SilkTouch Shampoo,Beauty,Region Y,81,449.0,36369.0
2026-06-08,P402,SilkTouch Shampoo,Beauty,Region Z,57,449.0,25593.0
2026-06-08,P403,DewDrop Moisturizer,Beauty,Region X,79,799.0,63121.0
2026-06-08,P403,DewDrop Moisturizer,Beauty,Region Y,57,799.0,45543.0
2026-06-08,P403,DewDrop Moisturizer,Beauty,Region Z,37,799.0,29563.0
2026-06-09,P101,VoltX Pro 5G Phone,Electronics,Region X,56,24999.0,1399944.0
2026-06-09,P101,VoltX Pro 5G Phone,Electronics,Region Y,34,24999.0,849966.0
2026-06-09,P101,VoltX Pro 5G Phone,Electronics,Region Z,14,24999.0,349986.0
2026-06-09,P102,VoltX Lite 5G Phone,Electronics,Region X,34,14999.0,509966.0
2026-06-09,P102,VoltX Lite 5G Phone,Electronics,Region Y,17,14999.0,254983.0
2026-06-09,P102,VoltX Lite 5G Phone,Electronics,Region Z,19,14999.0,284981.0
2026-06-09,P103,SoundCore Buds,Electronics,Region X,98,2999.0,293902.0
2026-06-09,P103,SoundCore Buds,Electronics,Region Y,48,2999.0,143952.0
2026-06-09,P103,SoundCore Buds,Electronics,Region Z,21,2999.0,62979.0
2026-06-09,P104,NovaTab 11,Electronics,Region X,23,18999.0,436977.0
2026-06-09,P104,NovaTab 11,Electronics,Region Y,11,18999.0,208989.0
2026-06-09,P104,NovaTab 11,Electronics,Region Z,7,18999.0,132993.0
2026-06-09,P201,UrbanDen Jacket,Apparel,Region X,43,3499.0,150457.0
2026-06-09,P201,UrbanDen Jacket,Apparel,Region Y,26,3499.0,90974.0
2026-06-09,P201,UrbanDen Jacket,Apparel,Region Z,17,3499.0,59483.0
2026-06-09,P202,FlexiKnit Tee,Apparel,Region X,151,999.0,150849.0
2026-06-09,P202,FlexiKnit Tee,Apparel,Region Y,59,999.0,58941.0
2026-06-09,P202,FlexiKnit Tee,Apparel,Region Z,52,999.0,51948.0
2026-06-09,P203,TrailBlaze Sneakers,Apparel,Region X,27,4599.0,124173.0
2026-06-09,P203,TrailBlaze Sneakers,Apparel,Region Y,14,4599.0,64386.0
2026-06-09,P203,TrailBlaze Sneakers,Apparel,Region Z,11,4599.0,50589.0
2026-06-09,P204,CloudWeave Hoodie,Apparel,Region X,31,2199.0,68169.0
2026-06-09,P204,CloudWeave Hoodie,Apparel,Region Y,22,2199.0,48378.0
2026-06-09,P204,CloudWeave Hoodie,Apparel,Region Z,15,2199.0,32985.0
2026-06-09,P301,ChefPro Blender,Home & Kitchen,Region X,20,5499.0,109980.0
2026-06-09,P301,ChefPro Blender,Home & Kitchen,Region Y,13,5499.0,71487.0
2026-06-09,P301,ChefPro Blender,Home & Kitchen,Region Z,6,5499.0,32994.0
2026-06-09,P302,AeroFry Air Cooker,Home & Kitchen,Region X,13,8999.0,116987.0
2026-06-09,P302,AeroFry Air Cooker,Home & Kitchen,Region Y,11,8999.0,98989.0
2026-06-09,P302,AeroFry Air Cooker,Home & Kitchen,Region Z,7,8999.0,62993.0
2026-06-09,P303,PureSip Bottle,Home & Kitchen,Region X,152,899.0,136648.0
2026-06-09,P303,PureSip Bottle,Home & Kitchen,Region Y,77,899.0,69223.0
2026-06-09,P303,PureSip Bottle,Home & Kitchen,Region Z,39,899.0,35061.0
2026-06-09,P304,LoomNest Bedsheet,Home & Kitchen,Region X,25,1799.0,44975.0
2026-06-09,P304,LoomNest Bedsheet,Home & Kitchen,Region Y,8,1799.0,14392.0
2026-06-09,P304,LoomNest Bedsheet,Home & Kitchen,Region Z,5,1799.0,8995.0
2026-06-09,P401,GlowLab Serum,Beauty,Region X,64,1299.0,83136.0
2026-06-09,P401,GlowLab Serum,Beauty,Region Y,45,1299.0,58455.0
2026-06-09,P401,GlowLab Serum,Beauty,Region Z,24,1299.0,31176.0
2026-06-09,P402,SilkTouch Shampoo,Beauty,Region X,148,449.0,66452.0
2026-06-09,P402,SilkTouch Shampoo,Beauty,Region Y,87,449.0,39063.0
2026-06-09,P402,SilkTouch Shampoo,Beauty,Region Z,71,449.0,31879.0
2026-06-09,P403,DewDrop Moisturizer,Beauty,Region X,81,799.0,64719.0
2026-06-09,P403,DewDrop Moisturizer,Beauty,Region Y,58,799.0,46342.0
2026-06-09,P403,DewDrop Moisturizer,Beauty,Region Z,22,799.0,17578.0
2026-06-10,P101,VoltX Pro 5G Phone,Electronics,Region X,45,24999.0,1124955.0
2026-06-10,P101,VoltX Pro 5G Phone,Electronics,Region Y,45,24999.0,1124955.0
2026-06-10,P101,VoltX Pro 5G Phone,Electronics,Region Z,24,24999.0,599976.0
2026-06-10,P102,VoltX Lite 5G Phone,Electronics,Region X,39,14999.0,584961.0
2026-06-10,P102,VoltX Lite 5G Phone,Electronics,Region Y,29,14999.0,434971.0
2026-06-10,P102,VoltX Lite 5G Phone,Electronics,Region Z,13,14999.0,194987.0
2026-06-10,P103,SoundCore Buds,Electronics,Region X,94,2999.0,281906.0
2026-06-10,P103,SoundCore Buds,Electronics,Region Y,52,2999.0,155948.0
2026-06-10,P103,SoundCore Buds,Electronics,Region Z,20,2999.0,59980.0
2026-06-10,P104,NovaTab 11,Electronics,Region X,21,18999.0,398979.0
2026-06-10,P104,NovaTab 11,Electronics,Region Y,12,18999.0,227988.0
2026-06-10,P104,NovaTab 11,Electronics,Region Z,8,18999.0,151992.0
2026-06-10,P201,UrbanDen Jacket,Apparel,Region X,36,3499.0,125964.0
2026-06-10,P201,UrbanDen Jacket,Apparel,Region Y,28,3499.0,97972.0
2026-06-10,P201,UrbanDen Jacket,Apparel,Region Z,13,3499.0,45487.0
2026-06-10,P202,FlexiKnit Tee,Apparel,Region X,144,999.0,143856.0
2026-06-10,P202,FlexiKnit Tee,Apparel,Region Y,67,999.0,66933.0
2026-06-10,P202,FlexiKnit Tee,Apparel,Region Z,36,999.0,35964.0
2026-06-10,P203,TrailBlaze Sneakers,Apparel,Region X,36,4599.0,165564.0
2026-06-10,P203,TrailBlaze Sneakers,Apparel,Region Y,18,4599.0,82782.0
2026-06-10,P203,TrailBlaze Sneakers,Apparel,Region Z,8,4599.0,36792.0
2026-06-10,P204,CloudWeave Hoodie,Apparel,Region X,26,2199.0,57174.0
2026-06-10,P204,CloudWeave Hoodie,Apparel,Region Y,23,2199.0,50577.0
2026-06-10,P204,CloudWeave Hoodie,Apparel,Region Z,9,2199.0,19791.0
2026-06-10,P301,ChefPro Blender,Home & Kitchen,Region X,15,5499.0,82485.0
2026-06-10,P301,ChefPro Blender,Home & Kitchen,Region Y,14,5499.0,76986.0
2026-06-10,P301,ChefPro Blender,Home & Kitchen,Region Z,6,5499.0,32994.0
2026-06-10,P302,AeroFry Air Cooker,Home & Kitchen,Region X,12,8999.0,107988.0
2026-06-10,P302,AeroFry Air Cooker,Home & Kitchen,Region Y,4,8999.0,35996.0
2026-06-10,P302,AeroFry Air Cooker,Home & Kitchen,Region Z,3,8999.0,26997.0
2026-06-10,P303,PureSip Bottle,Home & Kitchen,Region X,166,899.0,149234.0
2026-06-10,P303,PureSip Bottle,Home & Kitchen,Region Y,67,899.0,60233.0
2026-06-10,P303,PureSip Bottle,Home & Kitchen,Region Z,52,899.0,46748.0
2026-06-10,P304,LoomNest Bedsheet,Home & Kitchen,Region X,31,1799.0,55769.0
2026-06-10,P304,LoomNest Bedsheet,Home & Kitchen,Region Y,13,1799.0,23387.0
2026-06-10,P304,LoomNest Bedsheet,Home & Kitchen,Region Z,8,1799.0,14392.0
2026-06-10,P401,GlowLab Serum,Beauty,Region X,63,1299.0,81837.0
2026-06-10,P401,GlowLab Serum,Beauty,Region Y,45,1299.0,58455.0
2026-06-10,P401,GlowLab Serum,Beauty,Region Z,27,1299.0,35073.0
2026-06-10,P402,SilkTouch Shampoo,Beauty,Region X,153,449.0,68697.0
2026-06-10,P402,SilkTouch Shampoo,Beauty,Region Y,95,449.0,42655.0
2026-06-10,P402,SilkTouch Shampoo,Beauty,Region Z,42,449.0,18858.0
2026-06-10,P403,DewDrop Moisturizer,Beauty,Region X,104,799.0,83096.0
2026-06-10,P403,DewDrop Moisturizer,Beauty,Region Y,54,799.0,43146.0
2026-06-10,P403,DewDrop Moisturizer,Beauty,Region Z,23,799.0,18377.0
2026-06-11,P101,VoltX Pro 5G Phone,Electronics,Region X,54,24999.0,1349946.0
2026-06-11,P101,VoltX Pro 5G Phone,Electronics,Region Y,47,24999.0,1174953.0
2026-06-11,P101,VoltX Pro 5G Phone,Electronics,Region Z,23,24999.0,574977.0
2026-06-11,P102,VoltX Lite 5G Phone,Electronics,Region X,48,14999.0,719952.0
2026-06-11,P102,VoltX Lite 5G Phone,Electronics,Region Y,31,14999.0,464969.0
2026-06-11,P102,VoltX Lite 5G Phone,Electronics,Region Z,20,14999.0,299980.0
2026-06-11,P103,SoundCore Buds,Electronics,Region X,60,2999.0,179940.0
2026-06-11,P103,SoundCore Buds,Electronics,Region Y,51,2999.0,152949.0
2026-06-11,P103,SoundCore Buds,Electronics,Region Z,28,2999.0,83972.0
2026-06-11,P104,NovaTab 11,Electronics,Region X,26,18999.0,493974.0
2026-06-11,P104,NovaTab 11,Electronics,Region Y,7,18999.0,132993.0
2026-06-11,P104,NovaTab 11,Electronics,Region Z,3,18999.0,56997.0
2026-06-11,P201,UrbanDen Jacket,Apparel,Region X,35,3499.0,122465.0
2026-06-11,P201,UrbanDen Jacket,Apparel,Region Y,28,3499.0,97972.0
2026-06-11,P201,UrbanDen Jacket,Apparel,Region Z,18,3499.0,62982.0
2026-06-11,P202,FlexiKnit Tee,Apparel,Region X,119,999.0,118881.0
2026-06-11,P202,FlexiKnit Tee,Apparel,Region Y,68,999.0,67932.0
2026-06-11,P202,FlexiKnit Tee,Apparel,Region Z,43,999.0,42957.0
2026-06-11,P203,TrailBlaze Sneakers,Apparel,Region X,21,4599.0,96579.0
2026-06-11,P203,TrailBlaze Sneakers,Apparel,Region Y,21,4599.0,96579.0
2026-06-11,P203,TrailBlaze Sneakers,Apparel,Region Z,9,4599.0,41391.0
2026-06-11,P204,CloudWeave Hoodie,Apparel,Region X,35,2199.0,76965.0
2026-06-11,P204,CloudWeave Hoodie,Apparel,Region Y,23,2199.0,50577.0
2026-06-11,P204,CloudWeave Hoodie,Apparel,Region Z,8,2199.0,17592.0
2026-06-11,P301,ChefPro Blender,Home & Kitchen,Region X,20,5499.0,109980.0
2026-06-11,P301,ChefPro Blender,Home & Kitchen,Region Y,10,5499.0,54990.0
2026-06-11,P301,ChefPro Blender,Home & Kitchen,Region Z,10,5499.0,54990.0
2026-06-11,P302,AeroFry Air Cooker,Home & Kitchen,Region X,15,8999.0,134985.0
2026-06-11,P302,AeroFry Air Cooker,Home & Kitchen,Region Y,6,8999.0,53994.0
2026-06-11,P302,AeroFry Air Cooker,Home & Kitchen,Region Z,4,8999.0,35996.0
2026-06-11,P303,PureSip Bottle,Home & Kitchen,Region X,125,899.0,112375.0
2026-06-11,P303,PureSip Bottle,Home & Kitchen,Region Y,93,899.0,83607.0
2026-06-11,P303,PureSip Bottle,Home & Kitchen,Region Z,47,899.0,42253.0
2026-06-11,P304,LoomNest Bedsheet,Home & Kitchen,Region X,37,1799.0,66563.0
2026-06-11,P304,LoomNest Bedsheet,Home & Kitchen,Region Y,10,1799.0,17990.0
2026-06-11,P304,LoomNest Bedsheet,Home & Kitchen,Region Z,9,1799.0,16191.0
2026-06-11,P401,GlowLab Serum,Beauty,Region X,61,1299.0,79239.0
2026-06-11,P401,GlowLab Serum,Beauty,Region Y,32,1299.0,41568.0
2026-06-11,P401,GlowLab Serum,Beauty,Region Z,29,1299.0,37671.0
2026-06-11,P402,SilkTouch Shampoo,Beauty,Region X,151,449.0,67799.0
2026-06-11,P402,SilkTouch Shampoo,Beauty,Region Y,92,449.0,41308.0
2026-06-11,P402,SilkTouch Shampoo,Beauty,Region Z,58,449.0,26042.0
2026-06-11,P403,DewDrop Moisturizer,Beauty,Region X,85,799.0,67915.0
2026-06-11,P403,DewDrop Moisturizer,Beauty,Region Y,48,799.0,38352.0
2026-06-11,P403,DewDrop Moisturizer,Beauty,Region Z,27,799.0,21573.0
2026-06-12,P101,VoltX Pro 5G Phone,Electronics,Region X,62,24999.0,1549938.0
2026-06-12,P101,VoltX Pro 5G Phone,Electronics,Region Y,20,24999.0,499980.0
2026-06-12,P101,VoltX Pro 5G Phone,Electronics,Region Z,19,24999.0,474981.0
2026-06-12,P102,VoltX Lite 5G Phone,Electronics,Region X,44,14999.0,659956.0
2026-06-12,P102,VoltX Lite 5G Phone,Electronics,Region Y,31,14999.0,464969.0
2026-06-12,P102,VoltX Lite 5G Phone,Electronics,Region Z,16,14999.0,239984.0
2026-06-12,P103,SoundCore Buds,Electronics,Region X,104,2999.0,311896.0
2026-06-12,P103,SoundCore Buds,Electronics,Region Y,57,2999.0,170943.0
2026-06-12,P103,SoundCore Buds,Electronics,Region Z,27,2999.0,80973.0
2026-06-12,P104,NovaTab 11,Electronics,Region X,19,18999.0,360981.0
2026-06-12,P104,NovaTab 11,Electronics,Region Y,12,18999.0,227988.0
2026-06-12,P104,NovaTab 11,Electronics,Region Z,9,18999.0,170991.0
2026-06-12,P201,UrbanDen Jacket,Apparel,Region X,34,3499.0,118966.0
2026-06-12,P201,UrbanDen Jacket,Apparel,Region Y,28,3499.0,97972.0
2026-06-12,P201,UrbanDen Jacket,Apparel,Region Z,20,3499.0,69980.0
2026-06-12,P202,FlexiKnit Tee,Apparel,Region X,122,999.0,121878.0
2026-06-12,P202,FlexiKnit Tee,Apparel,Region Y,66,999.0,65934.0
2026-06-12,P202,FlexiKnit Tee,Apparel,Region Z,46,999.0,45954.0
2026-06-12,P203,TrailBlaze Sneakers,Apparel,Region X,25,4599.0,114975.0
2026-06-12,P203,TrailBlaze Sneakers,Apparel,Region Y,11,4599.0,50589.0
2026-06-12,P203,TrailBlaze Sneakers,Apparel,Region Z,9,4599.0,41391.0
2026-06-12,P204,CloudWeave Hoodie,Apparel,Region X,29,2199.0,63771.0
2026-06-12,P204,CloudWeave Hoodie,Apparel,Region Y,18,2199.0,39582.0
2026-06-12,P204,CloudWeave Hoodie,Apparel,Region Z,8,2199.0,17592.0
2026-06-12,P301,ChefPro Blender,Home & Kitchen,Region X,26,5499.0,142974.0
2026-06-12,P301,ChefPro Blender,Home & Kitchen,Region Y,11,5499.0,60489.0
2026-06-12,P301,ChefPro Blender,Home & Kitchen,Region Z,2,5499.0,10998.0
2026-06-12,P302,AeroFry Air Cooker,Home & Kitchen,Region X,10,8999.0,89990.0
2026-06-12,P302,AeroFry Air Cooker,Home & Kitchen,Region Y,10,8999.0,89990.0
2026-06-12,P302,AeroFry Air Cooker,Home & Kitchen,Region Z,4,8999.0,35996.0
2026-06-12,P303,PureSip Bottle,Home & Kitchen,Region X,177,899.0,159123.0
2026-06-12,P303,PureSip Bottle,Home & Kitchen,Region Y,70,899.0,62930.0
2026-06-12,P303,PureSip Bottle,Home & Kitchen,Region Z,48,899.0,43152.0
2026-06-12,P304,LoomNest Bedsheet,Home & Kitchen,Region X,28,1799.0,50372.0
2026-06-12,P304,LoomNest Bedsheet,Home & Kitchen,Region Y,17,1799.0,30583.0
2026-06-12,P304,LoomNest Bedsheet,Home & Kitchen,Region Z,5,1799.0,8995.0
2026-06-12,P401,GlowLab Serum,Beauty,Region X,65,1299.0,84435.0
2026-06-12,P401,GlowLab Serum,Beauty,Region Y,50,1299.0,64950.0
2026-06-12,P401,GlowLab Serum,Beauty,Region Z,17,1299.0,22083.0
2026-06-12,P402,SilkTouch Shampoo,Beauty,Region X,168,449.0,75432.0
2026-06-12,P402,SilkTouch Shampoo,Beauty,Region Y,96,449.0,43104.0
2026-06-12,P402,SilkTouch Shampoo,Beauty,Region Z,54,449.0,24246.0
2026-06-12,P403,DewDrop Moisturizer,Beauty,Region X,88,799.0,70312.0
2026-06-12,P403,DewDrop Moisturizer,Beauty,Region Y,54,799.0,43146.0
2026-06-12,P403,DewDrop Moisturizer,Beauty,Region Z,40,799.0,31960.0
2026-06-13,P101,VoltX Pro 5G Phone,Electronics,Region X,65,24999.0,1624935.0
2026-06-13,P101,VoltX Pro 5G Phone,Electronics,Region Y,40,24999.0,999960.0
2026-06-13,P101,VoltX Pro 5G Phone,Electronics,Region Z,17,24999.0,424983.0
2026-06-13,P102,VoltX Lite 5G Phone,Electronics,Region X,58,14999.0,869942.0
2026-06-13,P102,VoltX Lite 5G Phone,Electronics,Region Y,24,14999.0,359976.0
2026-06-13,P102,VoltX Lite 5G Phone,Electronics,Region Z,31,14999.0,464969.0
2026-06-13,P103,SoundCore Buds,Electronics,Region X,111,2999.0,332889.0
2026-06-13,P103,SoundCore Buds,Electronics,Region Y,66,2999.0,197934.0
2026-06-13,P103,SoundCore Buds,Electronics,Region Z,27,2999.0,80973.0
2026-06-13,P104,NovaTab 11,Electronics,Region X,36,18999.0,683964.0
2026-06-13,P104,NovaTab 11,Electronics,Region Y,16,18999.0,303984.0
2026-06-13,P104,NovaTab 11,Electronics,Region Z,11,18999.0,208989.0
2026-06-13,P201,UrbanDen Jacket,Apparel,Region X,39,3499.0,136461.0
2026-06-13,P201,UrbanDen Jacket,Apparel,Region Y,22,3499.0,76978.0
2026-06-13,P201,UrbanDen Jacket,Apparel,Region Z,12,3499.0,41988.0
2026-06-13,P202,FlexiKnit Tee,Apparel,Region X,132,999.0,131868.0
2026-06-13,P202,FlexiKnit Tee,Apparel,Region Y,80,999.0,79920.0
2026-06-13,P202,FlexiKnit Tee,Apparel,Region Z,42,999.0,41958.0
2026-06-13,P203,TrailBlaze Sneakers,Apparel,Region X,43,4599.0,197757.0
2026-06-13,P203,TrailBlaze Sneakers,Apparel,Region Y,20,4599.0,91980.0
2026-06-13,P203,TrailBlaze Sneakers,Apparel,Region Z,15,4599.0,68985.0
2026-06-13,P204,CloudWeave Hoodie,Apparel,Region X,44,2199.0,96756.0
2026-06-13,P204,CloudWeave Hoodie,Apparel,Region Y,30,2199.0,65970.0
2026-06-13,P204,CloudWeave Hoodie,Apparel,Region Z,17,2199.0,37383.0
2026-06-13,P301,ChefPro Blender,Home & Kitchen,Region X,26,5499.0,142974.0
2026-06-13,P301,ChefPro Blender,Home & Kitchen,Region Y,14,5499.0,76986.0
2026-06-13,P301,ChefPro Blender,Home & Kitchen,Region Z,5,5499.0,27495.0
2026-06-13,P302,AeroFry Air Cooker,Home & Kitchen,Region X,12,8999.0,107988.0
2026-06-13,P302,AeroFry Air Cooker,Home & Kitchen,Region Y,9,8999.0,80991.0
2026-06-13,P302,AeroFry Air Cooker,Home & Kitchen,Region Z,4,8999.0,35996.0
2026-06-13,P303,PureSip Bottle,Home & Kitchen,Region X,134,899.0,120466.0
2026-06-13,P303,PureSip Bottle,Home & Kitchen,Region Y,88,899.0,79112.0
2026-06-13,P303,PureSip Bottle,Home & Kitchen,Region Z,53,899.0,47647.0
2026-06-13,P304,LoomNest Bedsheet,Home & Kitchen,Region X,27,1799.0,48573.0
2026-06-13,P304,LoomNest Bedsheet,Home & Kitchen,Region Y,33,1799.0,59367.0
2026-06-13,P304,LoomNest Bedsheet,Home & Kitchen,Region Z,13,1799.0,23387.0
2026-06-13,P401,GlowLab Serum,Beauty,Region X,87,1299.0,113013.0
2026-06-13,P401,GlowLab Serum,Beauty,Region Y,66,1299.0,85734.0
2026-06-13,P401,GlowLab Serum,Beauty,Region Z,31,1299.0,40269.0
2026-06-13,P402,SilkTouch Shampoo,Beauty,Region X,198,449.0,88902.0
2026-06-13,P402,SilkTouch Shampoo,Beauty,Region Y,98,449.0,44002.0
2026-06-13,P402,SilkTouch Shampoo,Beauty,Region Z,73,449.0,32777.0
2026-06-13,P403,DewDrop Moisturizer,Beauty,Region X,103,799.0,82297.0
2026-06-13,P403,DewDrop Moisturizer,Beauty,Region Y,53,799.0,42347.0
2026-06-13,P403,DewDrop Moisturizer,Beauty,Region Z,40,799.0,31960.0
2026-06-14,P101,VoltX Pro 5G Phone,Electronics,Region X,53,24999.0,1324947.0
2026-06-14,P101,VoltX Pro 5G Phone,Electronics,Region Y,43,24999.0,1074957.0
2026-06-14,P101,VoltX Pro 5G Phone,Electronics,Region Z,24,24999.0,599976.0
2026-06-14,P102,VoltX Lite 5G Phone,Electronics,Region X,64,14999.0,959936.0
2026-06-14,P102,VoltX Lite 5G Phone,Electronics,Region Y,34,14999.0,509966.0
2026-06-14,P102,VoltX Lite 5G Phone,Electronics,Region Z,15,14999.0,224985.0
2026-06-14,P103,SoundCore Buds,Electronics,Region X,96,2999.0,287904.0
2026-06-14,P103,SoundCore Buds,Electronics,Region Y,73,2999.0,218927.0
2026-06-14,P103,SoundCore Buds,Electronics,Region Z,31,2999.0,92969.0
2026-06-14,P104,NovaTab 11,Electronics,Region X,31,18999.0,588969.0
2026-06-14,P104,NovaTab 11,Electronics,Region Y,14,18999.0,265986.0
2026-06-14,P104,NovaTab 11,Electronics,Region Z,5,18999.0,94995.0
2026-06-14,P201,UrbanDen Jacket,Apparel,Region X,38,3499.0,132962.0
2026-06-14,P201,UrbanDen Jacket,Apparel,Region Y,28,3499.0,97972.0
2026-06-14,P201,UrbanDen Jacket,Apparel,Region Z,18,3499.0,62982.0
2026-06-14,P202,FlexiKnit Tee,Apparel,Region X,132,999.0,131868.0
2026-06-14,P202,FlexiKnit Tee,Apparel,Region Y,84,999.0,83916.0
2026-06-14,P202,FlexiKnit Tee,Apparel,Region Z,53,999.0,52947.0
2026-06-14,P203,TrailBlaze Sneakers,Apparel,Region X,40,4599.0,183960.0
2026-06-14,P203,TrailBlaze Sneakers,Apparel,Region Y,21,4599.0,96579.0
2026-06-14,P203,TrailBlaze Sneakers,Apparel,Region Z,13,4599.0,59787.0
2026-06-14,P204,CloudWeave Hoodie,Apparel,Region X,25,2199.0,54975.0
2026-06-14,P204,CloudWeave Hoodie,Apparel,Region Y,21,2199.0,46179.0
2026-06-14,P204,CloudWeave Hoodie,Apparel,Region Z,12,2199.0,26388.0
2026-06-14,P301,ChefPro Blender,Home & Kitchen,Region X,24,5499.0,131976.0
2026-06-14,P301,ChefPro Blender,Home & Kitchen,Region Y,9,5499.0,49491.0
2026-06-14,P301,ChefPro Blender,Home & Kitchen,Region Z,5,5499.0,27495.0
2026-06-14,P302,AeroFry Air Cooker,Home & Kitchen,Region X,14,8999.0,125986.0
2026-06-14,P302,AeroFry Air Cooker,Home & Kitchen,Region Y,7,8999.0,62993.0
2026-06-14,P302,AeroFry Air Cooker,Home & Kitchen,Region Z,5,8999.0,44995.0
2026-06-14,P303,PureSip Bottle,Home & Kitchen,Region X,163,899.0,146537.0
2026-06-14,P303,PureSip Bottle,Home & Kitchen,Region Y,91,899.0,81809.0
2026-06-14,P303,PureSip Bottle,Home & Kitchen,Region Z,71,899.0,63829.0
2026-06-14,P304,LoomNest Bedsheet,Home & Kitchen,Region X,34,1799.0,61166.0
2026-06-14,P304,LoomNest Bedsheet,Home & Kitchen,Region Y,15,1799.0,26985.0
2026-06-14,P304,LoomNest Bedsheet,Home & Kitchen,Region Z,11,1799.0,19789.0
2026-06-14,P401,GlowLab Serum,Beauty,Region X,91,1299.0,118209.0
2026-06-14,P401,GlowLab Serum,Beauty,Region Y,46,1299.0,59754.0
2026-06-14,P401,GlowLab Serum,Beauty,Region Z,28,1299.0,36372.0
2026-06-14,P402,SilkTouch Shampoo,Beauty,Region X,142,449.0,63758.0
2026-06-14,P402,SilkTouch Shampoo,Beauty,Region Y,99,449.0,44451.0
2026-06-14,P402,SilkTouch Shampoo,Beauty,Region Z,49,449.0,22001.0
2026-06-14,P403,DewDrop Moisturizer,Beauty,Region X,91,799.0,72709.0
2026-06-14,P403,DewDrop Moisturizer,Beauty,Region Y,47,799.0,37553.0
2026-06-14,P403,DewDrop Moisturizer,Beauty,Region Z,39,799.0,31161.0
2026-06-15,P101,VoltX Pro 5G Phone,Electronics,Region X,71,24999.0,1774929.0
2026-06-15,P101,VoltX Pro 5G Phone,Electronics,Region Y,32,24999.0,799968.0
2026-06-15,P101,VoltX Pro 5G Phone,Electronics,Region Z,21,24999.0,524979.0
2026-06-15,P102,VoltX Lite 5G Phone,Electronics,Region X,44,14999.0,659956.0
2026-06-15,P102,VoltX Lite 5G Phone,Electronics,Region Y,26,14999.0,389974.0
2026-06-15,P102,VoltX Lite 5G Phone,Electronics,Region Z,13,14999.0,194987.0
2026-06-15,P103,SoundCore Buds,Electronics,Region X,85,2999.0,254915.0
2026-06-15,P103,SoundCore Buds,Electronics,Region Y,48,2999.0,143952.0
2026-06-15,P103,SoundCore Buds,Electronics,Region Z,28,2999.0,83972.0
2026-06-15,P104,NovaTab 11,Electronics,Region X,26,18999.0,493974.0
2026-06-15,P104,NovaTab 11,Electronics,Region Y,10,18999.0,189990.0
2026-06-15,P104,NovaTab 11,Electronics,Region Z,5,18999.0,94995.0
2026-06-15,P201,UrbanDen Jacket,Apparel,Region X,38,3499.0,132962.0
2026-06-15,P201,UrbanDen Jacket,Apparel,Region Y,18,3499.0,62982.0
2026-06-15,P201,UrbanDen Jacket,Apparel,Region Z,13,3499.0,45487.0
2026-06-15,P202,FlexiKnit Tee,Apparel,Region X,93,999.0,92907.0
2026-06-15,P202,FlexiKnit Tee,Apparel,Region Y,52,999.0,51948.0
2026-06-15,P202,FlexiKnit Tee,Apparel,Region Z,38,999.0,37962.0
2026-06-15,P203,TrailBlaze Sneakers,Apparel,Region X,41,4599.0,188559.0
2026-06-15,P203,TrailBlaze Sneakers,Apparel,Region Y,15,4599.0,68985.0
2026-06-15,P203,TrailBlaze Sneakers,Apparel,Region Z,13,4599.0,59787.0
2026-06-15,P204,CloudWeave Hoodie,Apparel,Region X,43,2199.0,94557.0
2026-06-15,P204,CloudWeave Hoodie,Apparel,Region Y,26,2199.0,57174.0
2026-06-15,P204,CloudWeave Hoodie,Apparel,Region Z,14,2199.0,30786.0
2026-06-15,P301,ChefPro Blender,Home & Kitchen,Region X,20,5499.0,109980.0
2026-06-15,P301,ChefPro Blender,Home & Kitchen,Region Y,13,5499.0,71487.0
2026-06-15,P301,ChefPro Blender,Home & Kitchen,Region Z,5,5499.0,27495.0
2026-06-15,P302,AeroFry Air Cooker,Home & Kitchen,Region X,10,8999.0,89990.0
2026-06-15,P302,AeroFry Air Cooker,Home & Kitchen,Region Y,12,8999.0,107988.0
2026-06-15,P302,AeroFry Air Cooker,Home & Kitchen,Region Z,1,8999.0,8999.0
2026-06-15,P303,PureSip Bottle,Home & Kitchen,Region X,157,899.0,141143.0
2026-06-15,P303,PureSip Bottle,Home & Kitchen,Region Y,84,899.0,75516.0
2026-06-15,P303,PureSip Bottle,Home & Kitchen,Region Z,47,899.0,42253.0
2026-06-15,P304,LoomNest Bedsheet,Home & Kitchen,Region X,35,1799.0,62965.0
2026-06-15,P304,LoomNest Bedsheet,Home & Kitchen,Region Y,15,1799.0,26985.0
2026-06-15,P304,LoomNest Bedsheet,Home & Kitchen,Region Z,9,1799.0,16191.0
2026-06-15,P401,GlowLab Serum,Beauty,Region X,67,1299.0,87033.0
2026-06-15,P401,GlowLab Serum,Beauty,Region Y,33,1299.0,42867.0
2026-06-15,P401,GlowLab Serum,Beauty,Region Z,25,1299.0,32475.0
2026-06-15,P402,SilkTouch Shampoo,Beauty,Region X,129,449.0,57921.0
2026-06-15,P402,SilkTouch Shampoo,Beauty,Region Y,96,449.0,43104.0
2026-06-15,P402,SilkTouch Shampoo,Beauty,Region Z,58,449.0,26042.0
2026-06-15,P403,DewDrop Moisturizer,Beauty,Region X,102,799.0,81498.0
2026-06-15,P403,DewDrop Moisturizer,Beauty,Region Y,66,799.0,52734.0
2026-06-15,P403,DewDrop Moisturizer,Beauty,Region Z,34,799.0,27166.0
2026-06-16,P101,VoltX Pro 5G Phone,Electronics,Region X,50,24999.0,1249950.0
2026-06-16,P101,VoltX Pro 5G Phone,Electronics,Region Y,37,24999.0,924963.0
2026-06-16,P101,VoltX Pro 5G Phone,Electronics,Region Z,14,24999.0,349986.0
2026-06-16,P102,VoltX Lite 5G Phone,Electronics,Region X,50,14999.0,749950.0
2026-06-16,P102,VoltX Lite 5G Phone,Electronics,Region Y,12,14999.0,179988.0
2026-06-16,P102,VoltX Lite 5G Phone,Electronics,Region Z,17,14999.0,254983.0
2026-06-16,P103,SoundCore Buds,Electronics,Region X,123,2999.0,368877.0
2026-06-16,P103,SoundCore Buds,Electronics,Region Y,55,2999.0,164945.0
2026-06-16,P103,SoundCore Buds,Electronics,Region Z,29,2999.0,86971.0
2026-06-16,P104,NovaTab 11,Electronics,Region X,19,18999.0,360981.0
2026-06-16,P104,NovaTab 11,Electronics,Region Y,13,18999.0,246987.0
2026-06-16,P104,NovaTab 11,Electronics,Region Z,4,18999.0,75996.0
2026-06-16,P201,UrbanDen Jacket,Apparel,Region X,36,3499.0,125964.0
2026-06-16,P201,UrbanDen Jacket,Apparel,Region Y,21,3499.0,73479.0
2026-06-16,P201,UrbanDen Jacket,Apparel,Region Z,14,3499.0,48986.0
2026-06-16,P202,FlexiKnit Tee,Apparel,Region X,112,999.0,111888.0
2026-06-16,P202,FlexiKnit Tee,Apparel,Region Y,77,999.0,76923.0
2026-06-16,P202,FlexiKnit Tee,Apparel,Region Z,38,999.0,37962.0
2026-06-16,P203,TrailBlaze Sneakers,Apparel,Region X,34,4599.0,156366.0
2026-06-16,P203,TrailBlaze Sneakers,Apparel,Region Y,20,4599.0,91980.0
2026-06-16,P203,TrailBlaze Sneakers,Apparel,Region Z,5,4599.0,22995.0
2026-06-16,P204,CloudWeave Hoodie,Apparel,Region X,34,2199.0,74766.0
2026-06-16,P204,CloudWeave Hoodie,Apparel,Region Y,9,2199.0,19791.0
2026-06-16,P204,CloudWeave Hoodie,Apparel,Region Z,9,2199.0,19791.0
2026-06-16,P301,ChefPro Blender,Home & Kitchen,Region X,24,5499.0,131976.0
2026-06-16,P301,ChefPro Blender,Home & Kitchen,Region Y,9,5499.0,49491.0
2026-06-16,P301,ChefPro Blender,Home & Kitchen,Region Z,12,5499.0,65988.0
2026-06-16,P302,AeroFry Air Cooker,Home & Kitchen,Region X,12,8999.0,107988.0
2026-06-16,P302,AeroFry Air Cooker,Home & Kitchen,Region Y,6,8999.0,53994.0
2026-06-16,P302,AeroFry Air Cooker,Home & Kitchen,Region Z,3,8999.0,26997.0
2026-06-16,P303,PureSip Bottle,Home & Kitchen,Region X,160,899.0,143840.0
2026-06-16,P303,PureSip Bottle,Home & Kitchen,Region Y,59,899.0,53041.0
2026-06-16,P303,PureSip Bottle,Home & Kitchen,Region Z,34,899.0,30566.0
2026-06-16,P304,LoomNest Bedsheet,Home & Kitchen,Region X,25,1799.0,44975.0
2026-06-16,P304,LoomNest Bedsheet,Home & Kitchen,Region Y,10,1799.0,17990.0
2026-06-16,P304,LoomNest Bedsheet,Home & Kitchen,Region Z,9,1799.0,16191.0
2026-06-16,P401,GlowLab Serum,Beauty,Region X,67,1299.0,87033.0
2026-06-16,P401,GlowLab Serum,Beauty,Region Y,41,1299.0,53259.0
2026-06-16,P401,GlowLab Serum,Beauty,Region Z,27,1299.0,35073.0
2026-06-16,P402,SilkTouch Shampoo,Beauty,Region X,141,449.0,63309.0
2026-06-16,P402,SilkTouch Shampoo,Beauty,Region Y,76,449.0,34124.0
2026-06-16,P402,SilkTouch Shampoo,Beauty,Region Z,41,449.0,18409.0
2026-06-16,P403,DewDrop Moisturizer,Beauty,Region X,84,799.0,67116.0
2026-06-16,P403,DewDrop Moisturizer,Beauty,Region Y,49,799.0,39151.0
2026-06-16,P403,DewDrop Moisturizer,Beauty,Region Z,38,799.0,30362.0
2026-06-17,P101,VoltX Pro 5G Phone,Electronics,Region X,62,24999.0,1549938.0
2026-06-17,P101,VoltX Pro 5G Phone,Electronics,Region Y,41,24999.0,1024959.0
2026-06-17,P101,VoltX Pro 5G Phone,Electronics,Region Z,21,24999.0,524979.0
2026-06-17,P102,VoltX Lite 5G Phone,Electronics,Region X,50,14999.0,749950.0
2026-06-17,P102,VoltX Lite 5G Phone,Electronics,Region Y,28,14999.0,419972.0
2026-06-17,P102,VoltX Lite 5G Phone,Electronics,Region Z,14,14999.0,209986.0
2026-06-17,P103,SoundCore Buds,Electronics,Region X,92,2999.0,275908.0
2026-06-17,P103,SoundCore Buds,Electronics,Region Y,54,2999.0,161946.0
2026-06-17,P103,SoundCore Buds,Electronics,Region Z,30,2999.0,89970.0
2026-06-17,P104,NovaTab 11,Electronics,Region X,23,18999.0,436977.0
2026-06-17,P104,NovaTab 11,Electronics,Region Y,5,18999.0,94995.0
2026-06-17,P104,NovaTab 11,Electronics,Region Z,5,18999.0,94995.0
2026-06-17,P201,UrbanDen Jacket,Apparel,Region X,36,3499.0,125964.0
2026-06-17,P201,UrbanDen Jacket,Apparel,Region Y,22,3499.0,76978.0
2026-06-17,P201,UrbanDen Jacket,Apparel,Region Z,22,3499.0,76978.0
2026-06-17,P202,FlexiKnit Tee,Apparel,Region X,127,999.0,126873.0
2026-06-17,P202,FlexiKnit Tee,Apparel,Region Y,59,999.0,58941.0
2026-06-17,P202,FlexiKnit Tee,Apparel,Region Z,33,999.0,32967.0
2026-06-17,P203,TrailBlaze Sneakers,Apparel,Region X,25,4599.0,114975.0
2026-06-17,P203,TrailBlaze Sneakers,Apparel,Region Y,17,4599.0,78183.0
2026-06-17,P203,TrailBlaze Sneakers,Apparel,Region Z,10,4599.0,45990.0
2026-06-17,P204,CloudWeave Hoodie,Apparel,Region X,32,2199.0,70368.0
2026-06-17,P204,CloudWeave Hoodie,Apparel,Region Y,23,2199.0,50577.0
2026-06-17,P204,CloudWeave Hoodie,Apparel,Region Z,13,2199.0,28587.0
2026-06-17,P301,ChefPro Blender,Home & Kitchen,Region X,19,5499.0,104481.0
2026-06-17,P301,ChefPro Blender,Home & Kitchen,Region Y,7,5499.0,38493.0
2026-06-17,P301,ChefPro Blender,Home & Kitchen,Region Z,5,5499.0,27495.0
2026-06-17,P302,AeroFry Air Cooker,Home & Kitchen,Region X,8,8999.0,71992.0
2026-06-17,P302,AeroFry Air Cooker,Home & Kitchen,Region Y,7,8999.0,62993.0
2026-06-17,P302,AeroFry Air Cooker,Home & Kitchen,Region Z,7,8999.0,62993.0
2026-06-17,P303,PureSip Bottle,Home & Kitchen,Region X,116,899.0,104284.0
2026-06-17,P303,PureSip Bottle,Home & Kitchen,Region Y,85,899.0,76415.0
2026-06-17,P303,PureSip Bottle,Home & Kitchen,Region Z,60,899.0,53940.0
2026-06-17,P304,LoomNest Bedsheet,Home & Kitchen,Region X,20,1799.0,35980.0
2026-06-17,P304,LoomNest Bedsheet,Home & Kitchen,Region Y,6,1799.0,10794.0
2026-06-17,P304,LoomNest Bedsheet,Home & Kitchen,Region Z,7,1799.0,12593.0
2026-06-17,P401,GlowLab Serum,Beauty,Region X,69,1299.0,89631.0
2026-06-17,P401,GlowLab Serum,Beauty,Region Y,46,1299.0,59754.0
2026-06-17,P401,GlowLab Serum,Beauty,Region Z,33,1299.0,42867.0
2026-06-17,P402,SilkTouch Shampoo,Beauty,Region X,207,449.0,92943.0
2026-06-17,P402,SilkTouch Shampoo,Beauty,Region Y,92,449.0,41308.0
2026-06-17,P402,SilkTouch Shampoo,Beauty,Region Z,52,449.0,23348.0
2026-06-17,P403,DewDrop Moisturizer,Beauty,Region X,90,799.0,71910.0
2026-06-17,P403,DewDrop Moisturizer,Beauty,Region Y,70,799.0,55930.0
2026-06-17,P403,DewDrop Moisturizer,Beauty,Region Z,36,799.0,28764.0
2026-06-18,P101,VoltX Pro 5G Phone,Electronics,Region X,42,24999.0,1049958.0
2026-06-18,P101,VoltX Pro 5G Phone,Electronics,Region Y,34,24999.0,849966.0
2026-06-18,P101,VoltX Pro 5G Phone,Electronics,Region Z,22,24999.0,549978.0
2026-06-18,P102,VoltX Lite 5G Phone,Electronics,Region X,54,14999.0,809946.0
2026-06-18,P102,VoltX Lite 5G Phone,Electronics,Region Y,26,14999.0,389974.0
2026-06-18,P102,VoltX Lite 5G Phone,Electronics,Region Z,14,14999.0,209986.0
2026-06-18,P103,SoundCore Buds,Electronics,Region X,77,2999.0,230923.0
2026-06-18,P103,SoundCore Buds,Electronics,Region Y,53,2999.0,158947.0
2026-06-18,P103,SoundCore Buds,Electronics,Region Z,35,2999.0,104965.0
2026-06-18,P104,NovaTab 11,Electronics,Region X,22,18999.0,417978.0
2026-06-18,P104,NovaTab 11,Electronics,Region Y,16,18999.0,303984.0
2026-06-18,P104,NovaTab 11,Electronics,Region Z,9,18999.0,170991.0
2026-06-18,P201,UrbanDen Jacket,Apparel,Region X,29,3499.0,101471.0
2026-06-18,P201,UrbanDen Jacket,Apparel,Region Y,21,3499.0,73479.0
2026-06-18,P201,UrbanDen Jacket,Apparel,Region Z,8,3499.0,27992.0
2026-06-18,P202,FlexiKnit Tee,Apparel,Region X,140,999.0,139860.0
2026-06-18,P202,FlexiKnit Tee,Apparel,Region Y,59,999.0,58941.0
2026-06-18,P202,FlexiKnit Tee,Apparel,Region Z,39,999.0,38961.0
2026-06-18,P203,TrailBlaze Sneakers,Apparel,Region X,23,4599.0,105777.0
2026-06-18,P203,TrailBlaze Sneakers,Apparel,Region Y,22,4599.0,101178.0
2026-06-18,P203,TrailBlaze Sneakers,Apparel,Region Z,11,4599.0,50589.0
2026-06-18,P204,CloudWeave Hoodie,Apparel,Region X,55,2199.0,120945.0
2026-06-18,P204,CloudWeave Hoodie,Apparel,Region Y,17,2199.0,37383.0
2026-06-18,P204,CloudWeave Hoodie,Apparel,Region Z,17,2199.0,37383.0
2026-06-18,P301,ChefPro Blender,Home & Kitchen,Region X,15,5499.0,82485.0
2026-06-18,P301,ChefPro Blender,Home & Kitchen,Region Y,5,5499.0,27495.0
2026-06-18,P301,ChefPro Blender,Home & Kitchen,Region Z,4,5499.0,21996.0
2026-06-18,P302,AeroFry Air Cooker,Home & Kitchen,Region X,7,8999.0,62993.0
2026-06-18,P302,AeroFry Air Cooker,Home & Kitchen,Region Y,10,8999.0,89990.0
2026-06-18,P302,AeroFry Air Cooker,Home & Kitchen,Region Z,8,8999.0,71992.0
2026-06-18,P303,PureSip Bottle,Home & Kitchen,Region X,132,899.0,118668.0
2026-06-18,P303,PureSip Bottle,Home & Kitchen,Region Y,78,899.0,70122.0
2026-06-18,P303,PureSip Bottle,Home & Kitchen,Region Z,38,899.0,34162.0
2026-06-18,P304,LoomNest Bedsheet,Home & Kitchen,Region X,22,1799.0,39578.0
2026-06-18,P304,LoomNest Bedsheet,Home & Kitchen,Region Y,13,1799.0,23387.0
2026-06-18,P304,LoomNest Bedsheet,Home & Kitchen,Region Z,10,1799.0,17990.0
2026-06-18,P401,GlowLab Serum,Beauty,Region X,65,1299.0,84435.0
2026-06-18,P401,GlowLab Serum,Beauty,Region Y,32,1299.0,41568.0
2026-06-18,P401,GlowLab Serum,Beauty,Region Z,33,1299.0,42867.0
2026-06-18,P402,SilkTouch Shampoo,Beauty,Region X,166,449.0,74534.0
2026-06-18,P402,SilkTouch Shampoo,Beauty,Region Y,103,449.0,46247.0
2026-06-18,P402,SilkTouch Shampoo,Beauty,Region Z,71,449.0,31879.0
2026-06-18,P403,DewDrop Moisturizer,Beauty,Region X,92,799.0,73508.0
2026-06-18,P403,DewDrop Moisturizer,Beauty,Region Y,49,799.0,39151.0
2026-06-18,P403,DewDrop Moisturizer,Beauty,Region Z,37,799.0,29563.0
2026-06-19,P101,VoltX Pro 5G Phone,Electronics,Region X,62,24999.0,1549938.0
2026-06-19,P101,VoltX Pro 5G Phone,Electronics,Region Y,36,24999.0,899964.0
2026-06-19,P101,VoltX Pro 5G Phone,Electronics,Region Z,21,24999.0,524979.0
2026-06-19,P102,VoltX Lite 5G Phone,Electronics,Region X,52,14999.0,779948.0
2026-06-19,P102,VoltX Lite 5G Phone,Electronics,Region Y,29,14999.0,434971.0
2026-06-19,P102,VoltX Lite 5G Phone,Electronics,Region Z,17,14999.0,254983.0
2026-06-19,P103,SoundCore Buds,Electronics,Region X,89,2999.0,266911.0
2026-06-19,P103,SoundCore Buds,Electronics,Region Y,46,2999.0,137954.0
2026-06-19,P103,SoundCore Buds,Electronics,Region Z,32,2999.0,95968.0
2026-06-19,P104,NovaTab 11,Electronics,Region X,21,18999.0,398979.0
2026-06-19,P104,NovaTab 11,Electronics,Region Y,6,18999.0,113994.0
2026-06-19,P104,NovaTab 11,Electronics,Region Z,5,18999.0,94995.0
2026-06-19,P201,UrbanDen Jacket,Apparel,Region X,28,3499.0,97972.0
2026-06-19,P201,UrbanDen Jacket,Apparel,Region Y,24,3499.0,83976.0
2026-06-19,P201,UrbanDen Jacket,Apparel,Region Z,15,3499.0,52485.0
2026-06-19,P202,FlexiKnit Tee,Apparel,Region X,156,999.0,155844.0
2026-06-19,P202,FlexiKnit Tee,Apparel,Region Y,64,999.0,63936.0
2026-06-19,P202,FlexiKnit Tee,Apparel,Region Z,30,999.0,29970.0
2026-06-19,P203,TrailBlaze Sneakers,Apparel,Region X,24,4599.0,110376.0
2026-06-19,P203,TrailBlaze Sneakers,Apparel,Region Y,16,4599.0,73584.0
2026-06-19,P203,TrailBlaze Sneakers,Apparel,Region Z,13,4599.0,59787.0
2026-06-19,P204,CloudWeave Hoodie,Apparel,Region X,35,2199.0,76965.0
2026-06-19,P204,CloudWeave Hoodie,Apparel,Region Y,26,2199.0,57174.0
2026-06-19,P204,CloudWeave Hoodie,Apparel,Region Z,17,2199.0,37383.0
2026-06-19,P301,ChefPro Blender,Home & Kitchen,Region X,20,5499.0,109980.0
2026-06-19,P301,ChefPro Blender,Home & Kitchen,Region Y,15,5499.0,82485.0
2026-06-19,P301,ChefPro Blender,Home & Kitchen,Region Z,6,5499.0,32994.0
2026-06-19,P302,AeroFry Air Cooker,Home & Kitchen,Region X,12,8999.0,107988.0
2026-06-19,P302,AeroFry Air Cooker,Home & Kitchen,Region Y,6,8999.0,53994.0
2026-06-19,P302,AeroFry Air Cooker,Home & Kitchen,Region Z,3,8999.0,26997.0
2026-06-19,P303,PureSip Bottle,Home & Kitchen,Region X,133,899.0,119567.0
2026-06-19,P303,PureSip Bottle,Home & Kitchen,Region Y,90,899.0,80910.0
2026-06-19,P303,PureSip Bottle,Home & Kitchen,Region Z,60,899.0,53940.0
2026-06-19,P304,LoomNest Bedsheet,Home & Kitchen,Region X,28,1799.0,50372.0
2026-06-19,P304,LoomNest Bedsheet,Home & Kitchen,Region Y,15,1799.0,26985.0
2026-06-19,P304,LoomNest Bedsheet,Home & Kitchen,Region Z,7,1799.0,12593.0
2026-06-19,P401,GlowLab Serum,Beauty,Region X,72,1299.0,93528.0
2026-06-19,P401,GlowLab Serum,Beauty,Region Y,41,1299.0,53259.0
2026-06-19,P401,GlowLab Serum,Beauty,Region Z,31,1299.0,40269.0
2026-06-19,P402,SilkTouch Shampoo,Beauty,Region X,131,449.0,58819.0
2026-06-19,P402,SilkTouch Shampoo,Beauty,Region Y,91,449.0,40859.0
2026-06-19,P402,SilkTouch Shampoo,Beauty,Region Z,70,449.0,31430.0
2026-06-19,P403,DewDrop Moisturizer,Beauty,Region X,98,799.0,78302.0
2026-06-19,P403,DewDrop Moisturizer,Beauty,Region Y,47,799.0,37553.0
2026-06-19,P403,DewDrop Moisturizer,Beauty,Region Z,41,799.0,32759.0
2026-06-20,P101,VoltX Pro 5G Phone,Electronics,Region X,83,24999.0,2074917.0
2026-06-20,P101,VoltX Pro 5G Phone,Electronics,Region Y,41,24999.0,1024959.0
2026-06-20,P101,VoltX Pro 5G Phone,Electronics,Region Z,34,24999.0,849966.0
2026-06-20,P102,VoltX Lite 5G Phone,Electronics,Region X,56,14999.0,839944.0
2026-06-20,P102,VoltX Lite 5G Phone,Electronics,Region Y,35,14999.0,524965.0
2026-06-20,P102,VoltX Lite 5G Phone,Electronics,Region Z,15,14999.0,224985.0
2026-06-20,P103,SoundCore Buds,Electronics,Region X,98,2999.0,293902.0
2026-06-20,P103,SoundCore Buds,Electronics,Region Y,59,2999.0,176941.0
2026-06-20,P103,SoundCore Buds,Electronics,Region Z,38,2999.0,113962.0
2026-06-20,P104,NovaTab 11,Electronics,Region X,21,18999.0,398979.0
2026-06-20,P104,NovaTab 11,Electronics,Region Y,16,18999.0,303984.0
2026-06-20,P104,NovaTab 11,Electronics,Region Z,8,18999.0,151992.0
2026-06-20,P201,UrbanDen Jacket,Apparel,Region X,60,3499.0,209940.0
2026-06-20,P201,UrbanDen Jacket,Apparel,Region Y,32,3499.0,111968.0
2026-06-20,P201,UrbanDen Jacket,Apparel,Region Z,14,3499.0,48986.0
2026-06-20,P202,FlexiKnit Tee,Apparel,Region X,165,999.0,164835.0
2026-06-20,P202,FlexiKnit Tee,Apparel,Region Y,93,999.0,92907.0
2026-06-20,P202,FlexiKnit Tee,Apparel,Region Z,50,999.0,49950.0
2026-06-20,P203,TrailBlaze Sneakers,Apparel,Region X,37,4599.0,170163.0
2026-06-20,P203,TrailBlaze Sneakers,Apparel,Region Y,17,4599.0,78183.0
2026-06-20,P203,TrailBlaze Sneakers,Apparel,Region Z,16,4599.0,73584.0
2026-06-20,P204,CloudWeave Hoodie,Apparel,Region X,47,2199.0,103353.0
2026-06-20,P204,CloudWeave Hoodie,Apparel,Region Y,28,2199.0,61572.0
2026-06-20,P204,CloudWeave Hoodie,Apparel,Region Z,13,2199.0,28587.0
2026-06-20,P301,ChefPro Blender,Home & Kitchen,Region X,18,5499.0,98982.0
2026-06-20,P301,ChefPro Blender,Home & Kitchen,Region Y,8,5499.0,43992.0
2026-06-20,P301,ChefPro Blender,Home & Kitchen,Region Z,7,5499.0,38493.0
2026-06-20,P302,AeroFry Air Cooker,Home & Kitchen,Region X,9,8999.0,80991.0
2026-06-20,P302,AeroFry Air Cooker,Home & Kitchen,Region Y,12,8999.0,107988.0
2026-06-20,P302,AeroFry Air Cooker,Home & Kitchen,Region Z,4,8999.0,35996.0
2026-06-20,P303,PureSip Bottle,Home & Kitchen,Region X,155,899.0,139345.0
2026-06-20,P303,PureSip Bottle,Home & Kitchen,Region Y,104,899.0,93496.0
2026-06-20,P303,PureSip Bottle,Home & Kitchen,Region Z,75,899.0,67425.0
2026-06-20,P304,LoomNest Bedsheet,Home & Kitchen,Region X,33,1799.0,59367.0
2026-06-20,P304,LoomNest Bedsheet,Home & Kitchen,Region Y,17,1799.0,30583.0
2026-06-20,P304,LoomNest Bedsheet,Home & Kitchen,Region Z,7,1799.0,12593.0
2026-06-20,P401,GlowLab Serum,Beauty,Region X,87,1299.0,113013.0
2026-06-20,P401,GlowLab Serum,Beauty,Region Y,34,1299.0,44166.0
2026-06-20,P401,GlowLab Serum,Beauty,Region Z,37,1299.0,48063.0
2026-06-20,P402,SilkTouch Shampoo,Beauty,Region X,209,449.0,93841.0
2026-06-20,P402,SilkTouch Shampoo,Beauty,Region Y,144,449.0,64656.0
2026-06-20,P402,SilkTouch Shampoo,Beauty,Region Z,84,449.0,37716.0
2026-06-20,P403,DewDrop Moisturizer,Beauty,Region X,120,799.0,95880.0
2026-06-20,P403,DewDrop Moisturizer,Beauty,Region Y,77,799.0,61523.0
2026-06-20,P403,DewDrop Moisturizer,Beauty,Region Z,38,799.0,30362.0
2026-06-21,P101,VoltX Pro 5G Phone,Electronics,Region X,80,24999.0,1999920.0
2026-06-21,P101,VoltX Pro 5G Phone,Electronics,Region Y,41,24999.0,1024959.0
2026-06-21,P101,VoltX Pro 5G Phone,Electronics,Region Z,20,24999.0,499980.0
2026-06-21,P102,VoltX Lite 5G Phone,Electronics,Region X,60,14999.0,899940.0
2026-06-21,P102,VoltX Lite 5G Phone,Electronics,Region Y,27,14999.0,404973.0
2026-06-21,P102,VoltX Lite 5G Phone,Electronics,Region Z,22,14999.0,329978.0
2026-06-21,P103,SoundCore Buds,Electronics,Region X,82,2999.0,245918.0
2026-06-21,P103,SoundCore Buds,Electronics,Region Y,67,2999.0,200933.0
2026-06-21,P103,SoundCore Buds,Electronics,Region Z,45,2999.0,134955.0
2026-06-21,P104,NovaTab 11,Electronics,Region X,42,18999.0,797958.0
2026-06-21,P104,NovaTab 11,Electronics,Region Y,11,18999.0,208989.0
2026-06-21,P104,NovaTab 11,Electronics,Region Z,10,18999.0,189990.0
2026-06-21,P201,UrbanDen Jacket,Apparel,Region X,33,3499.0,115467.0
2026-06-21,P201,UrbanDen Jacket,Apparel,Region Y,30,3499.0,104970.0
2026-06-21,P201,UrbanDen Jacket,Apparel,Region Z,22,3499.0,76978.0
2026-06-21,P202,FlexiKnit Tee,Apparel,Region X,110,999.0,109890.0
2026-06-21,P202,FlexiKnit Tee,Apparel,Region Y,61,999.0,60939.0
2026-06-21,P202,FlexiKnit Tee,Apparel,Region Z,59,999.0,58941.0
2026-06-21,P203,TrailBlaze Sneakers,Apparel,Region X,43,4599.0,197757.0
2026-06-21,P203,TrailBlaze Sneakers,Apparel,Region Y,15,4599.0,68985.0
2026-06-21,P203,TrailBlaze Sneakers,Apparel,Region Z,12,4599.0,55188.0
2026-06-21,P204,CloudWeave Hoodie,Apparel,Region X,37,2199.0,81363.0
2026-06-21,P204,CloudWeave Hoodie,Apparel,Region Y,13,2199.0,28587.0
2026-06-21,P204,CloudWeave Hoodie,Apparel,Region Z,13,2199.0,28587.0
2026-06-21,P301,ChefPro Blender,Home & Kitchen,Region X,13,5499.0,71487.0
2026-06-21,P301,ChefPro Blender,Home & Kitchen,Region Y,10,5499.0,54990.0
2026-06-21,P301,ChefPro Blender,Home & Kitchen,Region Z,16,5499.0,87984.0
2026-06-21,P302,AeroFry Air Cooker,Home & Kitchen,Region X,14,8999.0,125986.0
2026-06-21,P302,AeroFry Air Cooker,Home & Kitchen,Region Y,13,8999.0,116987.0
2026-06-21,P302,AeroFry Air Cooker,Home & Kitchen,Region Z,2,8999.0,17998.0
2026-06-21,P303,PureSip Bottle,Home & Kitchen,Region X,155,899.0,139345.0
2026-06-21,P303,PureSip Bottle,Home & Kitchen,Region Y,88,899.0,79112.0
2026-06-21,P303,PureSip Bottle,Home & Kitchen,Region Z,41,899.0,36859.0
2026-06-21,P304,LoomNest Bedsheet,Home & Kitchen,Region X,38,1799.0,68362.0
2026-06-21,P304,LoomNest Bedsheet,Home & Kitchen,Region Y,27,1799.0,48573.0
2026-06-21,P304,LoomNest Bedsheet,Home & Kitchen,Region Z,12,1799.0,21588.0
2026-06-21,P401,GlowLab Serum,Beauty,Region X,78,1299.0,101322.0
2026-06-21,P401,GlowLab Serum,Beauty,Region Y,42,1299.0,54558.0
2026-06-21,P401,GlowLab Serum,Beauty,Region Z,27,1299.0,35073.0
2026-06-21,P402,SilkTouch Shampoo,Beauty,Region X,153,449.0,68697.0
2026-06-21,P402,SilkTouch Shampoo,Beauty,Region Y,86,449.0,38614.0
2026-06-21,P402,SilkTouch Shampoo,Beauty,Region Z,85,449.0,38165.0
2026-06-21,P403,DewDrop Moisturizer,Beauty,Region X,129,799.0,103071.0
2026-06-21,P403,DewDrop Moisturizer,Beauty,Region Y,47,799.0,37553.0
2026-06-21,P403,DewDrop Moisturizer,Beauty,Region Z,31,799.0,24769.0
2026-06-22,P101,VoltX Pro 5G Phone,Electronics,Region X,65,24999.0,1624935.0
2026-06-22,P101,VoltX Pro 5G Phone,Electronics,Region Y,36,24999.0,899964.0
2026-06-22,P101,VoltX Pro 5G Phone,Electronics,Region Z,19,24999.0,474981.0
2026-06-22,P102,VoltX Lite 5G Phone,Electronics,Region X,57,14999.0,854943.0
2026-06-22,P102,VoltX Lite 5G Phone,Electronics,Region Y,21,14999.0,314979.0
2026-06-22,P102,VoltX Lite 5G Phone,Electronics,Region Z,12,14999.0,179988.0
2026-06-22,P103,SoundCore Buds,Electronics,Region X,103,2999.0,308897.0
2026-06-22,P103,SoundCore Buds,Electronics,Region Y,52,2999.0,155948.0
2026-06-22,P103,SoundCore Buds,Electronics,Region Z,32,2999.0,95968.0
2026-06-22,P104,NovaTab 11,Electronics,Region X,22,18999.0,417978.0
2026-06-22,P104,NovaTab 11,Electronics,Region Y,19,18999.0,360981.0
2026-06-22,P104,NovaTab 11,Electronics,Region Z,6,18999.0,113994.0
2026-06-22,P201,UrbanDen Jacket,Apparel,Region X,36,3499.0,125964.0
2026-06-22,P201,UrbanDen Jacket,Apparel,Region Y,18,3499.0,62982.0
2026-06-22,P201,UrbanDen Jacket,Apparel,Region Z,14,3499.0,48986.0
2026-06-22,P202,FlexiKnit Tee,Apparel,Region X,120,999.0,119880.0
2026-06-22,P202,FlexiKnit Tee,Apparel,Region Y,73,999.0,72927.0
2026-06-22,P202,FlexiKnit Tee,Apparel,Region Z,46,999.0,45954.0
2026-06-22,P203,TrailBlaze Sneakers,Apparel,Region X,33,4599.0,151767.0
2026-06-22,P203,TrailBlaze Sneakers,Apparel,Region Y,22,4599.0,101178.0
2026-06-22,P203,TrailBlaze Sneakers,Apparel,Region Z,4,4599.0,18396.0
2026-06-22,P204,CloudWeave Hoodie,Apparel,Region X,34,2199.0,74766.0
2026-06-22,P204,CloudWeave Hoodie,Apparel,Region Y,27,2199.0,59373.0
2026-06-22,P204,CloudWeave Hoodie,Apparel,Region Z,13,2199.0,28587.0
2026-06-22,P301,ChefPro Blender,Home & Kitchen,Region X,13,5499.0,71487.0
2026-06-22,P301,ChefPro Blender,Home & Kitchen,Region Y,7,5499.0,38493.0
2026-06-22,P301,ChefPro Blender,Home & Kitchen,Region Z,5,5499.0,27495.0
2026-06-22,P302,AeroFry Air Cooker,Home & Kitchen,Region X,9,8999.0,80991.0
2026-06-22,P302,AeroFry Air Cooker,Home & Kitchen,Region Y,10,8999.0,89990.0
2026-06-22,P302,AeroFry Air Cooker,Home & Kitchen,Region Z,6,8999.0,53994.0
2026-06-22,P303,PureSip Bottle,Home & Kitchen,Region X,138,899.0,124062.0
2026-06-22,P303,PureSip Bottle,Home & Kitchen,Region Y,72,899.0,64728.0
2026-06-22,P303,PureSip Bottle,Home & Kitchen,Region Z,64,899.0,57536.0
2026-06-22,P304,LoomNest Bedsheet,Home & Kitchen,Region X,24,1799.0,43176.0
2026-06-22,P304,LoomNest Bedsheet,Home & Kitchen,Region Y,13,1799.0,23387.0
2026-06-22,P304,LoomNest Bedsheet,Home & Kitchen,Region Z,9,1799.0,16191.0
2026-06-22,P401,GlowLab Serum,Beauty,Region X,66,1299.0,85734.0
2026-06-22,P401,GlowLab Serum,Beauty,Region Y,41,1299.0,53259.0
2026-06-22,P401,GlowLab Serum,Beauty,Region Z,30,1299.0,38970.0
2026-06-22,P402,SilkTouch Shampoo,Beauty,Region X,158,449.0,70942.0
2026-06-22,P402,SilkTouch Shampoo,Beauty,Region Y,87,449.0,39063.0
2026-06-22,P402,SilkTouch Shampoo,Beauty,Region Z,63,449.0,28287.0
2026-06-22,P403,DewDrop Moisturizer,Beauty,Region X,94,799.0,75106.0
2026-06-22,P403,DewDrop Moisturizer,Beauty,Region Y,50,799.0,39950.0
2026-06-22,P403,DewDrop Moisturizer,Beauty,Region Z,39,799.0,31161.0
2026-06-23,P101,VoltX Pro 5G Phone,Electronics,Region X,54,24999.0,1349946.0
2026-06-23,P101,VoltX Pro 5G Phone,Electronics,Region Y,39,24999.0,974961.0
2026-06-23,P101,VoltX Pro 5G Phone,Electronics,Region Z,24,24999.0,599976.0
2026-06-23,P102,VoltX Lite 5G Phone,Electronics,Region X,47,14999.0,704953.0
2026-06-23,P102,VoltX Lite 5G Phone,Electronics,Region Y,30,14999.0,449970.0
2026-06-23,P102,VoltX Lite 5G Phone,Electronics,Region Z,21,14999.0,314979.0
2026-06-23,P103,SoundCore Buds,Electronics,Region X,100,2999.0,299900.0
2026-06-23,P103,SoundCore Buds,Electronics,Region Y,43,2999.0,128957.0
2026-06-23,P103,SoundCore Buds,Electronics,Region Z,30,2999.0,89970.0
2026-06-23,P104,NovaTab 11,Electronics,Region X,16,18999.0,303984.0
2026-06-23,P104,NovaTab 11,Electronics,Region Y,11,18999.0,208989.0
2026-06-23,P104,NovaTab 11,Electronics,Region Z,6,18999.0,113994.0
2026-06-23,P201,UrbanDen Jacket,Apparel,Region X,52,3499.0,181948.0
2026-06-23,P201,UrbanDen Jacket,Apparel,Region Y,19,3499.0,66481.0
2026-06-23,P201,UrbanDen Jacket,Apparel,Region Z,14,3499.0,48986.0
2026-06-23,P202,FlexiKnit Tee,Apparel,Region X,118,999.0,117882.0
2026-06-23,P202,FlexiKnit Tee,Apparel,Region Y,66,999.0,65934.0
2026-06-23,P202,FlexiKnit Tee,Apparel,Region Z,51,999.0,50949.0
2026-06-23,P203,TrailBlaze Sneakers,Apparel,Region X,41,4599.0,188559.0
2026-06-23,P203,TrailBlaze Sneakers,Apparel,Region Y,18,4599.0,82782.0
2026-06-23,P203,TrailBlaze Sneakers,Apparel,Region Z,10,4599.0,45990.0
2026-06-23,P204,CloudWeave Hoodie,Apparel,Region X,35,2199.0,76965.0
2026-06-23,P204,CloudWeave Hoodie,Apparel,Region Y,14,2199.0,30786.0
2026-06-23,P204,CloudWeave Hoodie,Apparel,Region Z,14,2199.0,30786.0
2026-06-23,P301,ChefPro Blender,Home & Kitchen,Region X,22,5499.0,120978.0
2026-06-23,P301,ChefPro Blender,Home & Kitchen,Region Y,11,5499.0,60489.0
2026-06-23,P301,ChefPro Blender,Home & Kitchen,Region Z,3,5499.0,16497.0
2026-06-23,P302,AeroFry Air Cooker,Home & Kitchen,Region X,3,8999.0,26997.0
2026-06-23,P302,AeroFry Air Cooker,Home & Kitchen,Region Y,3,8999.0,26997.0
2026-06-23,P302,AeroFry Air Cooker,Home & Kitchen,Region Z,5,8999.0,44995.0
2026-06-23,P303,PureSip Bottle,Home & Kitchen,Region X,130,899.0,116870.0
2026-06-23,P303,PureSip Bottle,Home & Kitchen,Region Y,69,899.0,62031.0
2026-06-23,P303,PureSip Bottle,Home & Kitchen,Region Z,46,899.0,41354.0
2026-06-23,P304,LoomNest Bedsheet,Home & Kitchen,Region X,26,1799.0,46774.0
2026-06-23,P304,LoomNest Bedsheet,Home & Kitchen,Region Y,20,1799.0,35980.0
2026-06-23,P304,LoomNest Bedsheet,Home & Kitchen,Region Z,7,1799.0,12593.0
2026-06-23,P401,GlowLab Serum,Beauty,Region X,59,1299.0,76641.0
2026-06-23,P401,GlowLab Serum,Beauty,Region Y,45,1299.0,58455.0
2026-06-23,P401,GlowLab Serum,Beauty,Region Z,30,1299.0,38970.0
2026-06-23,P402,SilkTouch Shampoo,Beauty,Region X,142,449.0,63758.0
2026-06-23,P402,SilkTouch Shampoo,Beauty,Region Y,81,449.0,36369.0
2026-06-23,P402,SilkTouch Shampoo,Beauty,Region Z,60,449.0,26940.0
2026-06-23,P403,DewDrop Moisturizer,Beauty,Region X,112,799.0,89488.0
2026-06-23,P403,DewDrop Moisturizer,Beauty,Region Y,64,799.0,51136.0
2026-06-23,P403,DewDrop Moisturizer,Beauty,Region Z,22,799.0,17578.0
2026-06-24,P101,VoltX Pro 5G Phone,Electronics,Region X,61,24999.0,1524939.0
2026-06-24,P101,VoltX Pro 5G Phone,Electronics,Region Y,36,24999.0,899964.0
2026-06-24,P101,VoltX Pro 5G Phone,Electronics,Region Z,23,24999.0,574977.0
2026-06-24,P102,VoltX Lite 5G Phone,Electronics,Region X,46,14999.0,689954.0
2026-06-24,P102,VoltX Lite 5G Phone,Electronics,Region Y,25,14999.0,374975.0
2026-06-24,P102,VoltX Lite 5G Phone,Electronics,Region Z,14,14999.0,209986.0
2026-06-24,P103,SoundCore Buds,Electronics,Region X,90,2999.0,269910.0
2026-06-24,P103,SoundCore Buds,Electronics,Region Y,34,2999.0,101966.0
2026-06-24,P103,SoundCore Buds,Electronics,Region Z,22,2999.0,65978.0
2026-06-24,P104,NovaTab 11,Electronics,Region X,29,18999.0,550971.0
2026-06-24,P104,NovaTab 11,Electronics,Region Y,14,18999.0,265986.0
2026-06-24,P104,NovaTab 11,Electronics,Region Z,13,18999.0,246987.0
2026-06-24,P201,UrbanDen Jacket,Apparel,Region X,40,3499.0,139960.0
2026-06-24,P201,UrbanDen Jacket,Apparel,Region Y,24,3499.0,83976.0
2026-06-24,P201,UrbanDen Jacket,Apparel,Region Z,13,3499.0,45487.0
2026-06-24,P202,FlexiKnit Tee,Apparel,Region X,151,999.0,150849.0
2026-06-24,P202,FlexiKnit Tee,Apparel,Region Y,76,999.0,75924.0
2026-06-24,P202,FlexiKnit Tee,Apparel,Region Z,42,999.0,41958.0
2026-06-24,P203,TrailBlaze Sneakers,Apparel,Region X,25,4599.0,114975.0
2026-06-24,P203,TrailBlaze Sneakers,Apparel,Region Y,18,4599.0,82782.0
2026-06-24,P203,TrailBlaze Sneakers,Apparel,Region Z,14,4599.0,64386.0
2026-06-24,P204,CloudWeave Hoodie,Apparel,Region X,32,2199.0,70368.0
2026-06-24,P204,CloudWeave Hoodie,Apparel,Region Y,13,2199.0,28587.0
2026-06-24,P204,CloudWeave Hoodie,Apparel,Region Z,16,2199.0,35184.0
2026-06-24,P301,ChefPro Blender,Home & Kitchen,Region X,21,5499.0,115479.0
2026-06-24,P301,ChefPro Blender,Home & Kitchen,Region Y,8,5499.0,43992.0
2026-06-24,P301,ChefPro Blender,Home & Kitchen,Region Z,6,5499.0,32994.0
2026-06-24,P302,AeroFry Air Cooker,Home & Kitchen,Region X,12,8999.0,107988.0
2026-06-24,P302,AeroFry Air Cooker,Home & Kitchen,Region Y,5,8999.0,44995.0
2026-06-24,P302,AeroFry Air Cooker,Home & Kitchen,Region Z,3,8999.0,26997.0
2026-06-24,P303,PureSip Bottle,Home & Kitchen,Region X,158,899.0,142042.0
2026-06-24,P303,PureSip Bottle,Home & Kitchen,Region Y,74,899.0,66526.0
2026-06-24,P303,PureSip Bottle,Home & Kitchen,Region Z,52,899.0,46748.0
2026-06-24,P304,LoomNest Bedsheet,Home & Kitchen,Region X,21,1799.0,37779.0
2026-06-24,P304,LoomNest Bedsheet,Home & Kitchen,Region Y,18,1799.0,32382.0
2026-06-24,P304,LoomNest Bedsheet,Home & Kitchen,Region Z,8,1799.0,14392.0
2026-06-24,P401,GlowLab Serum,Beauty,Region X,89,1299.0,115611.0
2026-06-24,P401,GlowLab Serum,Beauty,Region Y,51,1299.0,66249.0
2026-06-24,P401,GlowLab Serum,Beauty,Region Z,25,1299.0,32475.0
2026-06-24,P402,SilkTouch Shampoo,Beauty,Region X,154,449.0,69146.0
2026-06-24,P402,SilkTouch Shampoo,Beauty,Region Y,97,449.0,43553.0
2026-06-24,P402,SilkTouch Shampoo,Beauty,Region Z,53,449.0,23797.0
2026-06-24,P403,DewDrop Moisturizer,Beauty,Region X,100,799.0,79900.0
2026-06-24,P403,DewDrop Moisturizer,Beauty,Region Y,50,799.0,39950.0
2026-06-24,P403,DewDrop Moisturizer,Beauty,Region Z,37,799.0,29563.0
2026-06-25,P101,VoltX Pro 5G Phone,Electronics,Region X,58,24999.0,1449942.0
2026-06-25,P101,VoltX Pro 5G Phone,Electronics,Region Y,32,24999.0,799968.0
2026-06-25,P101,VoltX Pro 5G Phone,Electronics,Region Z,14,24999.0,349986.0
2026-06-25,P102,VoltX Lite 5G Phone,Electronics,Region X,40,14999.0,599960.0
2026-06-25,P102,VoltX Lite 5G Phone,Electronics,Region Y,26,14999.0,389974.0
2026-06-25,P102,VoltX Lite 5G Phone,Electronics,Region Z,16,14999.0,239984.0
2026-06-25,P103,SoundCore Buds,Electronics,Region X,77,2999.0,230923.0
2026-06-25,P103,SoundCore Buds,Electronics,Region Y,53,2999.0,158947.0
2026-06-25,P103,SoundCore Buds,Electronics,Region Z,31,2999.0,92969.0
2026-06-25,P104,NovaTab 11,Electronics,Region X,25,18999.0,474975.0
2026-06-25,P104,NovaTab 11,Electronics,Region Y,11,18999.0,208989.0
2026-06-25,P104,NovaTab 11,Electronics,Region Z,9,18999.0,170991.0
2026-06-25,P201,UrbanDen Jacket,Apparel,Region X,37,3499.0,129463.0
2026-06-25,P201,UrbanDen Jacket,Apparel,Region Y,11,3499.0,38489.0
2026-06-25,P201,UrbanDen Jacket,Apparel,Region Z,11,3499.0,38489.0
2026-06-25,P202,FlexiKnit Tee,Apparel,Region X,114,999.0,113886.0
2026-06-25,P202,FlexiKnit Tee,Apparel,Region Y,55,999.0,54945.0
2026-06-25,P202,FlexiKnit Tee,Apparel,Region Z,54,999.0,53946.0
2026-06-25,P203,TrailBlaze Sneakers,Apparel,Region X,29,4599.0,133371.0
2026-06-25,P203,TrailBlaze Sneakers,Apparel,Region Y,12,4599.0,55188.0
2026-06-25,P203,TrailBlaze Sneakers,Apparel,Region Z,10,4599.0,45990.0
2026-06-25,P204,CloudWeave Hoodie,Apparel,Region X,36,2199.0,79164.0
2026-06-25,P204,CloudWeave Hoodie,Apparel,Region Y,17,2199.0,37383.0
2026-06-25,P204,CloudWeave Hoodie,Apparel,Region Z,13,2199.0,28587.0
2026-06-25,P301,ChefPro Blender,Home & Kitchen,Region X,15,5499.0,82485.0
2026-06-25,P301,ChefPro Blender,Home & Kitchen,Region Y,10,5499.0,54990.0
2026-06-25,P301,ChefPro Blender,Home & Kitchen,Region Z,7,5499.0,38493.0
2026-06-25,P302,AeroFry Air Cooker,Home & Kitchen,Region X,18,8999.0,161982.0
2026-06-25,P302,AeroFry Air Cooker,Home & Kitchen,Region Y,7,8999.0,62993.0
2026-06-25,P302,AeroFry Air Cooker,Home & Kitchen,Region Z,1,8999.0,8999.0
2026-06-25,P303,PureSip Bottle,Home & Kitchen,Region X,137,899.0,123163.0
2026-06-25,P303,PureSip Bottle,Home & Kitchen,Region Y,87,899.0,78213.0
2026-06-25,P303,PureSip Bottle,Home & Kitchen,Region Z,54,899.0,48546.0
2026-06-25,P304,LoomNest Bedsheet,Home & Kitchen,Region X,24,1799.0,43176.0
2026-06-25,P304,LoomNest Bedsheet,Home & Kitchen,Region Y,9,1799.0,16191.0
2026-06-25,P304,LoomNest Bedsheet,Home & Kitchen,Region Z,7,1799.0,12593.0
2026-06-25,P401,GlowLab Serum,Beauty,Region X,63,1299.0,81837.0
2026-06-25,P401,GlowLab Serum,Beauty,Region Y,34,1299.0,44166.0
2026-06-25,P401,GlowLab Serum,Beauty,Region Z,28,1299.0,36372.0
2026-06-25,P402,SilkTouch Shampoo,Beauty,Region X,152,449.0,68248.0
2026-06-25,P402,SilkTouch Shampoo,Beauty,Region Y,80,449.0,35920.0
2026-06-25,P402,SilkTouch Shampoo,Beauty,Region Z,62,449.0,27838.0
2026-06-25,P403,DewDrop Moisturizer,Beauty,Region X,103,799.0,82297.0
2026-06-25,P403,DewDrop Moisturizer,Beauty,Region Y,41,799.0,32759.0
2026-06-25,P403,DewDrop Moisturizer,Beauty,Region Z,36,799.0,28764.0
2026-06-26,P101,VoltX Pro 5G Phone,Electronics,Region X,48,24999.0,1199952.0
2026-06-26,P101,VoltX Pro 5G Phone,Electronics,Region Y,29,24999.0,724971.0
2026-06-26,P101,VoltX Pro 5G Phone,Electronics,Region Z,22,24999.0,549978.0
2026-06-26,P102,VoltX Lite 5G Phone,Electronics,Region X,29,14999.0,434971.0
2026-06-26,P102,VoltX Lite 5G Phone,Electronics,Region Y,26,14999.0,389974.0
2026-06-26,P102,VoltX Lite 5G Phone,Electronics,Region Z,14,14999.0,209986.0
2026-06-26,P103,SoundCore Buds,Electronics,Region X,96,2999.0,287904.0
2026-06-26,P103,SoundCore Buds,Electronics,Region Y,47,2999.0,140953.0
2026-06-26,P103,SoundCore Buds,Electronics,Region Z,27,2999.0,80973.0
2026-06-26,P104,NovaTab 11,Electronics,Region X,25,18999.0,474975.0
2026-06-26,P104,NovaTab 11,Electronics,Region Y,15,18999.0,284985.0
2026-06-26,P104,NovaTab 11,Electronics,Region Z,7,18999.0,132993.0
2026-06-26,P201,UrbanDen Jacket,Apparel,Region X,39,3499.0,136461.0
2026-06-26,P201,UrbanDen Jacket,Apparel,Region Y,17,3499.0,59483.0
2026-06-26,P201,UrbanDen Jacket,Apparel,Region Z,15,3499.0,52485.0
2026-06-26,P202,FlexiKnit Tee,Apparel,Region X,131,999.0,130869.0
2026-06-26,P202,FlexiKnit Tee,Apparel,Region Y,67,999.0,66933.0
2026-06-26,P202,FlexiKnit Tee,Apparel,Region Z,32,999.0,31968.0
2026-06-26,P203,TrailBlaze Sneakers,Apparel,Region X,27,4599.0,124173.0
2026-06-26,P203,TrailBlaze Sneakers,Apparel,Region Y,14,4599.0,64386.0
2026-06-26,P203,TrailBlaze Sneakers,Apparel,Region Z,8,4599.0,36792.0
2026-06-26,P204,CloudWeave Hoodie,Apparel,Region X,32,2199.0,70368.0
2026-06-26,P204,CloudWeave Hoodie,Apparel,Region Y,18,2199.0,39582.0
2026-06-26,P204,CloudWeave Hoodie,Apparel,Region Z,8,2199.0,17592.0
2026-06-26,P301,ChefPro Blender,Home & Kitchen,Region X,20,5499.0,109980.0
2026-06-26,P301,ChefPro Blender,Home & Kitchen,Region Y,12,5499.0,65988.0
2026-06-26,P301,ChefPro Blender,Home & Kitchen,Region Z,5,5499.0,27495.0
2026-06-26,P302,AeroFry Air Cooker,Home & Kitchen,Region X,13,8999.0,116987.0
2026-06-26,P302,AeroFry Air Cooker,Home & Kitchen,Region Y,5,8999.0,44995.0
2026-06-26,P302,AeroFry Air Cooker,Home & Kitchen,Region Z,6,8999.0,53994.0
2026-06-26,P303,PureSip Bottle,Home & Kitchen,Region X,162,899.0,145638.0
2026-06-26,P303,PureSip Bottle,Home & Kitchen,Region Y,68,899.0,61132.0
2026-06-26,P303,PureSip Bottle,Home & Kitchen,Region Z,50,899.0,44950.0
2026-06-26,P304,LoomNest Bedsheet,Home & Kitchen,Region X,37,1799.0,66563.0
2026-06-26,P304,LoomNest Bedsheet,Home & Kitchen,Region Y,8,1799.0,14392.0
2026-06-26,P304,LoomNest Bedsheet,Home & Kitchen,Region Z,5,1799.0,8995.0
2026-06-26,P401,GlowLab Serum,Beauty,Region X,61,1299.0,79239.0
2026-06-26,P401,GlowLab Serum,Beauty,Region Y,35,1299.0,45465.0
2026-06-26,P401,GlowLab Serum,Beauty,Region Z,21,1299.0,27279.0
2026-06-26,P402,SilkTouch Shampoo,Beauty,Region X,141,449.0,63309.0
2026-06-26,P402,SilkTouch Shampoo,Beauty,Region Y,97,449.0,43553.0
2026-06-26,P402,SilkTouch Shampoo,Beauty,Region Z,43,449.0,19307.0
2026-06-26,P403,DewDrop Moisturizer,Beauty,Region X,99,799.0,79101.0
2026-06-26,P403,DewDrop Moisturizer,Beauty,Region Y,66,799.0,52734.0
2026-06-26,P403,DewDrop Moisturizer,Beauty,Region Z,32,799.0,25568.0
2026-06-27,P101,VoltX Pro 5G Phone,Electronics,Region X,85,24999.0,2124915.0
2026-06-27,P101,VoltX Pro 5G Phone,Electronics,Region Y,49,24999.0,1224951.0
2026-06-27,P101,VoltX Pro 5G Phone,Electronics,Region Z,27,24999.0,674973.0
2026-06-27,P102,VoltX Lite 5G Phone,Electronics,Region X,59,14999.0,884941.0
2026-06-27,P102,VoltX Lite 5G Phone,Electronics,Region Y,41,14999.0,614959.0
2026-06-27,P102,VoltX Lite 5G Phone,Electronics,Region Z,19,14999.0,284981.0
2026-06-27,P103,SoundCore Buds,Electronics,Region X,129,2999.0,386871.0
2026-06-27,P103,SoundCore Buds,Electronics,Region Y,57,2999.0,170943.0
2026-06-27,P103,SoundCore Buds,Electronics,Region Z,41,2999.0,122959.0
2026-06-27,P104,NovaTab 11,Electronics,Region X,16,18999.0,303984.0
2026-06-27,P104,NovaTab 11,Electronics,Region Y,14,18999.0,265986.0
2026-06-27,P104,NovaTab 11,Electronics,Region Z,12,18999.0,227988.0
2026-06-27,P201,UrbanDen Jacket,Apparel,Region X,40,3499.0,139960.0
2026-06-27,P201,UrbanDen Jacket,Apparel,Region Y,37,3499.0,129463.0
2026-06-27,P201,UrbanDen Jacket,Apparel,Region Z,17,3499.0,59483.0
2026-06-27,P202,FlexiKnit Tee,Apparel,Region X,148,999.0,147852.0
2026-06-27,P202,FlexiKnit Tee,Apparel,Region Y,100,999.0,99900.0
2026-06-27,P202,FlexiKnit Tee,Apparel,Region Z,55,999.0,54945.0
2026-06-27,P203,TrailBlaze Sneakers,Apparel,Region X,34,4599.0,156366.0
2026-06-27,P203,TrailBlaze Sneakers,Apparel,Region Y,21,4599.0,96579.0
2026-06-27,P203,TrailBlaze Sneakers,Apparel,Region Z,18,4599.0,82782.0
2026-06-27,P204,CloudWeave Hoodie,Apparel,Region X,34,2199.0,74766.0
2026-06-27,P204,CloudWeave Hoodie,Apparel,Region Y,23,2199.0,50577.0
2026-06-27,P204,CloudWeave Hoodie,Apparel,Region Z,17,2199.0,37383.0
2026-06-27,P301,ChefPro Blender,Home & Kitchen,Region X,16,5499.0,87984.0
2026-06-27,P301,ChefPro Blender,Home & Kitchen,Region Y,13,5499.0,71487.0
2026-06-27,P301,ChefPro Blender,Home & Kitchen,Region Z,10,5499.0,54990.0
2026-06-27,P302,AeroFry Air Cooker,Home & Kitchen,Region X,20,8999.0,179980.0
2026-06-27,P302,AeroFry Air Cooker,Home & Kitchen,Region Y,10,8999.0,89990.0
2026-06-27,P302,AeroFry Air Cooker,Home & Kitchen,Region Z,5,8999.0,44995.0
2026-06-27,P303,PureSip Bottle,Home & Kitchen,Region X,186,899.0,167214.0
2026-06-27,P303,PureSip Bottle,Home & Kitchen,Region Y,67,899.0,60233.0
2026-06-27,P303,PureSip Bottle,Home & Kitchen,Region Z,62,899.0,55738.0
2026-06-27,P304,LoomNest Bedsheet,Home & Kitchen,Region X,26,1799.0,46774.0
2026-06-27,P304,LoomNest Bedsheet,Home & Kitchen,Region Y,19,1799.0,34181.0
2026-06-27,P304,LoomNest Bedsheet,Home & Kitchen,Region Z,9,1799.0,16191.0
2026-06-27,P401,GlowLab Serum,Beauty,Region X,94,1299.0,122106.0
2026-06-27,P401,GlowLab Serum,Beauty,Region Y,34,1299.0,44166.0
2026-06-27,P401,GlowLab Serum,Beauty,Region Z,27,1299.0,35073.0
2026-06-27,P402,SilkTouch Shampoo,Beauty,Region X,177,449.0,79473.0
2026-06-27,P402,SilkTouch Shampoo,Beauty,Region Y,111,449.0,49839.0
2026-06-27,P402,SilkTouch Shampoo,Beauty,Region Z,53,449.0,23797.0
2026-06-27,P403,DewDrop Moisturizer,Beauty,Region X,138,799.0,110262.0
2026-06-27,P403,DewDrop Moisturizer,Beauty,Region Y,62,799.0,49538.0
2026-06-27,P403,DewDrop Moisturizer,Beauty,Region Z,43,799.0,34357.0
2026-06-28,P101,VoltX Pro 5G Phone,Electronics,Region X,76,24999.0,1899924.0
2026-06-28,P101,VoltX Pro 5G Phone,Electronics,Region Y,31,24999.0,774969.0
2026-06-28,P101,VoltX Pro 5G Phone,Electronics,Region Z,22,24999.0,549978.0
2026-06-28,P102,VoltX Lite 5G Phone,Electronics,Region X,50,14999.0,749950.0
2026-06-28,P102,VoltX Lite 5G Phone,Electronics,Region Y,32,14999.0,479968.0
2026-06-28,P102,VoltX Lite 5G Phone,Electronics,Region Z,13,14999.0,194987.0
2026-06-28,P103,SoundCore Buds,Electronics,Region X,94,2999.0,281906.0
2026-06-28,P103,SoundCore Buds,Electronics,Region Y,42,2999.0,125958.0
2026-06-28,P103,SoundCore Buds,Electronics,Region Z,45,2999.0,134955.0
2026-06-28,P104,NovaTab 11,Electronics,Region X,23,18999.0,436977.0
2026-06-28,P104,NovaTab 11,Electronics,Region Y,9,18999.0,170991.0
2026-06-28,P104,NovaTab 11,Electronics,Region Z,6,18999.0,113994.0
2026-06-28,P201,UrbanDen Jacket,Apparel,Region X,56,3499.0,195944.0
2026-06-28,P201,UrbanDen Jacket,Apparel,Region Y,16,3499.0,55984.0
2026-06-28,P201,UrbanDen Jacket,Apparel,Region Z,26,3499.0,90974.0
2026-06-28,P202,FlexiKnit Tee,Apparel,Region X,129,999.0,128871.0
2026-06-28,P202,FlexiKnit Tee,Apparel,Region Y,68,999.0,67932.0
2026-06-28,P202,FlexiKnit Tee,Apparel,Region Z,58,999.0,57942.0
2026-06-28,P203,TrailBlaze Sneakers,Apparel,Region X,32,4599.0,147168.0
2026-06-28,P203,TrailBlaze Sneakers,Apparel,Region Y,18,4599.0,82782.0
2026-06-28,P203,TrailBlaze Sneakers,Apparel,Region Z,12,4599.0,55188.0
2026-06-28,P204,CloudWeave Hoodie,Apparel,Region X,29,2199.0,63771.0
2026-06-28,P204,CloudWeave Hoodie,Apparel,Region Y,17,2199.0,37383.0
2026-06-28,P204,CloudWeave Hoodie,Apparel,Region Z,10,2199.0,21990.0
2026-06-28,P301,ChefPro Blender,Home & Kitchen,Region X,20,5499.0,109980.0
2026-06-28,P301,ChefPro Blender,Home & Kitchen,Region Y,9,5499.0,49491.0
2026-06-28,P301,ChefPro Blender,Home & Kitchen,Region Z,9,5499.0,49491.0
2026-06-28,P302,AeroFry Air Cooker,Home & Kitchen,Region X,12,8999.0,107988.0
2026-06-28,P302,AeroFry Air Cooker,Home & Kitchen,Region Y,7,8999.0,62993.0
2026-06-28,P302,AeroFry Air Cooker,Home & Kitchen,Region Z,9,8999.0,80991.0
2026-06-28,P303,PureSip Bottle,Home & Kitchen,Region X,165,899.0,148335.0
2026-06-28,P303,PureSip Bottle,Home & Kitchen,Region Y,97,899.0,87203.0
2026-06-28,P303,PureSip Bottle,Home & Kitchen,Region Z,54,899.0,48546.0
2026-06-28,P304,LoomNest Bedsheet,Home & Kitchen,Region X,25,1799.0,44975.0
2026-06-28,P304,LoomNest Bedsheet,Home & Kitchen,Region Y,7,1799.0,12593.0
2026-06-28,P304,LoomNest Bedsheet,Home & Kitchen,Region Z,13,1799.0,23387.0
2026-06-28,P401,GlowLab Serum,Beauty,Region X,84,1299.0,109116.0
2026-06-28,P401,GlowLab Serum,Beauty,Region Y,45,1299.0,58455.0
2026-06-28,P401,GlowLab Serum,Beauty,Region Z,25,1299.0,32475.0
2026-06-28,P402,SilkTouch Shampoo,Beauty,Region X,172,449.0,77228.0
2026-06-28,P402,SilkTouch Shampoo,Beauty,Region Y,103,449.0,46247.0
2026-06-28,P402,SilkTouch Shampoo,Beauty,Region Z,64,449.0,28736.0
2026-06-28,P403,DewDrop Moisturizer,Beauty,Region X,95,799.0,75905.0
2026-06-28,P403,DewDrop Moisturizer,Beauty,Region Y,61,799.0,48739.0
2026-06-28,P403,DewDrop Moisturizer,Beauty,Region Z,33,799.0,26367.0
2026-06-29,P101,VoltX Pro 5G Phone,Electronics,Region X,63,24999.0,1574937.0
2026-06-29,P101,VoltX Pro 5G Phone,Electronics,Region Y,29,24999.0,724971.0
2026-06-29,P101,VoltX Pro 5G Phone,Electronics,Region Z,23,24999.0,574977.0
2026-06-29,P102,VoltX Lite 5G Phone,Electronics,Region X,45,14999.0,674955.0
2026-06-29,P102,VoltX Lite 5G Phone,Electronics,Region Y,17,14999.0,254983.0
2026-06-29,P102,VoltX Lite 5G Phone,Electronics,Region Z,19,14999.0,284981.0
2026-06-29,P103,SoundCore Buds,Electronics,Region X,118,2999.0,353882.0
2026-06-29,P103,SoundCore Buds,Electronics,Region Y,40,2999.0,119960.0
2026-06-29,P103,SoundCore Buds,Electronics,Region Z,25,2999.0,74975.0
2026-06-29,P104,NovaTab 11,Electronics,Region X,16,18999.0,303984.0
2026-06-29,P104,NovaTab 11,Electronics,Region Y,10,18999.0,189990.0
2026-06-29,P104,NovaTab 11,Electronics,Region Z,6,18999.0,113994.0
2026-06-29,P201,UrbanDen Jacket,Apparel,Region X,39,3499.0,136461.0
2026-06-29,P201,UrbanDen Jacket,Apparel,Region Y,32,3499.0,111968.0
2026-06-29,P201,UrbanDen Jacket,Apparel,Region Z,16,3499.0,55984.0
2026-06-29,P202,FlexiKnit Tee,Apparel,Region X,130,999.0,129870.0
2026-06-29,P202,FlexiKnit Tee,Apparel,Region Y,53,999.0,52947.0
2026-06-29,P202,FlexiKnit Tee,Apparel,Region Z,49,999.0,48951.0
2026-06-29,P203,TrailBlaze Sneakers,Apparel,Region X,35,4599.0,160965.0
2026-06-29,P203,TrailBlaze Sneakers,Apparel,Region Y,13,4599.0,59787.0
2026-06-29,P203,TrailBlaze Sneakers,Apparel,Region Z,8,4599.0,36792.0
2026-06-29,P204,CloudWeave Hoodie,Apparel,Region X,23,2199.0,50577.0
2026-06-29,P204,CloudWeave Hoodie,Apparel,Region Y,20,2199.0,43980.0
2026-06-29,P204,CloudWeave Hoodie,Apparel,Region Z,14,2199.0,30786.0
2026-06-29,P301,ChefPro Blender,Home & Kitchen,Region X,24,5499.0,131976.0
2026-06-29,P301,ChefPro Blender,Home & Kitchen,Region Y,10,5499.0,54990.0
2026-06-29,P301,ChefPro Blender,Home & Kitchen,Region Z,5,5499.0,27495.0
2026-06-29,P302,AeroFry Air Cooker,Home & Kitchen,Region X,12,8999.0,107988.0
2026-06-29,P302,AeroFry Air Cooker,Home & Kitchen,Region Y,5,8999.0,44995.0
2026-06-29,P302,AeroFry Air Cooker,Home & Kitchen,Region Z,6,8999.0,53994.0
2026-06-29,P303,PureSip Bottle,Home & Kitchen,Region X,152,899.0,136648.0
2026-06-29,P303,PureSip Bottle,Home & Kitchen,Region Y,59,899.0,53041.0
2026-06-29,P303,PureSip Bottle,Home & Kitchen,Region Z,38,899.0,34162.0
2026-06-29,P304,LoomNest Bedsheet,Home & Kitchen,Region X,23,1799.0,41377.0
2026-06-29,P304,LoomNest Bedsheet,Home & Kitchen,Region Y,14,1799.0,25186.0
2026-06-29,P304,LoomNest Bedsheet,Home & Kitchen,Region Z,3,1799.0,5397.0
2026-06-29,P401,GlowLab Serum,Beauty,Region X,85,1299.0,110415.0
2026-06-29,P401,GlowLab Serum,Beauty,Region Y,44,1299.0,57156.0
2026-06-29,P401,GlowLab Serum,Beauty,Region Z,41,1299.0,53259.0
2026-06-29,P402,SilkTouch Shampoo,Beauty,Region X,192,449.0,86208.0
2026-06-29,P402,SilkTouch Shampoo,Beauty,Region Y,92,449.0,41308.0
2026-06-29,P402,SilkTouch Shampoo,Beauty,Region Z,51,449.0,22899.0
2026-06-29,P403,DewDrop Moisturizer,Beauty,Region X,118,799.0,94282.0
2026-06-29,P403,DewDrop Moisturizer,Beauty,Region Y,52,799.0,41548.0
2026-06-29,P403,DewDrop Moisturizer,Beauty,Region Z,31,799.0,24769.0
2026-06-30,P101,VoltX Pro 5G Phone,Electronics,Region X,53,24999.0,1324947.0
2026-06-30,P101,VoltX Pro 5G Phone,Electronics,Region Y,34,24999.0,849966.0
2026-06-30,P101,VoltX Pro 5G Phone,Electronics,Region Z,26,24999.0,649974.0
2026-06-30,P102,VoltX Lite 5G Phone,Electronics,Region X,41,14999.0,614959.0
2026-06-30,P102,VoltX Lite 5G Phone,Electronics,Region Y,23,14999.0,344977.0
2026-06-30,P102,VoltX Lite 5G Phone,Electronics,Region Z,25,14999.0,374975.0
2026-06-30,P103,SoundCore Buds,Electronics,Region X,72,2999.0,215928.0
2026-06-30,P103,SoundCore Buds,Electronics,Region Y,51,2999.0,152949.0
2026-06-30,P103,SoundCore Buds,Electronics,Region Z,31,2999.0,92969.0
2026-06-30,P104,NovaTab 11,Electronics,Region X,20,18999.0,379980.0
2026-06-30,P104,NovaTab 11,Electronics,Region Y,11,18999.0,208989.0
2026-06-30,P104,NovaTab 11,Electronics,Region Z,5,18999.0,94995.0
2026-06-30,P201,UrbanDen Jacket,Apparel,Region X,27,3499.0,94473.0
2026-06-30,P201,UrbanDen Jacket,Apparel,Region Y,20,3499.0,69980.0
2026-06-30,P201,UrbanDen Jacket,Apparel,Region Z,12,3499.0,41988.0
2026-06-30,P202,FlexiKnit Tee,Apparel,Region X,125,999.0,124875.0
2026-06-30,P202,FlexiKnit Tee,Apparel,Region Y,66,999.0,65934.0
2026-06-30,P202,FlexiKnit Tee,Apparel,Region Z,45,999.0,44955.0
2026-06-30,P203,TrailBlaze Sneakers,Apparel,Region X,28,4599.0,128772.0
2026-06-30,P203,TrailBlaze Sneakers,Apparel,Region Y,21,4599.0,96579.0
2026-06-30,P203,TrailBlaze Sneakers,Apparel,Region Z,13,4599.0,59787.0
2026-06-30,P204,CloudWeave Hoodie,Apparel,Region X,37,2199.0,81363.0
2026-06-30,P204,CloudWeave Hoodie,Apparel,Region Y,14,2199.0,30786.0
2026-06-30,P204,CloudWeave Hoodie,Apparel,Region Z,12,2199.0,26388.0
2026-06-30,P301,ChefPro Blender,Home & Kitchen,Region X,19,5499.0,104481.0
2026-06-30,P301,ChefPro Blender,Home & Kitchen,Region Y,17,5499.0,93483.0
2026-06-30,P301,ChefPro Blender,Home & Kitchen,Region Z,3,5499.0,16497.0
2026-06-30,P302,AeroFry Air Cooker,Home & Kitchen,Region X,11,8999.0,98989.0
2026-06-30,P302,AeroFry Air Cooker,Home & Kitchen,Region Y,7,8999.0,62993.0
2026-06-30,P302,AeroFry Air Cooker,Home & Kitchen,Region Z,3,8999.0,26997.0
2026-06-30,P303,PureSip Bottle,Home & Kitchen,Region X,110,899.0,98890.0
2026-06-30,P303,PureSip Bottle,Home & Kitchen,Region Y,59,899.0,53041.0
2026-06-30,P303,PureSip Bottle,Home & Kitchen,Region Z,56,899.0,50344.0
2026-06-30,P304,LoomNest Bedsheet,Home & Kitchen,Region X,30,1799.0,53970.0
2026-06-30,P304,LoomNest Bedsheet,Home & Kitchen,Region Y,14,1799.0,25186.0
2026-06-30,P304,LoomNest Bedsheet,Home & Kitchen,Region Z,11,1799.0,19789.0
2026-06-30,P401,GlowLab Serum,Beauty,Region X,57,1299.0,74043.0
2026-06-30,P401,GlowLab Serum,Beauty,Region Y,33,1299.0,42867.0
2026-06-30,P401,GlowLab Serum,Beauty,Region Z,24,1299.0,31176.0
2026-06-30,P402,SilkTouch Shampoo,Beauty,Region X,159,449.0,71391.0
2026-06-30,P402,SilkTouch Shampoo,Beauty,Region Y,83,449.0,37267.0
2026-06-30,P402,SilkTouch Shampoo,Beauty,Region Z,57,449.0,25593.0
2026-06-30,P403,DewDrop Moisturizer,Beauty,Region X,80,799.0,63920.0
2026-06-30,P403,DewDrop Moisturizer,Beauty,Region Y,41,799.0,32759.0
2026-06-30,P403,DewDrop Moisturizer,Beauty,Region Z,33,799.0,26367.0
2026-07-01,P101,VoltX Pro 5G Phone,Electronics,Region X,64,24999.0,1599936.0
2026-07-01,P101,VoltX Pro 5G Phone,Electronics,Region Y,34,24999.0,849966.0
2026-07-01,P101,VoltX Pro 5G Phone,Electronics,Region Z,29,24999.0,724971.0
2026-07-01,P102,VoltX Lite 5G Phone,Electronics,Region X,51,14999.0,764949.0
2026-07-01,P102,VoltX Lite 5G Phone,Electronics,Region Y,21,14999.0,314979.0
2026-07-01,P102,VoltX Lite 5G Phone,Electronics,Region Z,20,14999.0,299980.0
2026-07-01,P103,SoundCore Buds,Electronics,Region X,98,2999.0,293902.0
2026-07-01,P103,SoundCore Buds,Electronics,Region Y,54,2999.0,161946.0
2026-07-01,P103,SoundCore Buds,Electronics,Region Z,34,2999.0,101966.0
2026-07-01,P104,NovaTab 11,Electronics,Region X,27,18999.0,512973.0
2026-07-01,P104,NovaTab 11,Electronics,Region Y,13,18999.0,246987.0
2026-07-01,P104,NovaTab 11,Electronics,Region Z,7,18999.0,132993.0
2026-07-01,P201,UrbanDen Jacket,Apparel,Region X,47,3499.0,164453.0
2026-07-01,P201,UrbanDen Jacket,Apparel,Region Y,23,3499.0,80477.0
2026-07-01,P201,UrbanDen Jacket,Apparel,Region Z,12,3499.0,41988.0
2026-07-01,P202,FlexiKnit Tee,Apparel,Region X,110,999.0,109890.0
2026-07-01,P202,FlexiKnit Tee,Apparel,Region Y,71,999.0,70929.0
2026-07-01,P202,FlexiKnit Tee,Apparel,Region Z,40,999.0,39960.0
2026-07-01,P203,TrailBlaze Sneakers,Apparel,Region X,23,4599.0,105777.0
2026-07-01,P203,TrailBlaze Sneakers,Apparel,Region Y,20,4599.0,91980.0
2026-07-01,P203,TrailBlaze Sneakers,Apparel,Region Z,13,4599.0,59787.0
2026-07-01,P204,CloudWeave Hoodie,Apparel,Region X,35,2199.0,76965.0
2026-07-01,P204,CloudWeave Hoodie,Apparel,Region Y,21,2199.0,46179.0
2026-07-01,P204,CloudWeave Hoodie,Apparel,Region Z,12,2199.0,26388.0
2026-07-01,P301,ChefPro Blender,Home & Kitchen,Region X,21,5499.0,115479.0
2026-07-01,P301,ChefPro Blender,Home & Kitchen,Region Y,6,5499.0,32994.0
2026-07-01,P301,ChefPro Blender,Home & Kitchen,Region Z,9,5499.0,49491.0
2026-07-01,P302,AeroFry Air Cooker,Home & Kitchen,Region X,10,8999.0,89990.0
2026-07-01,P302,AeroFry Air Cooker,Home & Kitchen,Region Y,7,8999.0,62993.0
2026-07-01,P302,AeroFry Air Cooker,Home & Kitchen,Region Z,3,8999.0,26997.0
2026-07-01,P303,PureSip Bottle,Home & Kitchen,Region X,122,899.0,109678.0
2026-07-01,P303,PureSip Bottle,Home & Kitchen,Region Y,90,899.0,80910.0
2026-07-01,P303,PureSip Bottle,Home & Kitchen,Region Z,31,899.0,27869.0
2026-07-01,P304,LoomNest Bedsheet,Home & Kitchen,Region X,19,1799.0,34181.0
2026-07-01,P304,LoomNest Bedsheet,Home & Kitchen,Region Y,12,1799.0,21588.0
2026-07-01,P304,LoomNest Bedsheet,Home & Kitchen,Region Z,6,1799.0,10794.0
2026-07-01,P401,GlowLab Serum,Beauty,Region X,57,1299.0,74043.0
2026-07-01,P401,GlowLab Serum,Beauty,Region Y,35,1299.0,45465.0
2026-07-01,P401,GlowLab Serum,Beauty,Region Z,24,1299.0,31176.0
2026-07-01,P402,SilkTouch Shampoo,Beauty,Region X,151,449.0,67799.0
2026-07-01,P402,SilkTouch Shampoo,Beauty,Region Y,83,449.0,37267.0
2026-07-01,P402,SilkTouch Shampoo,Beauty,Region Z,57,449.0,25593.0
2026-07-01,P403,DewDrop Moisturizer,Beauty,Region X,99,799.0,79101.0
2026-07-01,P403,DewDrop Moisturizer,Beauty,Region Y,44,799.0,35156.0
2026-07-01,P403,DewDrop Moisturizer,Beauty,Region Z,41,799.0,32759.0
2026-07-02,P101,VoltX Pro 5G Phone,Electronics,Region X,50,24999.0,1249950.0
2026-07-02,P101,VoltX Pro 5G Phone,Electronics,Region Y,20,24999.0,499980.0
2026-07-02,P101,VoltX Pro 5G Phone,Electronics,Region Z,27,24999.0,674973.0
2026-07-02,P102,VoltX Lite 5G Phone,Electronics,Region X,55,14999.0,824945.0
2026-07-02,P102,VoltX Lite 5G Phone,Electronics,Region Y,24,14999.0,359976.0
2026-07-02,P102,VoltX Lite 5G Phone,Electronics,Region Z,14,14999.0,209986.0
2026-07-02,P103,SoundCore Buds,Electronics,Region X,91,2999.0,272909.0
2026-07-02,P103,SoundCore Buds,Electronics,Region Y,41,2999.0,122959.0
2026-07-02,P103,SoundCore Buds,Electronics,Region Z,45,2999.0,134955.0
2026-07-02,P104,NovaTab 11,Electronics,Region X,30,18999.0,569970.0
2026-07-02,P104,NovaTab 11,Electronics,Region Y,13,18999.0,246987.0
2026-07-02,P104,NovaTab 11,Electronics,Region Z,10,18999.0,189990.0
2026-07-02,P201,UrbanDen Jacket,Apparel,Region X,51,3499.0,178449.0
2026-07-02,P201,UrbanDen Jacket,Apparel,Region Y,16,3499.0,55984.0
2026-07-02,P201,UrbanDen Jacket,Apparel,Region Z,14,3499.0,48986.0
2026-07-02,P202,FlexiKnit Tee,Apparel,Region X,107,999.0,106893.0
2026-07-02,P202,FlexiKnit Tee,Apparel,Region Y,62,999.0,61938.0
2026-07-02,P202,FlexiKnit Tee,Apparel,Region Z,45,999.0,44955.0
2026-07-02,P203,TrailBlaze Sneakers,Apparel,Region X,31,4599.0,142569.0
2026-07-02,P203,TrailBlaze Sneakers,Apparel,Region Y,16,4599.0,73584.0
2026-07-02,P203,TrailBlaze Sneakers,Apparel,Region Z,11,4599.0,50589.0
2026-07-02,P204,CloudWeave Hoodie,Apparel,Region X,34,2199.0,74766.0
2026-07-02,P204,CloudWeave Hoodie,Apparel,Region Y,28,2199.0,61572.0
2026-07-02,P204,CloudWeave Hoodie,Apparel,Region Z,15,2199.0,32985.0
2026-07-02,P301,ChefPro Blender,Home & Kitchen,Region X,20,5499.0,109980.0
2026-07-02,P301,ChefPro Blender,Home & Kitchen,Region Y,7,5499.0,38493.0
2026-07-02,P301,ChefPro Blender,Home & Kitchen,Region Z,8,5499.0,43992.0
2026-07-02,P302,AeroFry Air Cooker,Home & Kitchen,Region X,11,8999.0,98989.0
2026-07-02,P302,AeroFry Air Cooker,Home & Kitchen,Region Y,5,8999.0,44995.0
2026-07-02,P302,AeroFry Air Cooker,Home & Kitchen,Region Z,4,8999.0,35996.0
2026-07-02,P303,PureSip Bottle,Home & Kitchen,Region X,123,899.0,110577.0
2026-07-02,P303,PureSip Bottle,Home & Kitchen,Region Y,74,899.0,66526.0
2026-07-02,P303,PureSip Bottle,Home & Kitchen,Region Z,49,899.0,44051.0
2026-07-02,P304,LoomNest Bedsheet,Home & Kitchen,Region X,34,1799.0,61166.0
2026-07-02,P304,LoomNest Bedsheet,Home & Kitchen,Region Y,14,1799.0,25186.0
2026-07-02,P304,LoomNest Bedsheet,Home & Kitchen,Region Z,17,1799.0,30583.0
2026-07-02,P401,GlowLab Serum,Beauty,Region X,68,1299.0,88332.0
2026-07-02,P401,GlowLab Serum,Beauty,Region Y,51,1299.0,66249.0
2026-07-02,P401,GlowLab Serum,Beauty,Region Z,21,1299.0,27279.0
2026-07-02,P402,SilkTouch Shampoo,Beauty,Region X,167,449.0,74983.0
2026-07-02,P402,SilkTouch Shampoo,Beauty,Region Y,84,449.0,37716.0
2026-07-02,P402,SilkTouch Shampoo,Beauty,Region Z,41,449.0,18409.0
2026-07-02,P403,DewDrop Moisturizer,Beauty,Region X,83,799.0,66317.0
2026-07-02,P403,DewDrop Moisturizer,Beauty,Region Y,56,799.0,44744.0
2026-07-02,P403,DewDrop Moisturizer,Beauty,Region Z,34,799.0,27166.0
2026-07-03,P101,VoltX Pro 5G Phone,Electronics,Region X,57,24999.0,1424943.0
2026-07-03,P101,VoltX Pro 5G Phone,Electronics,Region Y,34,24999.0,849966.0
2026-07-03,P101,VoltX Pro 5G Phone,Electronics,Region Z,22,24999.0,549978.0
2026-07-03,P102,VoltX Lite 5G Phone,Electronics,Region X,47,14999.0,704953.0
2026-07-03,P102,VoltX Lite 5G Phone,Electronics,Region Y,20,14999.0,299980.0
2026-07-03,P102,VoltX Lite 5G Phone,Electronics,Region Z,8,14999.0,119992.0
2026-07-03,P103,SoundCore Buds,Electronics,Region X,78,2999.0,233922.0
2026-07-03,P103,SoundCore Buds,Electronics,Region Y,59,2999.0,176941.0
2026-07-03,P103,SoundCore Buds,Electronics,Region Z,33,2999.0,98967.0
2026-07-03,P104,NovaTab 11,Electronics,Region X,30,18999.0,569970.0
2026-07-03,P104,NovaTab 11,Electronics,Region Y,10,18999.0,189990.0
2026-07-03,P104,NovaTab 11,Electronics,Region Z,7,18999.0,132993.0
2026-07-03,P201,UrbanDen Jacket,Apparel,Region X,35,3499.0,122465.0
2026-07-03,P201,UrbanDen Jacket,Apparel,Region Y,24,3499.0,83976.0
2026-07-03,P201,UrbanDen Jacket,Apparel,Region Z,13,3499.0,45487.0
2026-07-03,P202,FlexiKnit Tee,Apparel,Region X,132,999.0,131868.0
2026-07-03,P202,FlexiKnit Tee,Apparel,Region Y,63,999.0,62937.0
2026-07-03,P202,FlexiKnit Tee,Apparel,Region Z,37,999.0,36963.0
2026-07-03,P203,TrailBlaze Sneakers,Apparel,Region X,31,4599.0,142569.0
2026-07-03,P203,TrailBlaze Sneakers,Apparel,Region Y,18,4599.0,82782.0
2026-07-03,P203,TrailBlaze Sneakers,Apparel,Region Z,14,4599.0,64386.0
2026-07-03,P204,CloudWeave Hoodie,Apparel,Region X,38,2199.0,83562.0
2026-07-03,P204,CloudWeave Hoodie,Apparel,Region Y,13,2199.0,28587.0
2026-07-03,P204,CloudWeave Hoodie,Apparel,Region Z,12,2199.0,26388.0
2026-07-03,P301,ChefPro Blender,Home & Kitchen,Region X,31,5499.0,170469.0
2026-07-03,P301,ChefPro Blender,Home & Kitchen,Region Y,10,5499.0,54990.0
2026-07-03,P301,ChefPro Blender,Home & Kitchen,Region Z,4,5499.0,21996.0
2026-07-03,P302,AeroFry Air Cooker,Home & Kitchen,Region X,11,8999.0,98989.0
2026-07-03,P302,AeroFry Air Cooker,Home & Kitchen,Region Y,6,8999.0,53994.0
2026-07-03,P302,AeroFry Air Cooker,Home & Kitchen,Region Z,1,8999.0,8999.0
2026-07-03,P303,PureSip Bottle,Home & Kitchen,Region X,118,899.0,106082.0
2026-07-03,P303,PureSip Bottle,Home & Kitchen,Region Y,102,899.0,91698.0
2026-07-03,P303,PureSip Bottle,Home & Kitchen,Region Z,45,899.0,40455.0
2026-07-03,P304,LoomNest Bedsheet,Home & Kitchen,Region X,23,1799.0,41377.0
2026-07-03,P304,LoomNest Bedsheet,Home & Kitchen,Region Y,8,1799.0,14392.0
2026-07-03,P304,LoomNest Bedsheet,Home & Kitchen,Region Z,8,1799.0,14392.0
2026-07-03,P401,GlowLab Serum,Beauty,Region X,94,1299.0,122106.0
2026-07-03,P401,GlowLab Serum,Beauty,Region Y,48,1299.0,62352.0
2026-07-03,P401,GlowLab Serum,Beauty,Region Z,20,1299.0,25980.0
2026-07-03,P402,SilkTouch Shampoo,Beauty,Region X,154,449.0,69146.0
2026-07-03,P402,SilkTouch Shampoo,Beauty,Region Y,101,449.0,45349.0
2026-07-03,P402,SilkTouch Shampoo,Beauty,Region Z,61,449.0,27389.0
2026-07-03,P403,DewDrop Moisturizer,Beauty,Region X,77,799.0,61523.0
2026-07-03,P403,DewDrop Moisturizer,Beauty,Region Y,65,799.0,51935.0
2026-07-03,P403,DewDrop Moisturizer,Beauty,Region Z,30,799.0,23970.0
2026-07-04,P101,VoltX Pro 5G Phone,Electronics,Region X,65,24999.0,1624935.0
2026-07-04,P101,VoltX Pro 5G Phone,Electronics,Region Y,34,24999.0,849966.0
2026-07-04,P101,VoltX Pro 5G Phone,Electronics,Region Z,34,24999.0,849966.0
2026-07-04,P102,VoltX Lite 5G Phone,Electronics,Region X,71,14999.0,1064929.0
2026-07-04,P102,VoltX Lite 5G Phone,Electronics,Region Y,31,14999.0,464969.0
2026-07-04,P102,VoltX Lite 5G Phone,Electronics,Region Z,29,14999.0,434971.0
2026-07-04,P103,SoundCore Buds,Electronics,Region X,84,2999.0,251916.0
2026-07-04,P103,SoundCore Buds,Electronics,Region Y,60,2999.0,179940.0
2026-07-04,P103,SoundCore Buds,Electronics,Region Z,45,2999.0,134955.0
2026-07-04,P104,NovaTab 11,Electronics,Region X,24,18999.0,455976.0
2026-07-04,P104,NovaTab 11,Electronics,Region Y,16,18999.0,303984.0
2026-07-04,P104,NovaTab 11,Electronics,Region Z,14,18999.0,265986.0
2026-07-04,P201,UrbanDen Jacket,Apparel,Region X,51,3499.0,178449.0
2026-07-04,P201,UrbanDen Jacket,Apparel,Region Y,30,3499.0,104970.0
2026-07-04,P201,UrbanDen Jacket,Apparel,Region Z,12,3499.0,41988.0
2026-07-04,P202,FlexiKnit Tee,Apparel,Region X,169,999.0,168831.0
2026-07-04,P202,FlexiKnit Tee,Apparel,Region Y,83,999.0,82917.0
2026-07-04,P202,FlexiKnit Tee,Apparel,Region Z,55,999.0,54945.0
2026-07-04,P203,TrailBlaze Sneakers,Apparel,Region X,36,4599.0,165564.0
2026-07-04,P203,TrailBlaze Sneakers,Apparel,Region Y,27,4599.0,124173.0
2026-07-04,P203,TrailBlaze Sneakers,Apparel,Region Z,12,4599.0,55188.0
2026-07-04,P204,CloudWeave Hoodie,Apparel,Region X,35,2199.0,76965.0
2026-07-04,P204,CloudWeave Hoodie,Apparel,Region Y,28,2199.0,61572.0
2026-07-04,P204,CloudWeave Hoodie,Apparel,Region Z,14,2199.0,30786.0
2026-07-04,P301,ChefPro Blender,Home & Kitchen,Region X,27,5499.0,148473.0
2026-07-04,P301,ChefPro Blender,Home & Kitchen,Region Y,11,5499.0,60489.0
2026-07-04,P301,ChefPro Blender,Home & Kitchen,Region Z,4,5499.0,21996.0
2026-07-04,P302,AeroFry Air Cooker,Home & Kitchen,Region X,13,8999.0,116987.0
2026-07-04,P302,AeroFry Air Cooker,Home & Kitchen,Region Y,8,8999.0,71992.0
2026-07-04,P302,AeroFry Air Cooker,Home & Kitchen,Region Z,3,8999.0,26997.0
2026-07-04,P303,PureSip Bottle,Home & Kitchen,Region X,137,899.0,123163.0
2026-07-04,P303,PureSip Bottle,Home & Kitchen,Region Y,58,899.0,52142.0
2026-07-04,P303,PureSip Bottle,Home & Kitchen,Region Z,74,899.0,66526.0
2026-07-04,P304,LoomNest Bedsheet,Home & Kitchen,Region X,39,1799.0,70161.0
2026-07-04,P304,LoomNest Bedsheet,Home & Kitchen,Region Y,12,1799.0,21588.0
2026-07-04,P304,LoomNest Bedsheet,Home & Kitchen,Region Z,14,1799.0,25186.0
2026-07-04,P401,GlowLab Serum,Beauty,Region X,89,1299.0,115611.0
2026-07-04,P401,GlowLab Serum,Beauty,Region Y,57,1299.0,74043.0
2026-07-04,P401,GlowLab Serum,Beauty,Region Z,27,1299.0,35073.0
2026-07-04,P402,SilkTouch Shampoo,Beauty,Region X,215,449.0,96535.0
2026-07-04,P402,SilkTouch Shampoo,Beauty,Region Y,108,449.0,48492.0
2026-07-04,P402,SilkTouch Shampoo,Beauty,Region Z,75,449.0,33675.0
2026-07-04,P403,DewDrop Moisturizer,Beauty,Region X,125,799.0,99875.0
2026-07-04,P403,DewDrop Moisturizer,Beauty,Region Y,75,799.0,59925.0
2026-07-04,P403,DewDrop Moisturizer,Beauty,Region Z,43,799.0,34357.0
2026-07-05,P101,VoltX Pro 5G Phone,Electronics,Region X,60,24999.0,1499940.0
2026-07-05,P101,VoltX Pro 5G Phone,Electronics,Region Y,47,24999.0,1174953.0
2026-07-05,P101,VoltX Pro 5G Phone,Electronics,Region Z,19,24999.0,474981.0
2026-07-05,P102,VoltX Lite 5G Phone,Electronics,Region X,56,14999.0,839944.0
2026-07-05,P102,VoltX Lite 5G Phone,Electronics,Region Y,31,14999.0,464969.0
2026-07-05,P102,VoltX Lite 5G Phone,Electronics,Region Z,17,14999.0,254983.0
2026-07-05,P103,SoundCore Buds,Electronics,Region X,96,2999.0,287904.0
2026-07-05,P103,SoundCore Buds,Electronics,Region Y,54,2999.0,161946.0
2026-07-05,P103,SoundCore Buds,Electronics,Region Z,36,2999.0,107964.0
2026-07-05,P104,NovaTab 11,Electronics,Region X,27,18999.0,512973.0
2026-07-05,P104,NovaTab 11,Electronics,Region Y,20,18999.0,379980.0
2026-07-05,P104,NovaTab 11,Electronics,Region Z,8,18999.0,151992.0
2026-07-05,P201,UrbanDen Jacket,Apparel,Region X,44,3499.0,153956.0
2026-07-05,P201,UrbanDen Jacket,Apparel,Region Y,35,3499.0,122465.0
2026-07-05,P201,UrbanDen Jacket,Apparel,Region Z,20,3499.0,69980.0
2026-07-05,P202,FlexiKnit Tee,Apparel,Region X,142,999.0,141858.0
2026-07-05,P202,FlexiKnit Tee,Apparel,Region Y,68,999.0,67932.0
2026-07-05,P202,FlexiKnit Tee,Apparel,Region Z,45,999.0,44955.0
2026-07-05,P203,TrailBlaze Sneakers,Apparel,Region X,34,4599.0,156366.0
2026-07-05,P203,TrailBlaze Sneakers,Apparel,Region Y,16,4599.0,73584.0
2026-07-05,P203,TrailBlaze Sneakers,Apparel,Region Z,7,4599.0,32193.0
2026-07-05,P204,CloudWeave Hoodie,Apparel,Region X,49,2199.0,107751.0
2026-07-05,P204,CloudWeave Hoodie,Apparel,Region Y,19,2199.0,41781.0
2026-07-05,P204,CloudWeave Hoodie,Apparel,Region Z,9,2199.0,19791.0
2026-07-05,P301,ChefPro Blender,Home & Kitchen,Region X,16,5499.0,87984.0
2026-07-05,P301,ChefPro Blender,Home & Kitchen,Region Y,12,5499.0,65988.0
2026-07-05,P301,ChefPro Blender,Home & Kitchen,Region Z,9,5499.0,49491.0
2026-07-05,P302,AeroFry Air Cooker,Home & Kitchen,Region X,17,8999.0,152983.0
2026-07-05,P302,AeroFry Air Cooker,Home & Kitchen,Region Y,11,8999.0,98989.0
2026-07-05,P302,AeroFry Air Cooker,Home & Kitchen,Region Z,7,8999.0,62993.0
2026-07-05,P303,PureSip Bottle,Home & Kitchen,Region X,202,899.0,181598.0
2026-07-05,P303,PureSip Bottle,Home & Kitchen,Region Y,89,899.0,80011.0
2026-07-05,P303,PureSip Bottle,Home & Kitchen,Region Z,46,899.0,41354.0
2026-07-05,P304,LoomNest Bedsheet,Home & Kitchen,Region X,23,1799.0,41377.0
2026-07-05,P304,LoomNest Bedsheet,Home & Kitchen,Region Y,23,1799.0,41377.0
2026-07-05,P304,LoomNest Bedsheet,Home & Kitchen,Region Z,11,1799.0,19789.0
2026-07-05,P401,GlowLab Serum,Beauty,Region X,89,1299.0,115611.0
2026-07-05,P401,GlowLab Serum,Beauty,Region Y,37,1299.0,48063.0
2026-07-05,P401,GlowLab Serum,Beauty,Region Z,35,1299.0,45465.0
2026-07-05,P402,SilkTouch Shampoo,Beauty,Region X,234,449.0,105066.0
2026-07-05,P402,SilkTouch Shampoo,Beauty,Region Y,112,449.0,50288.0
2026-07-05,P402,SilkTouch Shampoo,Beauty,Region Z,65,449.0,29185.0
2026-07-05,P403,DewDrop Moisturizer,Beauty,Region X,132,799.0,105468.0
2026-07-05,P403,DewDrop Moisturizer,Beauty,Region Y,59,799.0,47141.0
2026-07-05,P403,DewDrop Moisturizer,Beauty,Region Z,37,799.0,29563.0
2026-07-06,P101,VoltX Pro 5G Phone,Electronics,Region X,62,24999.0,1549938.0
2026-07-06,P101,VoltX Pro 5G Phone,Electronics,Region Y,34,24999.0,849966.0
2026-07-06,P101,VoltX Pro 5G Phone,Electronics,Region Z,19,24999.0,474981.0
2026-07-06,P102,VoltX Lite 5G Phone,Electronics,Region X,37,14999.0,554963.0
2026-07-06,P102,VoltX Lite 5G Phone,Electronics,Region Y,27,14999.0,404973.0
2026-07-06,P102,VoltX Lite 5G Phone,Electronics,Region Z,15,14999.0,224985.0
2026-07-06,P103,SoundCore Buds,Electronics,Region X,79,2999.0,236921.0
2026-07-06,P103,SoundCore Buds,Electronics,Region Y,55,2999.0,164945.0
2026-07-06,P103,SoundCore Buds,Electronics,Region Z,40,2999.0,119960.0
2026-07-06,P104,NovaTab 11,Electronics,Region X,33,18999.0,626967.0
2026-07-06,P104,NovaTab 11,Electronics,Region Y,15,18999.0,284985.0
2026-07-06,P104,NovaTab 11,Electronics,Region Z,6,18999.0,113994.0
2026-07-06,P201,UrbanDen Jacket,Apparel,Region X,45,3499.0,157455.0
2026-07-06,P201,UrbanDen Jacket,Apparel,Region Y,28,3499.0,97972.0
2026-07-06,P201,UrbanDen Jacket,Apparel,Region Z,9,3499.0,31491.0
2026-07-06,P202,FlexiKnit Tee,Apparel,Region X,115,999.0,114885.0
2026-07-06,P202,FlexiKnit Tee,Apparel,Region Y,61,999.0,60939.0
2026-07-06,P202,FlexiKnit Tee,Apparel,Region Z,45,999.0,44955.0
2026-07-06,P203,TrailBlaze Sneakers,Apparel,Region X,28,4599.0,128772.0
2026-07-06,P203,TrailBlaze Sneakers,Apparel,Region Y,18,4599.0,82782.0
2026-07-06,P203,TrailBlaze Sneakers,Apparel,Region Z,11,4599.0,50589.0
2026-07-06,P204,CloudWeave Hoodie,Apparel,Region X,32,2199.0,70368.0
2026-07-06,P204,CloudWeave Hoodie,Apparel,Region Y,20,2199.0,43980.0
2026-07-06,P204,CloudWeave Hoodie,Apparel,Region Z,15,2199.0,32985.0
2026-07-06,P301,ChefPro Blender,Home & Kitchen,Region X,17,5499.0,93483.0
2026-07-06,P301,ChefPro Blender,Home & Kitchen,Region Y,6,5499.0,32994.0
2026-07-06,P301,ChefPro Blender,Home & Kitchen,Region Z,4,5499.0,21996.0
2026-07-06,P302,AeroFry Air Cooker,Home & Kitchen,Region X,10,8999.0,89990.0
2026-07-06,P302,AeroFry Air Cooker,Home & Kitchen,Region Y,1,8999.0,8999.0
2026-07-06,P302,AeroFry Air Cooker,Home & Kitchen,Region Z,4,8999.0,35996.0
2026-07-06,P303,PureSip Bottle,Home & Kitchen,Region X,125,899.0,112375.0
2026-07-06,P303,PureSip Bottle,Home & Kitchen,Region Y,86,899.0,77314.0
2026-07-06,P303,PureSip Bottle,Home & Kitchen,Region Z,51,899.0,45849.0
2026-07-06,P304,LoomNest Bedsheet,Home & Kitchen,Region X,26,1799.0,46774.0
2026-07-06,P304,LoomNest Bedsheet,Home & Kitchen,Region Y,13,1799.0,23387.0
2026-07-06,P304,LoomNest Bedsheet,Home & Kitchen,Region Z,14,1799.0,25186.0
2026-07-06,P401,GlowLab Serum,Beauty,Region X,52,1299.0,67548.0
2026-07-06,P401,GlowLab Serum,Beauty,Region Y,30,1299.0,38970.0
2026-07-06,P401,GlowLab Serum,Beauty,Region Z,30,1299.0,38970.0
2026-07-06,P402,SilkTouch Shampoo,Beauty,Region X,154,449.0,69146.0
2026-07-06,P402,SilkTouch Shampoo,Beauty,Region Y,85,449.0,38165.0
2026-07-06,P402,SilkTouch Shampoo,Beauty,Region Z,60,449.0,26940.0
2026-07-06,P403,DewDrop Moisturizer,Beauty,Region X,103,799.0,82297.0
2026-07-06,P403,DewDrop Moisturizer,Beauty,Region Y,50,799.0,39950.0
2026-07-06,P403,DewDrop Moisturizer,Beauty,Region Z,26,799.0,20774.0
2026-07-07,P101,VoltX Pro 5G Phone,Electronics,Region X,68,24999.0,1699932.0
2026-07-07,P101,VoltX Pro 5G Phone,Electronics,Region Y,41,24999.0,1024959.0
2026-07-07,P101,VoltX Pro 5G Phone,Electronics,Region Z,21,24999.0,524979.0
2026-07-07,P102,VoltX Lite 5G Phone,Electronics,Region X,37,14999.0,554963.0
2026-07-07,P102,VoltX Lite 5G Phone,Electronics,Region Y,16,14999.0,239984.0
2026-07-07,P102,VoltX Lite 5G Phone,Electronics,Region Z,18,14999.0,269982.0
2026-07-07,P103,SoundCore Buds,Electronics,Region X,76,2999.0,227924.0
2026-07-07,P103,SoundCore Buds,Electronics,Region Y,38,2999.0,113962.0
2026-07-07,P103,SoundCore Buds,Electronics,Region Z,32,2999.0,95968.0
2026-07-07,P104,NovaTab 11,Electronics,Region X,16,18999.0,303984.0
2026-07-07,P104,NovaTab 11,Electronics,Region Y,11,18999.0,208989.0
2026-07-07,P104,NovaTab 11,Electronics,Region Z,10,18999.0,189990.0
2026-07-07,P201,UrbanDen Jacket,Apparel,Region X,41,3499.0,143459.0
2026-07-07,P201,UrbanDen Jacket,Apparel,Region Y,15,3499.0,52485.0
2026-07-07,P201,UrbanDen Jacket,Apparel,Region Z,16,3499.0,55984.0
2026-07-07,P202,FlexiKnit Tee,Apparel,Region X,102,999.0,101898.0
2026-07-07,P202,FlexiKnit Tee,Apparel,Region Y,73,999.0,72927.0
2026-07-07,P202,FlexiKnit Tee,Apparel,Region Z,38,999.0,37962.0
2026-07-07,P203,TrailBlaze Sneakers,Apparel,Region X,29,4599.0,133371.0
2026-07-07,P203,TrailBlaze Sneakers,Apparel,Region Y,14,4599.0,64386.0
2026-07-07,P203,TrailBlaze Sneakers,Apparel,Region Z,11,4599.0,50589.0
2026-07-07,P204,CloudWeave Hoodie,Apparel,Region X,39,2199.0,85761.0
2026-07-07,P204,CloudWeave Hoodie,Apparel,Region Y,15,2199.0,32985.0
2026-07-07,P204,CloudWeave Hoodie,Apparel,Region Z,18,2199.0,39582.0
2026-07-07,P301,ChefPro Blender,Home & Kitchen,Region X,17,5499.0,93483.0
2026-07-07,P301,ChefPro Blender,Home & Kitchen,Region Y,9,5499.0,49491.0
2026-07-07,P301,ChefPro Blender,Home & Kitchen,Region Z,6,5499.0,32994.0
2026-07-07,P302,AeroFry Air Cooker,Home & Kitchen,Region X,8,8999.0,71992.0
2026-07-07,P302,AeroFry Air Cooker,Home & Kitchen,Region Y,8,8999.0,71992.0
2026-07-07,P302,AeroFry Air Cooker,Home & Kitchen,Region Z,7,8999.0,62993.0
2026-07-07,P303,PureSip Bottle,Home & Kitchen,Region X,122,899.0,109678.0
2026-07-07,P303,PureSip Bottle,Home & Kitchen,Region Y,74,899.0,66526.0
2026-07-07,P303,PureSip Bottle,Home & Kitchen,Region Z,61,899.0,54839.0
2026-07-07,P304,LoomNest Bedsheet,Home & Kitchen,Region X,37,1799.0,66563.0
2026-07-07,P304,LoomNest Bedsheet,Home & Kitchen,Region Y,14,1799.0,25186.0
2026-07-07,P304,LoomNest Bedsheet,Home & Kitchen,Region Z,11,1799.0,19789.0
2026-07-07,P401,GlowLab Serum,Beauty,Region X,76,1299.0,98724.0
2026-07-07,P401,GlowLab Serum,Beauty,Region Y,53,1299.0,68847.0
2026-07-07,P401,GlowLab Serum,Beauty,Region Z,25,1299.0,32475.0
2026-07-07,P402,SilkTouch Shampoo,Beauty,Region X,140,449.0,62860.0
2026-07-07,P402,SilkTouch Shampoo,Beauty,Region Y,82,449.0,36818.0
2026-07-07,P402,SilkTouch Shampoo,Beauty,Region Z,48,449.0,21552.0
2026-07-07,P403,DewDrop Moisturizer,Beauty,Region X,108,799.0,86292.0
2026-07-07,P403,DewDrop Moisturizer,Beauty,Region Y,62,799.0,49538.0
2026-07-07,P403,DewDrop Moisturizer,Beauty,Region Z,31,799.0,24769.0
2026-07-08,P101,VoltX Pro 5G Phone,Electronics,Region X,48,24999.0,1199952.0
2026-07-08,P101,VoltX Pro 5G Phone,Electronics,Region Y,21,24999.0,524979.0
2026-07-08,P101,VoltX Pro 5G Phone,Electronics,Region Z,24,24999.0,599976.0
2026-07-08,P102,VoltX Lite 5G Phone,Electronics,Region X,36,14999.0,539964.0
2026-07-08,P102,VoltX Lite 5G Phone,Electronics,Region Y,29,14999.0,434971.0
2026-07-08,P102,VoltX Lite 5G Phone,Electronics,Region Z,17,14999.0,254983.0
2026-07-08,P103,SoundCore Buds,Electronics,Region X,101,2999.0,302899.0
2026-07-08,P103,SoundCore Buds,Electronics,Region Y,45,2999.0,134955.0
2026-07-08,P103,SoundCore Buds,Electronics,Region Z,25,2999.0,74975.0
2026-07-08,P104,NovaTab 11,Electronics,Region X,22,18999.0,417978.0
2026-07-08,P104,NovaTab 11,Electronics,Region Y,8,18999.0,151992.0
2026-07-08,P104,NovaTab 11,Electronics,Region Z,6,18999.0,113994.0
2026-07-08,P201,UrbanDen Jacket,Apparel,Region X,50,3499.0,174950.0
2026-07-08,P201,UrbanDen Jacket,Apparel,Region Y,17,3499.0,59483.0
2026-07-08,P201,UrbanDen Jacket,Apparel,Region Z,11,3499.0,38489.0
2026-07-08,P202,FlexiKnit Tee,Apparel,Region X,128,999.0,127872.0
2026-07-08,P202,FlexiKnit Tee,Apparel,Region Y,82,999.0,81918.0
2026-07-08,P202,FlexiKnit Tee,Apparel,Region Z,35,999.0,34965.0
2026-07-08,P203,TrailBlaze Sneakers,Apparel,Region X,29,4599.0,133371.0
2026-07-08,P203,TrailBlaze Sneakers,Apparel,Region Y,16,4599.0,73584.0
2026-07-08,P203,TrailBlaze Sneakers,Apparel,Region Z,7,4599.0,32193.0
2026-07-08,P204,CloudWeave Hoodie,Apparel,Region X,38,2199.0,83562.0
2026-07-08,P204,CloudWeave Hoodie,Apparel,Region Y,14,2199.0,30786.0
2026-07-08,P204,CloudWeave Hoodie,Apparel,Region Z,18,2199.0,39582.0
2026-07-08,P301,ChefPro Blender,Home & Kitchen,Region X,19,5499.0,104481.0
2026-07-08,P301,ChefPro Blender,Home & Kitchen,Region Y,6,5499.0,32994.0
2026-07-08,P301,ChefPro Blender,Home & Kitchen,Region Z,10,5499.0,54990.0
2026-07-08,P302,AeroFry Air Cooker,Home & Kitchen,Region X,10,8999.0,89990.0
2026-07-08,P302,AeroFry Air Cooker,Home & Kitchen,Region Y,6,8999.0,53994.0
2026-07-08,P302,AeroFry Air Cooker,Home & Kitchen,Region Z,5,8999.0,44995.0
2026-07-08,P303,PureSip Bottle,Home & Kitchen,Region X,168,899.0,151032.0
2026-07-08,P303,PureSip Bottle,Home & Kitchen,Region Y,92,899.0,82708.0
2026-07-08,P303,PureSip Bottle,Home & Kitchen,Region Z,47,899.0,42253.0
2026-07-08,P304,LoomNest Bedsheet,Home & Kitchen,Region X,25,1799.0,44975.0
2026-07-08,P304,LoomNest Bedsheet,Home & Kitchen,Region Y,12,1799.0,21588.0
2026-07-08,P304,LoomNest Bedsheet,Home & Kitchen,Region Z,9,1799.0,16191.0
2026-07-08,P401,GlowLab Serum,Beauty,Region X,85,1299.0,110415.0
2026-07-08,P401,GlowLab Serum,Beauty,Region Y,36,1299.0,46764.0
2026-07-08,P401,GlowLab Serum,Beauty,Region Z,21,1299.0,27279.0
2026-07-08,P402,SilkTouch Shampoo,Beauty,Region X,167,449.0,74983.0
2026-07-08,P402,SilkTouch Shampoo,Beauty,Region Y,89,449.0,39961.0
2026-07-08,P402,SilkTouch Shampoo,Beauty,Region Z,52,449.0,23348.0
2026-07-08,P403,DewDrop Moisturizer,Beauty,Region X,104,799.0,83096.0
2026-07-08,P403,DewDrop Moisturizer,Beauty,Region Y,50,799.0,39950.0
2026-07-08,P403,DewDrop Moisturizer,Beauty,Region Z,46,799.0,36754.0
2026-07-09,P101,VoltX Pro 5G Phone,Electronics,Region X,58,24999.0,1449942.0
2026-07-09,P101,VoltX Pro 5G Phone,Electronics,Region Y,32,24999.0,799968.0
2026-07-09,P101,VoltX Pro 5G Phone,Electronics,Region Z,25,24999.0,624975.0
2026-07-09,P102,VoltX Lite 5G Phone,Electronics,Region X,55,14999.0,824945.0
2026-07-09,P102,VoltX Lite 5G Phone,Electronics,Region Y,25,14999.0,374975.0
2026-07-09,P102,VoltX Lite 5G Phone,Electronics,Region Z,10,14999.0,149990.0
2026-07-09,P103,SoundCore Buds,Electronics,Region X,91,2999.0,272909.0
2026-07-09,P103,SoundCore Buds,Electronics,Region Y,41,2999.0,122959.0
2026-07-09,P103,SoundCore Buds,Electronics,Region Z,30,2999.0,89970.0
2026-07-09,P104,NovaTab 11,Electronics,Region X,20,18999.0,379980.0
2026-07-09,P104,NovaTab 11,Electronics,Region Y,12,18999.0,227988.0
2026-07-09,P104,NovaTab 11,Electronics,Region Z,6,18999.0,113994.0
2026-07-09,P201,UrbanDen Jacket,Apparel,Region X,38,3499.0,132962.0
2026-07-09,P201,UrbanDen Jacket,Apparel,Region Y,26,3499.0,90974.0
2026-07-09,P201,UrbanDen Jacket,Apparel,Region Z,12,3499.0,41988.0
2026-07-09,P202,FlexiKnit Tee,Apparel,Region X,119,999.0,118881.0
2026-07-09,P202,FlexiKnit Tee,Apparel,Region Y,74,999.0,73926.0
2026-07-09,P202,FlexiKnit Tee,Apparel,Region Z,36,999.0,35964.0
2026-07-09,P203,TrailBlaze Sneakers,Apparel,Region X,32,4599.0,147168.0
2026-07-09,P203,TrailBlaze Sneakers,Apparel,Region Y,14,4599.0,64386.0
2026-07-09,P203,TrailBlaze Sneakers,Apparel,Region Z,11,4599.0,50589.0
2026-07-09,P204,CloudWeave Hoodie,Apparel,Region X,38,2199.0,83562.0
2026-07-09,P204,CloudWeave Hoodie,Apparel,Region Y,22,2199.0,48378.0
2026-07-09,P204,CloudWeave Hoodie,Apparel,Region Z,10,2199.0,21990.0
2026-07-09,P301,ChefPro Blender,Home & Kitchen,Region X,14,5499.0,76986.0
2026-07-09,P301,ChefPro Blender,Home & Kitchen,Region Y,16,5499.0,87984.0
2026-07-09,P301,ChefPro Blender,Home & Kitchen,Region Z,6,5499.0,32994.0
2026-07-09,P302,AeroFry Air Cooker,Home & Kitchen,Region X,16,8999.0,143984.0
2026-07-09,P302,AeroFry Air Cooker,Home & Kitchen,Region Y,6,8999.0,53994.0
2026-07-09,P302,AeroFry Air Cooker,Home & Kitchen,Region Z,5,8999.0,44995.0
2026-07-09,P303,PureSip Bottle,Home & Kitchen,Region X,159,899.0,142941.0
2026-07-09,P303,PureSip Bottle,Home & Kitchen,Region Y,80,899.0,71920.0
2026-07-09,P303,PureSip Bottle,Home & Kitchen,Region Z,52,899.0,46748.0
2026-07-09,P304,LoomNest Bedsheet,Home & Kitchen,Region X,19,1799.0,34181.0
2026-07-09,P304,LoomNest Bedsheet,Home & Kitchen,Region Y,16,1799.0,28784.0
2026-07-09,P304,LoomNest Bedsheet,Home & Kitchen,Region Z,9,1799.0,16191.0
2026-07-09,P401,GlowLab Serum,Beauty,Region X,80,1299.0,103920.0
2026-07-09,P401,GlowLab Serum,Beauty,Region Y,35,1299.0,45465.0
2026-07-09,P401,GlowLab Serum,Beauty,Region Z,20,1299.0,25980.0
2026-07-09,P402,SilkTouch Shampoo,Beauty,Region X,192,449.0,86208.0
2026-07-09,P402,SilkTouch Shampoo,Beauty,Region Y,82,449.0,36818.0
2026-07-09,P402,SilkTouch Shampoo,Beauty,Region Z,73,449.0,32777.0
2026-07-09,P403,DewDrop Moisturizer,Beauty,Region X,103,799.0,82297.0
2026-07-09,P403,DewDrop Moisturizer,Beauty,Region Y,46,799.0,36754.0
2026-07-09,P403,DewDrop Moisturizer,Beauty,Region Z,27,799.0,21573.0
2026-07-10,P101,VoltX Pro 5G Phone,Electronics,Region X,61,24999.0,1524939.0
2026-07-10,P101,VoltX Pro 5G Phone,Electronics,Region Y,49,24999.0,1224951.0
2026-07-10,P101,VoltX Pro 5G Phone,Electronics,Region Z,22,24999.0,549978.0
2026-07-10,P102,VoltX Lite 5G Phone,Electronics,Region X,38,14999.0,569962.0
2026-07-10,P102,VoltX Lite 5G Phone,Electronics,Region Y,17,14999.0,254983.0
2026-07-10,P102,VoltX Lite 5G Phone,Electronics,Region Z,12,14999.0,179988.0
2026-07-10,P103,SoundCore Buds,Electronics,Region X,89,2999.0,266911.0
2026-07-10,P103,SoundCore Buds,Electronics,Region Y,38,2999.0,113962.0
2026-07-10,P103,SoundCore Buds,Electronics,Region Z,27,2999.0,80973.0
2026-07-10,P104,NovaTab 11,Electronics,Region X,27,18999.0,512973.0
2026-07-10,P104,NovaTab 11,Electronics,Region Y,7,18999.0,132993.0
2026-07-10,P104,NovaTab 11,Electronics,Region Z,15,18999.0,284985.0
2026-07-10,P201,UrbanDen Jacket,Apparel,Region X,40,3499.0,139960.0
2026-07-10,P201,UrbanDen Jacket,Apparel,Region Y,17,3499.0,59483.0
2026-07-10,P201,UrbanDen Jacket,Apparel,Region Z,15,3499.0,52485.0
2026-07-10,P202,FlexiKnit Tee,Apparel,Region X,81,999.0,80919.0
2026-07-10,P202,FlexiKnit Tee,Apparel,Region Y,64,999.0,63936.0
2026-07-10,P202,FlexiKnit Tee,Apparel,Region Z,47,999.0,46953.0
2026-07-10,P203,TrailBlaze Sneakers,Apparel,Region X,31,4599.0,142569.0
2026-07-10,P203,TrailBlaze Sneakers,Apparel,Region Y,10,4599.0,45990.0
2026-07-10,P203,TrailBlaze Sneakers,Apparel,Region Z,8,4599.0,36792.0
2026-07-10,P204,CloudWeave Hoodie,Apparel,Region X,38,2199.0,83562.0
2026-07-10,P204,CloudWeave Hoodie,Apparel,Region Y,22,2199.0,48378.0
2026-07-10,P204,CloudWeave Hoodie,Apparel,Region Z,15,2199.0,32985.0
2026-07-10,P301,ChefPro Blender,Home & Kitchen,Region X,13,5499.0,71487.0
2026-07-10,P301,ChefPro Blender,Home & Kitchen,Region Y,9,5499.0,49491.0
2026-07-10,P301,ChefPro Blender,Home & Kitchen,Region Z,4,5499.0,21996.0
2026-07-10,P302,AeroFry Air Cooker,Home & Kitchen,Region X,8,8999.0,71992.0
2026-07-10,P302,AeroFry Air Cooker,Home & Kitchen,Region Y,8,8999.0,71992.0
2026-07-10,P302,AeroFry Air Cooker,Home & Kitchen,Region Z,6,8999.0,53994.0
2026-07-10,P303,PureSip Bottle,Home & Kitchen,Region X,174,899.0,156426.0
2026-07-10,P303,PureSip Bottle,Home & Kitchen,Region Y,77,899.0,69223.0
2026-07-10,P303,PureSip Bottle,Home & Kitchen,Region Z,38,899.0,34162.0
2026-07-10,P304,LoomNest Bedsheet,Home & Kitchen,Region X,25,1799.0,44975.0
2026-07-10,P304,LoomNest Bedsheet,Home & Kitchen,Region Y,19,1799.0,34181.0
2026-07-10,P304,LoomNest Bedsheet,Home & Kitchen,Region Z,8,1799.0,14392.0
2026-07-10,P401,GlowLab Serum,Beauty,Region X,93,1299.0,120807.0
2026-07-10,P401,GlowLab Serum,Beauty,Region Y,41,1299.0,53259.0
2026-07-10,P401,GlowLab Serum,Beauty,Region Z,26,1299.0,33774.0
2026-07-10,P402,SilkTouch Shampoo,Beauty,Region X,162,449.0,72738.0
2026-07-10,P402,SilkTouch Shampoo,Beauty,Region Y,86,449.0,38614.0
2026-07-10,P402,SilkTouch Shampoo,Beauty,Region Z,62,449.0,27838.0
2026-07-10,P403,DewDrop Moisturizer,Beauty,Region X,93,799.0,74307.0
2026-07-10,P403,DewDrop Moisturizer,Beauty,Region Y,51,799.0,40749.0
2026-07-10,P403,DewDrop Moisturizer,Beauty,Region Z,27,799.0,21573.0
2026-07-11,P101,VoltX Pro 5G Phone,Electronics,Region X,62,24999.0,1549938.0
2026-07-11,P101,VoltX Pro 5G Phone,Electronics,Region Y,47,24999.0,1174953.0
2026-07-11,P101,VoltX Pro 5G Phone,Electronics,Region Z,30,24999.0,749970.0
2026-07-11,P102,VoltX Lite 5G Phone,Electronics,Region X,63,14999.0,944937.0
2026-07-11,P102,VoltX Lite 5G Phone,Electronics,Region Y,36,14999.0,539964.0
2026-07-11,P102,VoltX Lite 5G Phone,Electronics,Region Z,12,14999.0,179988.0
2026-07-11,P103,SoundCore Buds,Electronics,Region X,92,2999.0,275908.0
2026-07-11,P103,SoundCore Buds,Electronics,Region Y,51,2999.0,152949.0
2026-07-11,P103,SoundCore Buds,Electronics,Region Z,39,2999.0,116961.0
2026-07-11,P104,NovaTab 11,Electronics,Region X,30,18999.0,569970.0
2026-07-11,P104,NovaTab 11,Electronics,Region Y,12,18999.0,227988.0
2026-07-11,P104,NovaTab 11,Electronics,Region Z,11,18999.0,208989.0
2026-07-11,P201,UrbanDen Jacket,Apparel,Region X,54,3499.0,188946.0
2026-07-11,P201,UrbanDen Jacket,Apparel,Region Y,19,3499.0,66481.0
2026-07-11,P201,UrbanDen Jacket,Apparel,Region Z,14,3499.0,48986.0
2026-07-11,P202,FlexiKnit Tee,Apparel,Region X,137,999.0,136863.0
2026-07-11,P202,FlexiKnit Tee,Apparel,Region Y,64,999.0,63936.0
2026-07-11,P202,FlexiKnit Tee,Apparel,Region Z,45,999.0,44955.0
2026-07-11,P203,TrailBlaze Sneakers,Apparel,Region X,26,4599.0,119574.0
2026-07-11,P203,TrailBlaze Sneakers,Apparel,Region Y,20,4599.0,91980.0
2026-07-11,P203,TrailBlaze Sneakers,Apparel,Region Z,17,4599.0,78183.0
2026-07-11,P204,CloudWeave Hoodie,Apparel,Region X,38,2199.0,83562.0
2026-07-11,P204,CloudWeave Hoodie,Apparel,Region Y,27,2199.0,59373.0
2026-07-11,P204,CloudWeave Hoodie,Apparel,Region Z,18,2199.0,39582.0
2026-07-11,P301,ChefPro Blender,Home & Kitchen,Region X,17,5499.0,93483.0
2026-07-11,P301,ChefPro Blender,Home & Kitchen,Region Y,14,5499.0,76986.0
2026-07-11,P301,ChefPro Blender,Home & Kitchen,Region Z,3,5499.0,16497.0
2026-07-11,P302,AeroFry Air Cooker,Home & Kitchen,Region X,11,8999.0,98989.0
2026-07-11,P302,AeroFry Air Cooker,Home & Kitchen,Region Y,9,8999.0,80991.0
2026-07-11,P302,AeroFry Air Cooker,Home & Kitchen,Region Z,3,8999.0,26997.0
2026-07-11,P303,PureSip Bottle,Home & Kitchen,Region X,161,899.0,144739.0
2026-07-11,P303,PureSip Bottle,Home & Kitchen,Region Y,115,899.0,103385.0
2026-07-11,P303,PureSip Bottle,Home & Kitchen,Region Z,44,899.0,39556.0
2026-07-11,P304,LoomNest Bedsheet,Home & Kitchen,Region X,36,1799.0,64764.0
2026-07-11,P304,LoomNest Bedsheet,Home & Kitchen,Region Y,22,1799.0,39578.0
2026-07-11,P304,LoomNest Bedsheet,Home & Kitchen,Region Z,15,1799.0,26985.0
2026-07-11,P401,GlowLab Serum,Beauty,Region X,98,1299.0,127302.0
2026-07-11,P401,GlowLab Serum,Beauty,Region Y,40,1299.0,51960.0
2026-07-11,P401,GlowLab Serum,Beauty,Region Z,38,1299.0,49362.0
2026-07-11,P402,SilkTouch Shampoo,Beauty,Region X,256,449.0,114944.0
2026-07-11,P402,SilkTouch Shampoo,Beauty,Region Y,126,449.0,56574.0
2026-07-11,P402,SilkTouch Shampoo,Beauty,Region Z,49,449.0,22001.0
2026-07-11,P403,DewDrop Moisturizer,Beauty,Region X,118,799.0,94282.0
2026-07-11,P403,DewDrop Moisturizer,Beauty,Region Y,56,799.0,44744.0
2026-07-11,P403,DewDrop Moisturizer,Beauty,Region Z,46,799.0,36754.0
2026-07-12,P101,VoltX Pro 5G Phone,Electronics,Region X,57,24999.0,1424943.0
2026-07-12,P101,VoltX Pro 5G Phone,Electronics,Region Y,31,24999.0,774969.0
2026-07-12,P101,VoltX Pro 5G Phone,Electronics,Region Z,20,24999.0,499980.0
2026-07-12,P102,VoltX Lite 5G Phone,Electronics,Region X,61,14999.0,914939.0
2026-07-12,P102,VoltX Lite 5G Phone,Electronics,Region Y,37,14999.0,554963.0
2026-07-12,P102,VoltX Lite 5G Phone,Electronics,Region Z,26,14999.0,389974.0
2026-07-12,P103,SoundCore Buds,Electronics,Region X,116,2999.0,347884.0
2026-07-12,P103,SoundCore Buds,Electronics,Region Y,70,2999.0,209930.0
2026-07-12,P103,SoundCore Buds,Electronics,Region Z,47,2999.0,140953.0
2026-07-12,P104,NovaTab 11,Electronics,Region X,19,18999.0,360981.0
2026-07-12,P104,NovaTab 11,Electronics,Region Y,12,18999.0,227988.0
2026-07-12,P104,NovaTab 11,Electronics,Region Z,9,18999.0,170991.0
2026-07-12,P201,UrbanDen Jacket,Apparel,Region X,38,3499.0,132962.0
2026-07-12,P201,UrbanDen Jacket,Apparel,Region Y,22,3499.0,76978.0
2026-07-12,P201,UrbanDen Jacket,Apparel,Region Z,21,3499.0,73479.0
2026-07-12,P202,FlexiKnit Tee,Apparel,Region X,119,999.0,118881.0
2026-07-12,P202,FlexiKnit Tee,Apparel,Region Y,65,999.0,64935.0
2026-07-12,P202,FlexiKnit Tee,Apparel,Region Z,52,999.0,51948.0
2026-07-12,P203,TrailBlaze Sneakers,Apparel,Region X,37,4599.0,170163.0
2026-07-12,P203,TrailBlaze Sneakers,Apparel,Region Y,27,4599.0,124173.0
2026-07-12,P203,TrailBlaze Sneakers,Apparel,Region Z,9,4599.0,41391.0
2026-07-12,P204,CloudWeave Hoodie,Apparel,Region X,42,2199.0,92358.0
2026-07-12,P204,CloudWeave Hoodie,Apparel,Region Y,26,2199.0,57174.0
2026-07-12,P204,CloudWeave Hoodie,Apparel,Region Z,16,2199.0,35184.0
2026-07-12,P301,ChefPro Blender,Home & Kitchen,Region X,21,5499.0,115479.0
2026-07-12,P301,ChefPro Blender,Home & Kitchen,Region Y,7,5499.0,38493.0
2026-07-12,P301,ChefPro Blender,Home & Kitchen,Region Z,8,5499.0,43992.0
2026-07-12,P302,AeroFry Air Cooker,Home & Kitchen,Region X,9,8999.0,80991.0
2026-07-12,P302,AeroFry Air Cooker,Home & Kitchen,Region Y,6,8999.0,53994.0
2026-07-12,P302,AeroFry Air Cooker,Home & Kitchen,Region Z,6,8999.0,53994.0
2026-07-12,P303,PureSip Bottle,Home & Kitchen,Region X,159,899.0,142941.0
2026-07-12,P303,PureSip Bottle,Home & Kitchen,Region Y,92,899.0,82708.0
2026-07-12,P303,PureSip Bottle,Home & Kitchen,Region Z,54,899.0,48546.0
2026-07-12,P304,LoomNest Bedsheet,Home & Kitchen,Region X,32,1799.0,57568.0
2026-07-12,P304,LoomNest Bedsheet,Home & Kitchen,Region Y,22,1799.0,39578.0
2026-07-12,P304,LoomNest Bedsheet,Home & Kitchen,Region Z,11,1799.0,19789.0
2026-07-12,P401,GlowLab Serum,Beauty,Region X,86,1299.0,111714.0
2026-07-12,P401,GlowLab Serum,Beauty,Region Y,40,1299.0,51960.0
2026-07-12,P401,GlowLab Serum,Beauty,Region Z,25,1299.0,32475.0
2026-07-12,P402,SilkTouch Shampoo,Beauty,Region X,191,449.0,85759.0
2026-07-12,P402,SilkTouch Shampoo,Beauty,Region Y,113,449.0,50737.0
2026-07-12,P402,SilkTouch Shampoo,Beauty,Region Z,72,449.0,32328.0
2026-07-12,P403,DewDrop Moisturizer,Beauty,Region X,118,799.0,94282.0
2026-07-12,P403,DewDrop Moisturizer,Beauty,Region Y,66,799.0,52734.0
2026-07-12,P403,DewDrop Moisturizer,Beauty,Region Z,27,799.0,21573.0
2026-07-13,P101,VoltX Pro 5G Phone,Electronics,Region X,66,24999.0,1649934.0
2026-07-13,P101,VoltX Pro 5G Phone,Electronics,Region Y,38,24999.0,949962.0
2026-07-13,P101,VoltX Pro 5G Phone,Electronics,Region Z,25,24999.0,624975.0
2026-07-13,P102,VoltX Lite 5G Phone,Electronics,Region X,47,14999.0,704953.0
2026-07-13,P102,VoltX Lite 5G Phone,Electronics,Region Y,22,14999.0,329978.0
2026-07-13,P102,VoltX Lite 5G Phone,Electronics,Region Z,16,14999.0,239984.0
2026-07-13,P103,SoundCore Buds,Electronics,Region X,91,2999.0,272909.0
2026-07-13,P103,SoundCore Buds,Electronics,Region Y,49,2999.0,146951.0
2026-07-13,P103,SoundCore Buds,Electronics,Region Z,32,2999.0,95968.0
2026-07-13,P104,NovaTab 11,Electronics,Region X,27,18999.0,512973.0
2026-07-13,P104,NovaTab 11,Electronics,Region Y,10,18999.0,189990.0
2026-07-13,P104,NovaTab 11,Electronics,Region Z,5,18999.0,94995.0
2026-07-13,P201,UrbanDen Jacket,Apparel,Region X,38,3499.0,132962.0
2026-07-13,P201,UrbanDen Jacket,Apparel,Region Y,32,3499.0,111968.0
2026-07-13,P201,UrbanDen Jacket,Apparel,Region Z,12,3499.0,41988.0
2026-07-13,P202,FlexiKnit Tee,Apparel,Region X,134,999.0,133866.0
2026-07-13,P202,FlexiKnit Tee,Apparel,Region Y,49,999.0,48951.0
2026-07-13,P202,FlexiKnit Tee,Apparel,Region Z,38,999.0,37962.0
2026-07-13,P203,TrailBlaze Sneakers,Apparel,Region X,26,4599.0,119574.0
2026-07-13,P203,TrailBlaze Sneakers,Apparel,Region Y,19,4599.0,87381.0
2026-07-13,P203,TrailBlaze Sneakers,Apparel,Region Z,16,4599.0,73584.0
2026-07-13,P204,CloudWeave Hoodie,Apparel,Region X,42,2199.0,92358.0
2026-07-13,P204,CloudWeave Hoodie,Apparel,Region Y,21,2199.0,46179.0
2026-07-13,P204,CloudWeave Hoodie,Apparel,Region Z,14,2199.0,30786.0
2026-07-13,P301,ChefPro Blender,Home & Kitchen,Region X,17,5499.0,93483.0
2026-07-13,P301,ChefPro Blender,Home & Kitchen,Region Y,11,5499.0,60489.0
2026-07-13,P301,ChefPro Blender,Home & Kitchen,Region Z,4,5499.0,21996.0
2026-07-13,P302,AeroFry Air Cooker,Home & Kitchen,Region X,6,8999.0,53994.0
2026-07-13,P302,AeroFry Air Cooker,Home & Kitchen,Region Y,11,8999.0,98989.0
2026-07-13,P302,AeroFry Air Cooker,Home & Kitchen,Region Z,5,8999.0,44995.0
2026-07-13,P303,PureSip Bottle,Home & Kitchen,Region X,131,899.0,117769.0
2026-07-13,P303,PureSip Bottle,Home & Kitchen,Region Y,78,899.0,70122.0
2026-07-13,P303,PureSip Bottle,Home & Kitchen,Region Z,47,899.0,42253.0
2026-07-13,P304,LoomNest Bedsheet,Home & Kitchen,Region X,33,1799.0,59367.0
2026-07-13,P304,LoomNest Bedsheet,Home & Kitchen,Region Y,12,1799.0,21588.0
2026-07-13,P304,LoomNest Bedsheet,Home & Kitchen,Region Z,13,1799.0,23387.0
2026-07-13,P401,GlowLab Serum,Beauty,Region X,52,1299.0,67548.0
2026-07-13,P401,GlowLab Serum,Beauty,Region Y,43,1299.0,55857.0
2026-07-13,P401,GlowLab Serum,Beauty,Region Z,27,1299.0,35073.0
2026-07-13,P402,SilkTouch Shampoo,Beauty,Region X,155,449.0,69595.0
2026-07-13,P402,SilkTouch Shampoo,Beauty,Region Y,94,449.0,42206.0
2026-07-13,P402,SilkTouch Shampoo,Beauty,Region Z,66,449.0,29634.0
2026-07-13,P403,DewDrop Moisturizer,Beauty,Region X,95,799.0,75905.0
2026-07-13,P403,DewDrop Moisturizer,Beauty,Region Y,57,799.0,45543.0
2026-07-13,P403,DewDrop Moisturizer,Beauty,Region Z,38,799.0,30362.0
2026-07-14,P101,VoltX Pro 5G Phone,Electronics,Region X,53,24999.0,1324947.0
2026-07-14,P101,VoltX Pro 5G Phone,Electronics,Region Y,34,24999.0,849966.0
2026-07-14,P101,VoltX Pro 5G Phone,Electronics,Region Z,31,24999.0,774969.0
2026-07-14,P102,VoltX Lite 5G Phone,Electronics,Region X,35,14999.0,524965.0
2026-07-14,P102,VoltX Lite 5G Phone,Electronics,Region Y,13,14999.0,194987.0
2026-07-14,P102,VoltX Lite 5G Phone,Electronics,Region Z,15,14999.0,224985.0
2026-07-14,P103,SoundCore Buds,Electronics,Region X,84,2999.0,251916.0
2026-07-14,P103,SoundCore Buds,Electronics,Region Y,44,2999.0,131956.0
2026-07-14,P103,SoundCore Buds,Electronics,Region Z,32,2999.0,95968.0
2026-07-14,P104,NovaTab 11,Electronics,Region X,20,18999.0,379980.0
2026-07-14,P104,NovaTab 11,Electronics,Region Y,11,18999.0,208989.0
2026-07-14,P104,NovaTab 11,Electronics,Region Z,10,18999.0,189990.0
2026-07-14,P201,UrbanDen Jacket,Apparel,Region X,42,3499.0,146958.0
2026-07-14,P201,UrbanDen Jacket,Apparel,Region Y,12,3499.0,41988.0
2026-07-14,P201,UrbanDen Jacket,Apparel,Region Z,14,3499.0,48986.0
2026-07-14,P202,FlexiKnit Tee,Apparel,Region X,129,999.0,128871.0
2026-07-14,P202,FlexiKnit Tee,Apparel,Region Y,48,999.0,47952.0
2026-07-14,P202,FlexiKnit Tee,Apparel,Region Z,38,999.0,37962.0
2026-07-14,P203,TrailBlaze Sneakers,Apparel,Region X,32,4599.0,147168.0
2026-07-14,P203,TrailBlaze Sneakers,Apparel,Region Y,13,4599.0,59787.0
2026-07-14,P203,TrailBlaze Sneakers,Apparel,Region Z,6,4599.0,27594.0
2026-07-14,P204,CloudWeave Hoodie,Apparel,Region X,29,2199.0,63771.0
2026-07-14,P204,CloudWeave Hoodie,Apparel,Region Y,24,2199.0,52776.0
2026-07-14,P204,CloudWeave Hoodie,Apparel,Region Z,11,2199.0,24189.0
2026-07-14,P301,ChefPro Blender,Home & Kitchen,Region X,31,5499.0,170469.0
2026-07-14,P301,ChefPro Blender,Home & Kitchen,Region Y,13,5499.0,71487.0
2026-07-14,P301,ChefPro Blender,Home & Kitchen,Region Z,6,5499.0,32994.0
2026-07-14,P302,AeroFry Air Cooker,Home & Kitchen,Region X,17,8999.0,152983.0
2026-07-14,P302,AeroFry Air Cooker,Home & Kitchen,Region Y,9,8999.0,80991.0
2026-07-14,P302,AeroFry Air Cooker,Home & Kitchen,Region Z,5,8999.0,44995.0
2026-07-14,P303,PureSip Bottle,Home & Kitchen,Region X,139,899.0,124961.0
2026-07-14,P303,PureSip Bottle,Home & Kitchen,Region Y,80,899.0,71920.0
2026-07-14,P303,PureSip Bottle,Home & Kitchen,Region Z,66,899.0,59334.0
2026-07-14,P304,LoomNest Bedsheet,Home & Kitchen,Region X,19,1799.0,34181.0
2026-07-14,P304,LoomNest Bedsheet,Home & Kitchen,Region Y,14,1799.0,25186.0
2026-07-14,P304,LoomNest Bedsheet,Home & Kitchen,Region Z,8,1799.0,14392.0
2026-07-14,P401,GlowLab Serum,Beauty,Region X,68,1299.0,88332.0
2026-07-14,P401,GlowLab Serum,Beauty,Region Y,38,1299.0,49362.0
2026-07-14,P401,GlowLab Serum,Beauty,Region Z,23,1299.0,29877.0
2026-07-14,P402,SilkTouch Shampoo,Beauty,Region X,158,449.0,70942.0
2026-07-14,P402,SilkTouch Shampoo,Beauty,Region Y,93,449.0,41757.0
2026-07-14,P402,SilkTouch Shampoo,Beauty,Region Z,53,449.0,23797.0
2026-07-14,P403,DewDrop Moisturizer,Beauty,Region X,111,799.0,88689.0
2026-07-14,P403,DewDrop Moisturizer,Beauty,Region Y,42,799.0,33558.0
2026-07-14,P403,DewDrop Moisturizer,Beauty,Region Z,32,799.0,25568.0
2026-07-15,P101,VoltX Pro 5G Phone,Electronics,Region X,58,24999.0,1449942.0
2026-07-15,P101,VoltX Pro 5G Phone,Electronics,Region Y,43,24999.0,1074957.0
2026-07-15,P101,VoltX Pro 5G Phone,Electronics,Region Z,22,24999.0,549978.0
2026-07-15,P102,VoltX Lite 5G Phone,Electronics,Region X,46,14999.0,689954.0
2026-07-15,P102,VoltX Lite 5G Phone,Electronics,Region Y,14,14999.0,209986.0
2026-07-15,P102,VoltX Lite 5G Phone,Electronics,Region Z,14,14999.0,209986.0
2026-07-15,P103,SoundCore Buds,Electronics,Region X,78,2999.0,233922.0
2026-07-15,P103,SoundCore Buds,Electronics,Region Y,43,2999.0,128957.0
2026-07-15,P103,SoundCore Buds,Electronics,Region Z,23,2999.0,68977.0
2026-07-15,P104,NovaTab 11,Electronics,Region X,19,18999.0,360981.0
2026-07-15,P104,NovaTab 11,Electronics,Region Y,15,18999.0,284985.0
2026-07-15,P104,NovaTab 11,Electronics,Region Z,7,18999.0,132993.0
2026-07-15,P201,UrbanDen Jacket,Apparel,Region X,41,3499.0,143459.0
2026-07-15,P201,UrbanDen Jacket,Apparel,Region Y,18,3499.0,62982.0
2026-07-15,P201,UrbanDen Jacket,Apparel,Region Z,11,3499.0,38489.0
2026-07-15,P202,FlexiKnit Tee,Apparel,Region X,106,999.0,105894.0
2026-07-15,P202,FlexiKnit Tee,Apparel,Region Y,83,999.0,82917.0
2026-07-15,P202,FlexiKnit Tee,Apparel,Region Z,34,999.0,33966.0
2026-07-15,P203,TrailBlaze Sneakers,Apparel,Region X,27,4599.0,124173.0
2026-07-15,P203,TrailBlaze Sneakers,Apparel,Region Y,8,4599.0,36792.0
2026-07-15,P203,TrailBlaze Sneakers,Apparel,Region Z,9,4599.0,41391.0
2026-07-15,P204,CloudWeave Hoodie,Apparel,Region X,43,2199.0,94557.0
2026-07-15,P204,CloudWeave Hoodie,Apparel,Region Y,14,2199.0,30786.0
2026-07-15,P204,CloudWeave Hoodie,Apparel,Region Z,8,2199.0,17592.0
2026-07-15,P301,ChefPro Blender,Home & Kitchen,Region X,17,5499.0,93483.0
2026-07-15,P301,ChefPro Blender,Home & Kitchen,Region Y,9,5499.0,49491.0
2026-07-15,P301,ChefPro Blender,Home & Kitchen,Region Z,5,5499.0,27495.0
2026-07-15,P302,AeroFry Air Cooker,Home & Kitchen,Region X,12,8999.0,107988.0
2026-07-15,P302,AeroFry Air Cooker,Home & Kitchen,Region Y,7,8999.0,62993.0
2026-07-15,P302,AeroFry Air Cooker,Home & Kitchen,Region Z,8,8999.0,71992.0
2026-07-15,P303,PureSip Bottle,Home & Kitchen,Region X,153,899.0,137547.0
2026-07-15,P303,PureSip Bottle,Home & Kitchen,Region Y,79,899.0,71021.0
2026-07-15,P303,PureSip Bottle,Home & Kitchen,Region Z,47,899.0,42253.0
2026-07-15,P304,LoomNest Bedsheet,Home & Kitchen,Region X,22,1799.0,39578.0
2026-07-15,P304,LoomNest Bedsheet,Home & Kitchen,Region Y,16,1799.0,28784.0
2026-07-15,P304,LoomNest Bedsheet,Home & Kitchen,Region Z,7,1799.0,12593.0
2026-07-15,P401,GlowLab Serum,Beauty,Region X,71,1299.0,92229.0
2026-07-15,P401,GlowLab Serum,Beauty,Region Y,34,1299.0,44166.0
2026-07-15,P401,GlowLab Serum,Beauty,Region Z,24,1299.0,31176.0
2026-07-15,P402,SilkTouch Shampoo,Beauty,Region X,152,449.0,68248.0
2026-07-15,P402,SilkTouch Shampoo,Beauty,Region Y,101,449.0,45349.0
2026-07-15,P402,SilkTouch Shampoo,Beauty,Region Z,38,449.0,17062.0
2026-07-15,P403,DewDrop Moisturizer,Beauty,Region X,106,799.0,84694.0
2026-07-15,P403,DewDrop Moisturizer,Beauty,Region Y,47,799.0,37553.0
2026-07-15,P403,DewDrop Moisturizer,Beauty,Region Z,33,799.0,26367.0
2026-07-16,P101,VoltX Pro 5G Phone,Electronics,Region X,57,24999.0,1424943.0
2026-07-16,P101,VoltX Pro 5G Phone,Electronics,Region Y,30,24999.0,749970.0
2026-07-16,P101,VoltX Pro 5G Phone,Electronics,Region Z,19,24999.0,474981.0
2026-07-16,P102,VoltX Lite 5G Phone,Electronics,Region X,49,14999.0,734951.0
2026-07-16,P102,VoltX Lite 5G Phone,Electronics,Region Y,34,14999.0,509966.0
2026-07-16,P102,VoltX Lite 5G Phone,Electronics,Region Z,20,14999.0,299980.0
2026-07-16,P103,SoundCore Buds,Electronics,Region X,100,2999.0,299900.0
2026-07-16,P103,SoundCore Buds,Electronics,Region Y,44,2999.0,131956.0
2026-07-16,P103,SoundCore Buds,Electronics,Region Z,30,2999.0,89970.0
2026-07-16,P104,NovaTab 11,Electronics,Region X,23,18999.0,436977.0
2026-07-16,P104,NovaTab 11,Electronics,Region Y,13,18999.0,246987.0
2026-07-16,P104,NovaTab 11,Electronics,Region Z,5,18999.0,94995.0
2026-07-16,P201,UrbanDen Jacket,Apparel,Region X,41,3499.0,143459.0
2026-07-16,P201,UrbanDen Jacket,Apparel,Region Y,17,3499.0,59483.0
2026-07-16,P201,UrbanDen Jacket,Apparel,Region Z,12,3499.0,41988.0
2026-07-16,P202,FlexiKnit Tee,Apparel,Region X,107,999.0,106893.0
2026-07-16,P202,FlexiKnit Tee,Apparel,Region Y,70,999.0,69930.0
2026-07-16,P202,FlexiKnit Tee,Apparel,Region Z,41,999.0,40959.0
2026-07-16,P203,TrailBlaze Sneakers,Apparel,Region X,30,4599.0,137970.0
2026-07-16,P203,TrailBlaze Sneakers,Apparel,Region Y,20,4599.0,91980.0
2026-07-16,P203,TrailBlaze Sneakers,Apparel,Region Z,6,4599.0,27594.0
2026-07-16,P204,CloudWeave Hoodie,Apparel,Region X,37,2199.0,81363.0
2026-07-16,P204,CloudWeave Hoodie,Apparel,Region Y,11,2199.0,24189.0
2026-07-16,P204,CloudWeave Hoodie,Apparel,Region Z,10,2199.0,21990.0
2026-07-16,P301,ChefPro Blender,Home & Kitchen,Region X,18,5499.0,98982.0
2026-07-16,P301,ChefPro Blender,Home & Kitchen,Region Y,14,5499.0,76986.0
2026-07-16,P301,ChefPro Blender,Home & Kitchen,Region Z,5,5499.0,27495.0
2026-07-16,P302,AeroFry Air Cooker,Home & Kitchen,Region X,10,8999.0,89990.0
2026-07-16,P302,AeroFry Air Cooker,Home & Kitchen,Region Y,4,8999.0,35996.0
2026-07-16,P302,AeroFry Air Cooker,Home & Kitchen,Region Z,5,8999.0,44995.0
2026-07-16,P303,PureSip Bottle,Home & Kitchen,Region X,131,899.0,117769.0
2026-07-16,P303,PureSip Bottle,Home & Kitchen,Region Y,58,899.0,52142.0
2026-07-16,P303,PureSip Bottle,Home & Kitchen,Region Z,47,899.0,42253.0
2026-07-16,P304,LoomNest Bedsheet,Home & Kitchen,Region X,31,1799.0,55769.0
2026-07-16,P304,LoomNest Bedsheet,Home & Kitchen,Region Y,16,1799.0,28784.0
2026-07-16,P304,LoomNest Bedsheet,Home & Kitchen,Region Z,5,1799.0,8995.0
2026-07-16,P401,GlowLab Serum,Beauty,Region X,48,1299.0,62352.0
2026-07-16,P401,GlowLab Serum,Beauty,Region Y,41,1299.0,53259.0
2026-07-16,P401,GlowLab Serum,Beauty,Region Z,24,1299.0,31176.0
2026-07-16,P402,SilkTouch Shampoo,Beauty,Region X,127,449.0,57023.0
2026-07-16,P402,SilkTouch Shampoo,Beauty,Region Y,98,449.0,44002.0
2026-07-16,P402,SilkTouch Shampoo,Beauty,Region Z,42,449.0,18858.0
2026-07-16,P403,DewDrop Moisturizer,Beauty,Region X,100,799.0,79900.0
2026-07-16,P403,DewDrop Moisturizer,Beauty,Region Y,59,799.0,47141.0
2026-07-16,P403,DewDrop Moisturizer,Beauty,Region Z,33,799.0,26367.0
2026-07-17,P101,VoltX Pro 5G Phone,Electronics,Region X,66,24999.0,1649934.0
2026-07-17,P101,VoltX Pro 5G Phone,Electronics,Region Y,25,24999.0,624975.0
2026-07-17,P101,VoltX Pro 5G Phone,Electronics,Region Z,27,24999.0,674973.0
2026-07-17,P102,VoltX Lite 5G Phone,Electronics,Region X,42,14999.0,629958.0
2026-07-17,P102,VoltX Lite 5G Phone,Electronics,Region Y,12,14999.0,179988.0
2026-07-17,P102,VoltX Lite 5G Phone,Electronics,Region Z,15,14999.0,224985.0
2026-07-17,P103,SoundCore Buds,Electronics,Region X,93,2999.0,278907.0
2026-07-17,P103,SoundCore Buds,Electronics,Region Y,41,2999.0,122959.0
2026-07-17,P103,SoundCore Buds,Electronics,Region Z,34,2999.0,101966.0
2026-07-17,P104,NovaTab 11,Electronics,Region X,22,18999.0,417978.0
2026-07-17,P104,NovaTab 11,Electronics,Region Y,11,18999.0,208989.0
2026-07-17,P104,NovaTab 11,Electronics,Region Z,6,18999.0,113994.0
2026-07-17,P201,UrbanDen Jacket,Apparel,Region X,44,3499.0,153956.0
2026-07-17,P201,UrbanDen Jacket,Apparel,Region Y,15,3499.0,52485.0
2026-07-17,P201,UrbanDen Jacket,Apparel,Region Z,15,3499.0,52485.0
2026-07-17,P202,FlexiKnit Tee,Apparel,Region X,122,999.0,121878.0
2026-07-17,P202,FlexiKnit Tee,Apparel,Region Y,73,999.0,72927.0
2026-07-17,P202,FlexiKnit Tee,Apparel,Region Z,37,999.0,36963.0
2026-07-17,P203,TrailBlaze Sneakers,Apparel,Region X,31,4599.0,142569.0
2026-07-17,P203,TrailBlaze Sneakers,Apparel,Region Y,17,4599.0,78183.0
2026-07-17,P203,TrailBlaze Sneakers,Apparel,Region Z,11,4599.0,50589.0
2026-07-17,P204,CloudWeave Hoodie,Apparel,Region X,37,2199.0,81363.0
2026-07-17,P204,CloudWeave Hoodie,Apparel,Region Y,26,2199.0,57174.0
2026-07-17,P204,CloudWeave Hoodie,Apparel,Region Z,11,2199.0,24189.0
2026-07-17,P301,ChefPro Blender,Home & Kitchen,Region X,19,5499.0,104481.0
2026-07-17,P301,ChefPro Blender,Home & Kitchen,Region Y,8,5499.0,43992.0
2026-07-17,P301,ChefPro Blender,Home & Kitchen,Region Z,3,5499.0,16497.0
2026-07-17,P302,AeroFry Air Cooker,Home & Kitchen,Region X,14,8999.0,125986.0
2026-07-17,P302,AeroFry Air Cooker,Home & Kitchen,Region Y,7,8999.0,62993.0
2026-07-17,P302,AeroFry Air Cooker,Home & Kitchen,Region Z,3,8999.0,26997.0
2026-07-17,P303,PureSip Bottle,Home & Kitchen,Region X,120,899.0,107880.0
2026-07-17,P303,PureSip Bottle,Home & Kitchen,Region Y,74,899.0,66526.0
2026-07-17,P303,PureSip Bottle,Home & Kitchen,Region Z,36,899.0,32364.0
2026-07-17,P304,LoomNest Bedsheet,Home & Kitchen,Region X,16,1799.0,28784.0
2026-07-17,P304,LoomNest Bedsheet,Home & Kitchen,Region Y,5,1799.0,8995.0
2026-07-17,P304,LoomNest Bedsheet,Home & Kitchen,Region Z,8,1799.0,14392.0
2026-07-17,P401,GlowLab Serum,Beauty,Region X,58,1299.0,75342.0
2026-07-17,P401,GlowLab Serum,Beauty,Region Y,36,1299.0,46764.0
2026-07-17,P401,GlowLab Serum,Beauty,Region Z,21,1299.0,27279.0
2026-07-17,P402,SilkTouch Shampoo,Beauty,Region X,159,449.0,71391.0
2026-07-17,P402,SilkTouch Shampoo,Beauty,Region Y,84,449.0,37716.0
2026-07-17,P402,SilkTouch Shampoo,Beauty,Region Z,53,449.0,23797.0
2026-07-17,P403,DewDrop Moisturizer,Beauty,Region X,78,799.0,62322.0
2026-07-17,P403,DewDrop Moisturizer,Beauty,Region Y,39,799.0,31161.0
2026-07-17,P403,DewDrop Moisturizer,Beauty,Region Z,32,799.0,25568.0
2026-07-18,P101,VoltX Pro 5G Phone,Electronics,Region X,73,24999.0,1824927.0
2026-07-18,P101,VoltX Pro 5G Phone,Electronics,Region Y,41,24999.0,1024959.0
2026-07-18,P101,VoltX Pro 5G Phone,Electronics,Region Z,28,24999.0,699972.0
2026-07-18,P102,VoltX Lite 5G Phone,Electronics,Region X,59,14999.0,884941.0
2026-07-18,P102,VoltX Lite 5G Phone,Electronics,Region Y,52,14999.0,779948.0
2026-07-18,P102,VoltX Lite 5G Phone,Electronics,Region Z,22,14999.0,329978.0
2026-07-18,P103,SoundCore Buds,Electronics,Region X,119,2999.0,356881.0
2026-07-18,P103,SoundCore Buds,Electronics,Region Y,63,2999.0,188937.0
2026-07-18,P103,SoundCore Buds,Electronics,Region Z,40,2999.0,119960.0
2026-07-18,P104,NovaTab 11,Electronics,Region X,26,18999.0,493974.0
2026-07-18,P104,NovaTab 11,Electronics,Region Y,17,18999.0,322983.0
2026-07-18,P104,NovaTab 11,Electronics,Region Z,7,18999.0,132993.0
2026-07-18,P201,UrbanDen Jacket,Apparel,Region X,50,3499.0,174950.0
2026-07-18,P201,UrbanDen Jacket,Apparel,Region Y,24,3499.0,83976.0
2026-07-18,P201,UrbanDen Jacket,Apparel,Region Z,22,3499.0,76978.0
2026-07-18,P202,FlexiKnit Tee,Apparel,Region X,164,999.0,163836.0
2026-07-18,P202,FlexiKnit Tee,Apparel,Region Y,70,999.0,69930.0
2026-07-18,P202,FlexiKnit Tee,Apparel,Region Z,60,999.0,59940.0
2026-07-18,P203,TrailBlaze Sneakers,Apparel,Region X,39,4599.0,179361.0
2026-07-18,P203,TrailBlaze Sneakers,Apparel,Region Y,25,4599.0,114975.0
2026-07-18,P203,TrailBlaze Sneakers,Apparel,Region Z,9,4599.0,41391.0
2026-07-18,P204,CloudWeave Hoodie,Apparel,Region X,31,2199.0,68169.0
2026-07-18,P204,CloudWeave Hoodie,Apparel,Region Y,16,2199.0,35184.0
2026-07-18,P204,CloudWeave Hoodie,Apparel,Region Z,16,2199.0,35184.0
2026-07-18,P301,ChefPro Blender,Home & Kitchen,Region X,18,5499.0,98982.0
2026-07-18,P301,ChefPro Blender,Home & Kitchen,Region Y,14,5499.0,76986.0
2026-07-18,P301,ChefPro Blender,Home & Kitchen,Region Z,12,5499.0,65988.0
2026-07-18,P302,AeroFry Air Cooker,Home & Kitchen,Region X,11,8999.0,98989.0
2026-07-18,P302,AeroFry Air Cooker,Home & Kitchen,Region Y,6,8999.0,53994.0
2026-07-18,P302,AeroFry Air Cooker,Home & Kitchen,Region Z,4,8999.0,35996.0
2026-07-18,P303,PureSip Bottle,Home & Kitchen,Region X,173,899.0,155527.0
2026-07-18,P303,PureSip Bottle,Home & Kitchen,Region Y,107,899.0,96193.0
2026-07-18,P303,PureSip Bottle,Home & Kitchen,Region Z,63,899.0,56637.0
2026-07-18,P304,LoomNest Bedsheet,Home & Kitchen,Region X,45,1799.0,80955.0
2026-07-18,P304,LoomNest Bedsheet,Home & Kitchen,Region Y,28,1799.0,50372.0
2026-07-18,P304,LoomNest Bedsheet,Home & Kitchen,Region Z,15,1799.0,26985.0
2026-07-18,P401,GlowLab Serum,Beauty,Region X,90,1299.0,116910.0
2026-07-18,P401,GlowLab Serum,Beauty,Region Y,60,1299.0,77940.0
2026-07-18,P401,GlowLab Serum,Beauty,Region Z,28,1299.0,36372.0
2026-07-18,P402,SilkTouch Shampoo,Beauty,Region X,224,449.0,100576.0
2026-07-18,P402,SilkTouch Shampoo,Beauty,Region Y,96,449.0,43104.0
2026-07-18,P402,SilkTouch Shampoo,Beauty,Region Z,64,449.0,28736.0
2026-07-18,P403,DewDrop Moisturizer,Beauty,Region X,88,799.0,70312.0
2026-07-18,P403,DewDrop Moisturizer,Beauty,Region Y,58,799.0,46342.0
2026-07-18,P403,DewDrop Moisturizer,Beauty,Region Z,52,799.0,41548.0
2026-07-19,P101,VoltX Pro 5G Phone,Electronics,Region X,71,24999.0,1774929.0
2026-07-19,P101,VoltX Pro 5G Phone,Electronics,Region Y,44,24999.0,1099956.0
2026-07-19,P101,VoltX Pro 5G Phone,Electronics,Region Z,25,24999.0,624975.0
2026-07-19,P102,VoltX Lite 5G Phone,Electronics,Region X,55,14999.0,824945.0
2026-07-19,P102,VoltX Lite 5G Phone,Electronics,Region Y,35,14999.0,524965.0
2026-07-19,P102,VoltX Lite 5G Phone,Electronics,Region Z,14,14999.0,209986.0
2026-07-19,P103,SoundCore Buds,Electronics,Region X,114,2999.0,341886.0
2026-07-19,P103,SoundCore Buds,Electronics,Region Y,52,2999.0,155948.0
2026-07-19,P103,SoundCore Buds,Electronics,Region Z,23,2999.0,68977.0
2026-07-19,P104,NovaTab 11,Electronics,Region X,24,18999.0,455976.0
2026-07-19,P104,NovaTab 11,Electronics,Region Y,19,18999.0,360981.0
2026-07-19,P104,NovaTab 11,Electronics,Region Z,3,18999.0,56997.0
2026-07-19,P201,UrbanDen Jacket,Apparel,Region X,55,3499.0,192445.0
2026-07-19,P201,UrbanDen Jacket,Apparel,Region Y,29,3499.0,101471.0
2026-07-19,P201,UrbanDen Jacket,Apparel,Region Z,10,3499.0,34990.0
2026-07-19,P202,FlexiKnit Tee,Apparel,Region X,149,999.0,148851.0
2026-07-19,P202,FlexiKnit Tee,Apparel,Region Y,67,999.0,66933.0
2026-07-19,P202,FlexiKnit Tee,Apparel,Region Z,47,999.0,46953.0
2026-07-19,P203,TrailBlaze Sneakers,Apparel,Region X,35,4599.0,160965.0
2026-07-19,P203,TrailBlaze Sneakers,Apparel,Region Y,18,4599.0,82782.0
2026-07-19,P203,TrailBlaze Sneakers,Apparel,Region Z,11,4599.0,50589.0
2026-07-19,P204,CloudWeave Hoodie,Apparel,Region X,44,2199.0,96756.0
2026-07-19,P204,CloudWeave Hoodie,Apparel,Region Y,19,2199.0,41781.0
2026-07-19,P204,CloudWeave Hoodie,Apparel,Region Z,22,2199.0,48378.0
2026-07-19,P301,ChefPro Blender,Home & Kitchen,Region X,15,5499.0,82485.0
2026-07-19,P301,ChefPro Blender,Home & Kitchen,Region Y,13,5499.0,71487.0
2026-07-19,P301,ChefPro Blender,Home & Kitchen,Region Z,8,5499.0,43992.0
2026-07-19,P302,AeroFry Air Cooker,Home & Kitchen,Region X,18,8999.0,161982.0
2026-07-19,P302,AeroFry Air Cooker,Home & Kitchen,Region Y,6,8999.0,53994.0
2026-07-19,P302,AeroFry Air Cooker,Home & Kitchen,Region Z,6,8999.0,53994.0
2026-07-19,P303,PureSip Bottle,Home & Kitchen,Region X,127,899.0,114173.0
2026-07-19,P303,PureSip Bottle,Home & Kitchen,Region Y,75,899.0,67425.0
2026-07-19,P303,PureSip Bottle,Home & Kitchen,Region Z,52,899.0,46748.0
2026-07-19,P304,LoomNest Bedsheet,Home & Kitchen,Region X,29,1799.0,52171.0
2026-07-19,P304,LoomNest Bedsheet,Home & Kitchen,Region Y,14,1799.0,25186.0
2026-07-19,P304,LoomNest Bedsheet,Home & Kitchen,Region Z,18,1799.0,32382.0
2026-07-19,P401,GlowLab Serum,Beauty,Region X,72,1299.0,93528.0
2026-07-19,P401,GlowLab Serum,Beauty,Region Y,43,1299.0,55857.0
2026-07-19,P401,GlowLab Serum,Beauty,Region Z,32,1299.0,41568.0
2026-07-19,P402,SilkTouch Shampoo,Beauty,Region X,173,449.0,77677.0
2026-07-19,P402,SilkTouch Shampoo,Beauty,Region Y,110,449.0,49390.0
2026-07-19,P402,SilkTouch Shampoo,Beauty,Region Z,50,449.0,22450.0
2026-07-19,P403,DewDrop Moisturizer,Beauty,Region X,86,799.0,68714.0
2026-07-19,P403,DewDrop Moisturizer,Beauty,Region Y,53,799.0,42347.0
2026-07-19,P403,DewDrop Moisturizer,Beauty,Region Z,42,799.0,33558.0
2026-07-20,P101,VoltX Pro 5G Phone,Electronics,Region X,55,24999.0,1374945.0
2026-07-20,P101,VoltX Pro 5G Phone,Electronics,Region Y,39,24999.0,974961.0
2026-07-20,P101,VoltX Pro 5G Phone,Electronics,Region Z,30,24999.0,749970.0
2026-07-20,P102,VoltX Lite 5G Phone,Electronics,Region X,43,14999.0,644957.0
2026-07-20,P102,VoltX Lite 5G Phone,Electronics,Region Y,25,14999.0,374975.0
2026-07-20,P102,VoltX Lite 5G Phone,Electronics,Region Z,24,14999.0,359976.0
2026-07-20,P103,SoundCore Buds,Electronics,Region X,86,2999.0,257914.0
2026-07-20,P103,SoundCore Buds,Electronics,Region Y,56,2999.0,167944.0
2026-07-20,P103,SoundCore Buds,Electronics,Region Z,35,2999.0,104965.0
2026-07-20,P104,NovaTab 11,Electronics,Region X,31,18999.0,588969.0
2026-07-20,P104,NovaTab 11,Electronics,Region Y,12,18999.0,227988.0
2026-07-20,P104,NovaTab 11,Electronics,Region Z,9,18999.0,170991.0
2026-07-20,P201,UrbanDen Jacket,Apparel,Region X,32,3499.0,111968.0
2026-07-20,P201,UrbanDen Jacket,Apparel,Region Y,29,3499.0,101471.0
2026-07-20,P201,UrbanDen Jacket,Apparel,Region Z,14,3499.0,48986.0
2026-07-20,P202,FlexiKnit Tee,Apparel,Region X,104,999.0,103896.0
2026-07-20,P202,FlexiKnit Tee,Apparel,Region Y,74,999.0,73926.0
2026-07-20,P202,FlexiKnit Tee,Apparel,Region Z,41,999.0,40959.0
2026-07-20,P203,TrailBlaze Sneakers,Apparel,Region X,37,4599.0,170163.0
2026-07-20,P203,TrailBlaze Sneakers,Apparel,Region Y,18,4599.0,82782.0
2026-07-20,P203,TrailBlaze Sneakers,Apparel,Region Z,7,4599.0,32193.0
2026-07-20,P204,CloudWeave Hoodie,Apparel,Region X,47,2199.0,103353.0
2026-07-20,P204,CloudWeave Hoodie,Apparel,Region Y,26,2199.0,57174.0
2026-07-20,P204,CloudWeave Hoodie,Apparel,Region Z,17,2199.0,37383.0
2026-07-20,P301,ChefPro Blender,Home & Kitchen,Region X,26,5499.0,142974.0
2026-07-20,P301,ChefPro Blender,Home & Kitchen,Region Y,9,5499.0,49491.0
2026-07-20,P301,ChefPro Blender,Home & Kitchen,Region Z,5,5499.0,27495.0
2026-07-20,P302,AeroFry Air Cooker,Home & Kitchen,Region X,14,8999.0,125986.0
2026-07-20,P302,AeroFry Air Cooker,Home & Kitchen,Region Y,4,8999.0,35996.0
2026-07-20,P302,AeroFry Air Cooker,Home & Kitchen,Region Z,5,8999.0,44995.0
2026-07-20,P303,PureSip Bottle,Home & Kitchen,Region X,152,899.0,136648.0
2026-07-20,P303,PureSip Bottle,Home & Kitchen,Region Y,75,899.0,67425.0
2026-07-20,P303,PureSip Bottle,Home & Kitchen,Region Z,46,899.0,41354.0
2026-07-20,P304,LoomNest Bedsheet,Home & Kitchen,Region X,36,1799.0,64764.0
2026-07-20,P304,LoomNest Bedsheet,Home & Kitchen,Region Y,15,1799.0,26985.0
2026-07-20,P304,LoomNest Bedsheet,Home & Kitchen,Region Z,7,1799.0,12593.0
2026-07-20,P401,GlowLab Serum,Beauty,Region X,62,1299.0,80538.0
2026-07-20,P401,GlowLab Serum,Beauty,Region Y,28,1299.0,36372.0
2026-07-20,P401,GlowLab Serum,Beauty,Region Z,31,1299.0,40269.0
2026-07-20,P402,SilkTouch Shampoo,Beauty,Region X,129,449.0,57921.0
2026-07-20,P402,SilkTouch Shampoo,Beauty,Region Y,82,449.0,36818.0
2026-07-20,P402,SilkTouch Shampoo,Beauty,Region Z,67,449.0,30083.0
2026-07-20,P403,DewDrop Moisturizer,Beauty,Region X,76,799.0,60724.0
2026-07-20,P403,DewDrop Moisturizer,Beauty,Region Y,53,799.0,42347.0
2026-07-20,P403,DewDrop Moisturizer,Beauty,Region Z,27,799.0,21573.0
2026-07-21,P101,VoltX Pro 5G Phone,Electronics,Region X,62,24999.0,1549938.0
2026-07-21,P101,VoltX Pro 5G Phone,Electronics,Region Y,41,24999.0,1024959.0
2026-07-21,P101,VoltX Pro 5G Phone,Electronics,Region Z,30,24999.0,749970.0
2026-07-21,P102,VoltX Lite 5G Phone,Electronics,Region X,38,14999.0,569962.0
2026-07-21,P102,VoltX Lite 5G Phone,Electronics,Region Y,19,14999.0,284981.0
2026-07-21,P102,VoltX Lite 5G Phone,Electronics,Region Z,14,14999.0,209986.0
2026-07-21,P103,SoundCore Buds,Electronics,Region X,73,2999.0,218927.0
2026-07-21,P103,SoundCore Buds,Electronics,Region Y,51,2999.0,152949.0
2026-07-21,P103,SoundCore Buds,Electronics,Region Z,28,2999.0,83972.0
2026-07-21,P104,NovaTab 11,Electronics,Region X,25,18999.0,474975.0
2026-07-21,P104,NovaTab 11,Electronics,Region Y,9,18999.0,170991.0
2026-07-21,P104,NovaTab 11,Electronics,Region Z,8,18999.0,151992.0
2026-07-21,P201,UrbanDen Jacket,Apparel,Region X,41,3499.0,143459.0
2026-07-21,P201,UrbanDen Jacket,Apparel,Region Y,18,3499.0,62982.0
2026-07-21,P201,UrbanDen Jacket,Apparel,Region Z,13,3499.0,45487.0
2026-07-21,P202,FlexiKnit Tee,Apparel,Region X,107,999.0,106893.0
2026-07-21,P202,FlexiKnit Tee,Apparel,Region Y,59,999.0,58941.0
2026-07-21,P202,FlexiKnit Tee,Apparel,Region Z,54,999.0,53946.0
2026-07-21,P203,TrailBlaze Sneakers,Apparel,Region X,25,4599.0,114975.0
2026-07-21,P203,TrailBlaze Sneakers,Apparel,Region Y,21,4599.0,96579.0
2026-07-21,P203,TrailBlaze Sneakers,Apparel,Region Z,13,4599.0,59787.0
2026-07-21,P204,CloudWeave Hoodie,Apparel,Region X,42,2199.0,92358.0
2026-07-21,P204,CloudWeave Hoodie,Apparel,Region Y,17,2199.0,37383.0
2026-07-21,P204,CloudWeave Hoodie,Apparel,Region Z,12,2199.0,26388.0
2026-07-21,P301,ChefPro Blender,Home & Kitchen,Region X,25,5499.0,137475.0
2026-07-21,P301,ChefPro Blender,Home & Kitchen,Region Y,12,5499.0,65988.0
2026-07-21,P301,ChefPro Blender,Home & Kitchen,Region Z,6,5499.0,32994.0
2026-07-21,P302,AeroFry Air Cooker,Home & Kitchen,Region X,15,8999.0,134985.0
2026-07-21,P302,AeroFry Air Cooker,Home & Kitchen,Region Y,7,8999.0,62993.0
2026-07-21,P302,AeroFry Air Cooker,Home & Kitchen,Region Z,7,8999.0,62993.0
2026-07-21,P303,PureSip Bottle,Home & Kitchen,Region X,137,899.0,123163.0
2026-07-21,P303,PureSip Bottle,Home & Kitchen,Region Y,80,899.0,71920.0
2026-07-21,P303,PureSip Bottle,Home & Kitchen,Region Z,50,899.0,44950.0
2026-07-21,P304,LoomNest Bedsheet,Home & Kitchen,Region X,34,1799.0,61166.0
2026-07-21,P304,LoomNest Bedsheet,Home & Kitchen,Region Y,13,1799.0,23387.0
2026-07-21,P304,LoomNest Bedsheet,Home & Kitchen,Region Z,14,1799.0,25186.0
2026-07-21,P401,GlowLab Serum,Beauty,Region X,84,1299.0,109116.0
2026-07-21,P401,GlowLab Serum,Beauty,Region Y,41,1299.0,53259.0
2026-07-21,P401,GlowLab Serum,Beauty,Region Z,22,1299.0,28578.0
2026-07-21,P402,SilkTouch Shampoo,Beauty,Region X,158,449.0,70942.0
2026-07-21,P402,SilkTouch Shampoo,Beauty,Region Y,97,449.0,43553.0
2026-07-21,P402,SilkTouch Shampoo,Beauty,Region Z,52,449.0,23348.0
2026-07-21,P403,DewDrop Moisturizer,Beauty,Region X,122,799.0,97478.0
2026-07-21,P403,DewDrop Moisturizer,Beauty,Region Y,44,799.0,35156.0
2026-07-21,P403,DewDrop Moisturizer,Beauty,Region Z,33,799.0,26367.0
2026-07-22,P101,VoltX Pro 5G Phone,Electronics,Region X,74,24999.0,1849926.0
2026-07-22,P101,VoltX Pro 5G Phone,Electronics,Region Y,19,24999.0,474981.0
2026-07-22,P101,VoltX Pro 5G Phone,Electronics,Region Z,20,24999.0,499980.0
2026-07-22,P102,VoltX Lite 5G Phone,Electronics,Region X,46,14999.0,689954.0
2026-07-22,P102,VoltX Lite 5G Phone,Electronics,Region Y,26,14999.0,389974.0
2026-07-22,P102,VoltX Lite 5G Phone,Electronics,Region Z,11,14999.0,164989.0
2026-07-22,P103,SoundCore Buds,Electronics,Region X,97,2999.0,290903.0
2026-07-22,P103,SoundCore Buds,Electronics,Region Y,42,2999.0,125958.0
2026-07-22,P103,SoundCore Buds,Electronics,Region Z,27,2999.0,80973.0
2026-07-22,P104,NovaTab 11,Electronics,Region X,25,18999.0,474975.0
2026-07-22,P104,NovaTab 11,Electronics,Region Y,17,18999.0,322983.0
2026-07-22,P104,NovaTab 11,Electronics,Region Z,5,18999.0,94995.0
2026-07-22,P201,UrbanDen Jacket,Apparel,Region X,33,3499.0,115467.0
2026-07-22,P201,UrbanDen Jacket,Apparel,Region Y,22,3499.0,76978.0
2026-07-22,P201,UrbanDen Jacket,Apparel,Region Z,18,3499.0,62982.0
2026-07-22,P202,FlexiKnit Tee,Apparel,Region X,101,999.0,100899.0
2026-07-22,P202,FlexiKnit Tee,Apparel,Region Y,71,999.0,70929.0
2026-07-22,P202,FlexiKnit Tee,Apparel,Region Z,40,999.0,39960.0
2026-07-22,P203,TrailBlaze Sneakers,Apparel,Region X,31,4599.0,142569.0
2026-07-22,P203,TrailBlaze Sneakers,Apparel,Region Y,20,4599.0,91980.0
2026-07-22,P203,TrailBlaze Sneakers,Apparel,Region Z,14,4599.0,64386.0
2026-07-22,P204,CloudWeave Hoodie,Apparel,Region X,28,2199.0,61572.0
2026-07-22,P204,CloudWeave Hoodie,Apparel,Region Y,20,2199.0,43980.0
2026-07-22,P204,CloudWeave Hoodie,Apparel,Region Z,17,2199.0,37383.0
2026-07-22,P301,ChefPro Blender,Home & Kitchen,Region X,19,5499.0,104481.0
2026-07-22,P301,ChefPro Blender,Home & Kitchen,Region Y,10,5499.0,54990.0
2026-07-22,P301,ChefPro Blender,Home & Kitchen,Region Z,6,5499.0,32994.0
2026-07-22,P302,AeroFry Air Cooker,Home & Kitchen,Region X,9,8999.0,80991.0
2026-07-22,P302,AeroFry Air Cooker,Home & Kitchen,Region Y,5,8999.0,44995.0
2026-07-22,P302,AeroFry Air Cooker,Home & Kitchen,Region Z,6,8999.0,53994.0
2026-07-22,P303,PureSip Bottle,Home & Kitchen,Region X,139,899.0,124961.0
2026-07-22,P303,PureSip Bottle,Home & Kitchen,Region Y,77,899.0,69223.0
2026-07-22,P303,PureSip Bottle,Home & Kitchen,Region Z,65,899.0,58435.0
2026-07-22,P304,LoomNest Bedsheet,Home & Kitchen,Region X,36,1799.0,64764.0
2026-07-22,P304,LoomNest Bedsheet,Home & Kitchen,Region Y,14,1799.0,25186.0
2026-07-22,P304,LoomNest Bedsheet,Home & Kitchen,Region Z,10,1799.0,17990.0
2026-07-22,P401,GlowLab Serum,Beauty,Region X,69,1299.0,89631.0
2026-07-22,P401,GlowLab Serum,Beauty,Region Y,54,1299.0,70146.0
2026-07-22,P401,GlowLab Serum,Beauty,Region Z,23,1299.0,29877.0
2026-07-22,P402,SilkTouch Shampoo,Beauty,Region X,148,449.0,66452.0
2026-07-22,P402,SilkTouch Shampoo,Beauty,Region Y,108,449.0,48492.0
2026-07-22,P402,SilkTouch Shampoo,Beauty,Region Z,49,449.0,22001.0
2026-07-22,P403,DewDrop Moisturizer,Beauty,Region X,79,799.0,63121.0
2026-07-22,P403,DewDrop Moisturizer,Beauty,Region Y,44,799.0,35156.0
2026-07-22,P403,DewDrop Moisturizer,Beauty,Region Z,36,799.0,28764.0
2026-07-23,P101,VoltX Pro 5G Phone,Electronics,Region X,55,24999.0,1374945.0
2026-07-23,P101,VoltX Pro 5G Phone,Electronics,Region Y,25,24999.0,624975.0
2026-07-23,P101,VoltX Pro 5G Phone,Electronics,Region Z,24,24999.0,599976.0
2026-07-23,P102,VoltX Lite 5G Phone,Electronics,Region X,34,14999.0,509966.0
2026-07-23,P102,VoltX Lite 5G Phone,Electronics,Region Y,41,14999.0,614959.0
2026-07-23,P102,VoltX Lite 5G Phone,Electronics,Region Z,12,14999.0,179988.0
2026-07-23,P103,SoundCore Buds,Electronics,Region X,92,2999.0,275908.0
2026-07-23,P103,SoundCore Buds,Electronics,Region Y,55,2999.0,164945.0
2026-07-23,P103,SoundCore Buds,Electronics,Region Z,31,2999.0,92969.0
2026-07-23,P104,NovaTab 11,Electronics,Region X,17,18999.0,322983.0
2026-07-23,P104,NovaTab 11,Electronics,Region Y,18,18999.0,341982.0
2026-07-23,P104,NovaTab 11,Electronics,Region Z,7,18999.0,132993.0
2026-07-23,P201,UrbanDen Jacket,Apparel,Region X,28,3499.0,97972.0
2026-07-23,P201,UrbanDen Jacket,Apparel,Region Y,18,3499.0,62982.0
2026-07-23,P201,UrbanDen Jacket,Apparel,Region Z,17,3499.0,59483.0
2026-07-23,P202,FlexiKnit Tee,Apparel,Region X,117,999.0,116883.0
2026-07-23,P202,FlexiKnit Tee,Apparel,Region Y,63,999.0,62937.0
2026-07-23,P202,FlexiKnit Tee,Apparel,Region Z,45,999.0,44955.0
2026-07-23,P203,TrailBlaze Sneakers,Apparel,Region X,27,4599.0,124173.0
2026-07-23,P203,TrailBlaze Sneakers,Apparel,Region Y,15,4599.0,68985.0
2026-07-23,P203,TrailBlaze Sneakers,Apparel,Region Z,13,4599.0,59787.0
2026-07-23,P204,CloudWeave Hoodie,Apparel,Region X,28,2199.0,61572.0
2026-07-23,P204,CloudWeave Hoodie,Apparel,Region Y,19,2199.0,41781.0
2026-07-23,P204,CloudWeave Hoodie,Apparel,Region Z,13,2199.0,28587.0
2026-07-23,P301,ChefPro Blender,Home & Kitchen,Region X,14,5499.0,76986.0
2026-07-23,P301,ChefPro Blender,Home & Kitchen,Region Y,13,5499.0,71487.0
2026-07-23,P301,ChefPro Blender,Home & Kitchen,Region Z,6,5499.0,32994.0
2026-07-23,P302,AeroFry Air Cooker,Home & Kitchen,Region X,13,8999.0,116987.0
2026-07-23,P302,AeroFry Air Cooker,Home & Kitchen,Region Y,4,8999.0,35996.0
2026-07-23,P302,AeroFry Air Cooker,Home & Kitchen,Region Z,2,8999.0,17998.0
2026-07-23,P303,PureSip Bottle,Home & Kitchen,Region X,155,899.0,139345.0
2026-07-23,P303,PureSip Bottle,Home & Kitchen,Region Y,84,899.0,75516.0
2026-07-23,P303,PureSip Bottle,Home & Kitchen,Region Z,37,899.0,33263.0
2026-07-23,P304,LoomNest Bedsheet,Home & Kitchen,Region X,27,1799.0,48573.0
2026-07-23,P304,LoomNest Bedsheet,Home & Kitchen,Region Y,12,1799.0,21588.0
2026-07-23,P304,LoomNest Bedsheet,Home & Kitchen,Region Z,5,1799.0,8995.0
2026-07-23,P401,GlowLab Serum,Beauty,Region X,78,1299.0,101322.0
2026-07-23,P401,GlowLab Serum,Beauty,Region Y,38,1299.0,49362.0
2026-07-23,P401,GlowLab Serum,Beauty,Region Z,32,1299.0,41568.0
2026-07-23,P402,SilkTouch Shampoo,Beauty,Region X,132,449.0,59268.0
2026-07-23,P402,SilkTouch Shampoo,Beauty,Region Y,89,449.0,39961.0
2026-07-23,P402,SilkTouch Shampoo,Beauty,Region Z,49,449.0,22001.0
2026-07-23,P403,DewDrop Moisturizer,Beauty,Region X,84,799.0,67116.0
2026-07-23,P403,DewDrop Moisturizer,Beauty,Region Y,45,799.0,35955.0
2026-07-23,P403,DewDrop Moisturizer,Beauty,Region Z,39,799.0,31161.0
2026-07-24,P101,VoltX Pro 5G Phone,Electronics,Region X,56,24999.0,1399944.0
2026-07-24,P101,VoltX Pro 5G Phone,Electronics,Region Y,38,24999.0,949962.0
2026-07-24,P101,VoltX Pro 5G Phone,Electronics,Region Z,19,24999.0,474981.0
2026-07-24,P102,VoltX Lite 5G Phone,Electronics,Region X,47,14999.0,704953.0
2026-07-24,P102,VoltX Lite 5G Phone,Electronics,Region Y,25,14999.0,374975.0
2026-07-24,P102,VoltX Lite 5G Phone,Electronics,Region Z,14,14999.0,209986.0
2026-07-24,P103,SoundCore Buds,Electronics,Region X,112,2999.0,335888.0
2026-07-24,P103,SoundCore Buds,Electronics,Region Y,67,2999.0,200933.0
2026-07-24,P103,SoundCore Buds,Electronics,Region Z,27,2999.0,80973.0
2026-07-24,P104,NovaTab 11,Electronics,Region X,16,18999.0,303984.0
2026-07-24,P104,NovaTab 11,Electronics,Region Y,8,18999.0,151992.0
2026-07-24,P104,NovaTab 11,Electronics,Region Z,4,18999.0,75996.0
2026-07-24,P201,UrbanDen Jacket,Apparel,Region X,37,3499.0,129463.0
2026-07-24,P201,UrbanDen Jacket,Apparel,Region Y,24,3499.0,83976.0
2026-07-24,P201,UrbanDen Jacket,Apparel,Region Z,10,3499.0,34990.0
2026-07-24,P202,FlexiKnit Tee,Apparel,Region X,126,999.0,125874.0
2026-07-24,P202,FlexiKnit Tee,Apparel,Region Y,62,999.0,61938.0
2026-07-24,P202,FlexiKnit Tee,Apparel,Region Z,31,999.0,30969.0
2026-07-24,P203,TrailBlaze Sneakers,Apparel,Region X,29,4599.0,133371.0
2026-07-24,P203,TrailBlaze Sneakers,Apparel,Region Y,16,4599.0,73584.0
2026-07-24,P203,TrailBlaze Sneakers,Apparel,Region Z,13,4599.0,59787.0
2026-07-24,P204,CloudWeave Hoodie,Apparel,Region X,40,2199.0,87960.0
2026-07-24,P204,CloudWeave Hoodie,Apparel,Region Y,13,2199.0,28587.0
2026-07-24,P204,CloudWeave Hoodie,Apparel,Region Z,7,2199.0,15393.0
2026-07-24,P301,ChefPro Blender,Home & Kitchen,Region X,23,5499.0,126477.0
2026-07-24,P301,ChefPro Blender,Home & Kitchen,Region Y,4,5499.0,21996.0
2026-07-24,P301,ChefPro Blender,Home & Kitchen,Region Z,2,5499.0,10998.0
2026-07-24,P302,AeroFry Air Cooker,Home & Kitchen,Region X,10,8999.0,89990.0
2026-07-24,P302,AeroFry Air Cooker,Home & Kitchen,Region Y,10,8999.0,89990.0
2026-07-24,P302,AeroFry Air Cooker,Home & Kitchen,Region Z,4,8999.0,35996.0
2026-07-24,P303,PureSip Bottle,Home & Kitchen,Region X,132,899.0,118668.0
2026-07-24,P303,PureSip Bottle,Home & Kitchen,Region Y,77,899.0,69223.0
2026-07-24,P303,PureSip Bottle,Home & Kitchen,Region Z,58,899.0,52142.0
2026-07-24,P304,LoomNest Bedsheet,Home & Kitchen,Region X,33,1799.0,59367.0
2026-07-24,P304,LoomNest Bedsheet,Home & Kitchen,Region Y,10,1799.0,17990.0
2026-07-24,P304,LoomNest Bedsheet,Home & Kitchen,Region Z,7,1799.0,12593.0
2026-07-24,P401,GlowLab Serum,Beauty,Region X,83,1299.0,107817.0
2026-07-24,P401,GlowLab Serum,Beauty,Region Y,37,1299.0,48063.0
2026-07-24,P401,GlowLab Serum,Beauty,Region Z,15,1299.0,19485.0
2026-07-24,P402,SilkTouch Shampoo,Beauty,Region X,144,449.0,64656.0
2026-07-24,P402,SilkTouch Shampoo,Beauty,Region Y,81,449.0,36369.0
2026-07-24,P402,SilkTouch Shampoo,Beauty,Region Z,52,449.0,23348.0
2026-07-24,P403,DewDrop Moisturizer,Beauty,Region X,95,799.0,75905.0
2026-07-24,P403,DewDrop Moisturizer,Beauty,Region Y,76,799.0,60724.0
2026-07-24,P403,DewDrop Moisturizer,Beauty,Region Z,36,799.0,28764.0
2026-07-25,P101,VoltX Pro 5G Phone,Electronics,Region X,68,24999.0,1699932.0
2026-07-25,P101,VoltX Pro 5G Phone,Electronics,Region Y,36,24999.0,899964.0
2026-07-25,P101,VoltX Pro 5G Phone,Electronics,Region Z,27,24999.0,674973.0
2026-07-25,P102,VoltX Lite 5G Phone,Electronics,Region X,58,14999.0,869942.0
2026-07-25,P102,VoltX Lite 5G Phone,Electronics,Region Y,31,14999.0,464969.0
2026-07-25,P102,VoltX Lite 5G Phone,Electronics,Region Z,17,14999.0,254983.0
2026-07-25,P103,SoundCore Buds,Electronics,Region X,97,2999.0,290903.0
2026-07-25,P103,SoundCore Buds,Electronics,Region Y,60,2999.0,179940.0
2026-07-25,P103,SoundCore Buds,Electronics,Region Z,42,2999.0,125958.0
2026-07-25,P104,NovaTab 11,Electronics,Region X,40,18999.0,759960.0
2026-07-25,P104,NovaTab 11,Electronics,Region Y,13,18999.0,246987.0
2026-07-25,P104,NovaTab 11,Electronics,Region Z,10,18999.0,189990.0
2026-07-25,P201,UrbanDen Jacket,Apparel,Region X,49,3499.0,171451.0
2026-07-25,P201,UrbanDen Jacket,Apparel,Region Y,19,3499.0,66481.0
2026-07-25,P201,UrbanDen Jacket,Apparel,Region Z,21,3499.0,73479.0
2026-07-25,P202,FlexiKnit Tee,Apparel,Region X,124,999.0,123876.0
2026-07-25,P202,FlexiKnit Tee,Apparel,Region Y,81,999.0,80919.0
2026-07-25,P202,FlexiKnit Tee,Apparel,Region Z,55,999.0,54945.0
2026-07-25,P203,TrailBlaze Sneakers,Apparel,Region X,36,4599.0,165564.0
2026-07-25,P203,TrailBlaze Sneakers,Apparel,Region Y,21,4599.0,96579.0
2026-07-25,P203,TrailBlaze Sneakers,Apparel,Region Z,16,4599.0,73584.0
2026-07-25,P204,CloudWeave Hoodie,Apparel,Region X,47,2199.0,103353.0
2026-07-25,P204,CloudWeave Hoodie,Apparel,Region Y,28,2199.0,61572.0
2026-07-25,P204,CloudWeave Hoodie,Apparel,Region Z,14,2199.0,30786.0
2026-07-25,P301,ChefPro Blender,Home & Kitchen,Region X,28,5499.0,153972.0
2026-07-25,P301,ChefPro Blender,Home & Kitchen,Region Y,11,5499.0,60489.0
2026-07-25,P301,ChefPro Blender,Home & Kitchen,Region Z,8,5499.0,43992.0
2026-07-25,P302,AeroFry Air Cooker,Home & Kitchen,Region X,15,8999.0,134985.0
2026-07-25,P302,AeroFry Air Cooker,Home & Kitchen,Region Y,3,8999.0,26997.0
2026-07-25,P302,AeroFry Air Cooker,Home & Kitchen,Region Z,3,8999.0,26997.0
2026-07-25,P303,PureSip Bottle,Home & Kitchen,Region X,180,899.0,161820.0
2026-07-25,P303,PureSip Bottle,Home & Kitchen,Region Y,84,899.0,75516.0
2026-07-25,P303,PureSip Bottle,Home & Kitchen,Region Z,46,899.0,41354.0
2026-07-25,P304,LoomNest Bedsheet,Home & Kitchen,Region X,43,1799.0,77357.0
2026-07-25,P304,LoomNest Bedsheet,Home & Kitchen,Region Y,6,1799.0,10794.0
2026-07-25,P304,LoomNest Bedsheet,Home & Kitchen,Region Z,11,1799.0,19789.0
2026-07-25,P401,GlowLab Serum,Beauty,Region X,93,1299.0,120807.0
2026-07-25,P401,GlowLab Serum,Beauty,Region Y,44,1299.0,57156.0
2026-07-25,P401,GlowLab Serum,Beauty,Region Z,24,1299.0,31176.0
2026-07-25,P402,SilkTouch Shampoo,Beauty,Region X,210,449.0,94290.0
2026-07-25,P402,SilkTouch Shampoo,Beauty,Region Y,117,449.0,52533.0
2026-07-25,P402,SilkTouch Shampoo,Beauty,Region Z,66,449.0,29634.0
2026-07-25,P403,DewDrop Moisturizer,Beauty,Region X,136,799.0,108664.0
2026-07-25,P403,DewDrop Moisturizer,Beauty,Region Y,76,799.0,60724.0
2026-07-25,P403,DewDrop Moisturizer,Beauty,Region Z,32,799.0,25568.0
2026-07-26,P101,VoltX Pro 5G Phone,Electronics,Region X,65,24999.0,1624935.0
2026-07-26,P101,VoltX Pro 5G Phone,Electronics,Region Y,50,24999.0,1249950.0
2026-07-26,P101,VoltX Pro 5G Phone,Electronics,Region Z,25,24999.0,624975.0
2026-07-26,P102,VoltX Lite 5G Phone,Electronics,Region X,53,14999.0,794947.0
2026-07-26,P102,VoltX Lite 5G Phone,Electronics,Region Y,35,14999.0,524965.0
2026-07-26,P102,VoltX Lite 5G Phone,Electronics,Region Z,17,14999.0,254983.0
2026-07-26,P103,SoundCore Buds,Electronics,Region X,105,2999.0,314895.0
2026-07-26,P103,SoundCore Buds,Electronics,Region Y,63,2999.0,188937.0
2026-07-26,P103,SoundCore Buds,Electronics,Region Z,42,2999.0,125958.0
2026-07-26,P104,NovaTab 11,Electronics,Region X,28,18999.0,531972.0
2026-07-26,P104,NovaTab 11,Electronics,Region Y,10,18999.0,189990.0
2026-07-26,P104,NovaTab 11,Electronics,Region Z,10,18999.0,189990.0
2026-07-26,P201,UrbanDen Jacket,Apparel,Region X,43,3499.0,150457.0
2026-07-26,P201,UrbanDen Jacket,Apparel,Region Y,12,3499.0,41988.0
2026-07-26,P201,UrbanDen Jacket,Apparel,Region Z,18,3499.0,62982.0
2026-07-26,P202,FlexiKnit Tee,Apparel,Region X,148,999.0,147852.0
2026-07-26,P202,FlexiKnit Tee,Apparel,Region Y,84,999.0,83916.0
2026-07-26,P202,FlexiKnit Tee,Apparel,Region Z,44,999.0,43956.0
2026-07-26,P203,TrailBlaze Sneakers,Apparel,Region X,46,4599.0,211554.0
2026-07-26,P203,TrailBlaze Sneakers,Apparel,Region Y,14,4599.0,64386.0
2026-07-26,P203,TrailBlaze Sneakers,Apparel,Region Z,8,4599.0,36792.0
2026-07-26,P204,CloudWeave Hoodie,Apparel,Region X,37,2199.0,81363.0
2026-07-26,P204,CloudWeave Hoodie,Apparel,Region Y,23,2199.0,50577.0
2026-07-26,P204,CloudWeave Hoodie,Apparel,Region Z,14,2199.0,30786.0
2026-07-26,P301,ChefPro Blender,Home & Kitchen,Region X,17,5499.0,93483.0
2026-07-26,P301,ChefPro Blender,Home & Kitchen,Region Y,9,5499.0,49491.0
2026-07-26,P301,ChefPro Blender,Home & Kitchen,Region Z,8,5499.0,43992.0
2026-07-26,P302,AeroFry Air Cooker,Home & Kitchen,Region X,22,8999.0,197978.0
2026-07-26,P302,AeroFry Air Cooker,Home & Kitchen,Region Y,6,8999.0,53994.0
2026-07-26,P302,AeroFry Air Cooker,Home & Kitchen,Region Z,2,8999.0,17998.0
2026-07-26,P303,PureSip Bottle,Home & Kitchen,Region X,154,899.0,138446.0
2026-07-26,P303,PureSip Bottle,Home & Kitchen,Region Y,99,899.0,89001.0
2026-07-26,P303,PureSip Bottle,Home & Kitchen,Region Z,53,899.0,47647.0
2026-07-26,P304,LoomNest Bedsheet,Home & Kitchen,Region X,28,1799.0,50372.0
2026-07-26,P304,LoomNest Bedsheet,Home & Kitchen,Region Y,15,1799.0,26985.0
2026-07-26,P304,LoomNest Bedsheet,Home & Kitchen,Region Z,5,1799.0,8995.0
2026-07-26,P401,GlowLab Serum,Beauty,Region X,69,1299.0,89631.0
2026-07-26,P401,GlowLab Serum,Beauty,Region Y,42,1299.0,54558.0
2026-07-26,P401,GlowLab Serum,Beauty,Region Z,21,1299.0,27279.0
2026-07-26,P402,SilkTouch Shampoo,Beauty,Region X,192,449.0,86208.0
2026-07-26,P402,SilkTouch Shampoo,Beauty,Region Y,83,449.0,37267.0
2026-07-26,P402,SilkTouch Shampoo,Beauty,Region Z,73,449.0,32777.0
2026-07-26,P403,DewDrop Moisturizer,Beauty,Region X,116,799.0,92684.0
2026-07-26,P403,DewDrop Moisturizer,Beauty,Region Y,58,799.0,46342.0
2026-07-26,P403,DewDrop Moisturizer,Beauty,Region Z,44,799.0,35156.0
2026-07-27,P101,VoltX Pro 5G Phone,Electronics,Region X,51,24999.0,1274949.0
2026-07-27,P101,VoltX Pro 5G Phone,Electronics,Region Y,34,24999.0,849966.0
2026-07-27,P101,VoltX Pro 5G Phone,Electronics,Region Z,15,24999.0,374985.0
2026-07-27,P102,VoltX Lite 5G Phone,Electronics,Region X,45,14999.0,674955.0
2026-07-27,P102,VoltX Lite 5G Phone,Electronics,Region Y,32,14999.0,479968.0
2026-07-27,P102,VoltX Lite 5G Phone,Electronics,Region Z,23,14999.0,344977.0
2026-07-27,P103,SoundCore Buds,Electronics,Region X,104,2999.0,311896.0
2026-07-27,P103,SoundCore Buds,Electronics,Region Y,40,2999.0,119960.0
2026-07-27,P103,SoundCore Buds,Electronics,Region Z,34,2999.0,101966.0
2026-07-27,P104,NovaTab 11,Electronics,Region X,19,18999.0,360981.0
2026-07-27,P104,NovaTab 11,Electronics,Region Y,17,18999.0,322983.0
2026-07-27,P104,NovaTab 11,Electronics,Region Z,13,18999.0,246987.0
2026-07-27,P201,UrbanDen Jacket,Apparel,Region X,48,3499.0,167952.0
2026-07-27,P201,UrbanDen Jacket,Apparel,Region Y,37,3499.0,129463.0
2026-07-27,P201,UrbanDen Jacket,Apparel,Region Z,14,3499.0,48986.0
2026-07-27,P202,FlexiKnit Tee,Apparel,Region X,128,999.0,127872.0
2026-07-27,P202,FlexiKnit Tee,Apparel,Region Y,64,999.0,63936.0
2026-07-27,P202,FlexiKnit Tee,Apparel,Region Z,41,999.0,40959.0
2026-07-27,P203,TrailBlaze Sneakers,Apparel,Region X,30,4599.0,137970.0
2026-07-27,P203,TrailBlaze Sneakers,Apparel,Region Y,16,4599.0,73584.0
2026-07-27,P203,TrailBlaze Sneakers,Apparel,Region Z,10,4599.0,45990.0
2026-07-27,P204,CloudWeave Hoodie,Apparel,Region X,26,2199.0,57174.0
2026-07-27,P204,CloudWeave Hoodie,Apparel,Region Y,24,2199.0,52776.0
2026-07-27,P204,CloudWeave Hoodie,Apparel,Region Z,11,2199.0,24189.0
2026-07-27,P301,ChefPro Blender,Home & Kitchen,Region X,14,5499.0,76986.0
2026-07-27,P301,ChefPro Blender,Home & Kitchen,Region Y,11,5499.0,60489.0
2026-07-27,P301,ChefPro Blender,Home & Kitchen,Region Z,9,5499.0,49491.0
2026-07-27,P302,AeroFry Air Cooker,Home & Kitchen,Region X,10,8999.0,89990.0
2026-07-27,P302,AeroFry Air Cooker,Home & Kitchen,Region Y,8,8999.0,71992.0
2026-07-27,P302,AeroFry Air Cooker,Home & Kitchen,Region Z,3,8999.0,26997.0
2026-07-27,P303,PureSip Bottle,Home & Kitchen,Region X,119,899.0,106981.0
2026-07-27,P303,PureSip Bottle,Home & Kitchen,Region Y,71,899.0,63829.0
2026-07-27,P303,PureSip Bottle,Home & Kitchen,Region Z,42,899.0,37758.0
2026-07-27,P304,LoomNest Bedsheet,Home & Kitchen,Region X,32,1799.0,57568.0
2026-07-27,P304,LoomNest Bedsheet,Home & Kitchen,Region Y,11,1799.0,19789.0
2026-07-27,P304,LoomNest Bedsheet,Home & Kitchen,Region Z,12,1799.0,21588.0
2026-07-27,P401,GlowLab Serum,Beauty,Region X,56,1299.0,72744.0
2026-07-27,P401,GlowLab Serum,Beauty,Region Y,38,1299.0,49362.0
2026-07-27,P401,GlowLab Serum,Beauty,Region Z,17,1299.0,22083.0
2026-07-27,P402,SilkTouch Shampoo,Beauty,Region X,145,449.0,65105.0
2026-07-27,P402,SilkTouch Shampoo,Beauty,Region Y,103,449.0,46247.0
2026-07-27,P402,SilkTouch Shampoo,Beauty,Region Z,49,449.0,22001.0
2026-07-27,P403,DewDrop Moisturizer,Beauty,Region X,97,799.0,77503.0
2026-07-27,P403,DewDrop Moisturizer,Beauty,Region Y,52,799.0,41548.0
2026-07-27,P403,DewDrop Moisturizer,Beauty,Region Z,37,799.0,29563.0
2026-07-28,P101,VoltX Pro 5G Phone,Electronics,Region X,72,24999.0,1799928.0
2026-07-28,P101,VoltX Pro 5G Phone,Electronics,Region Y,37,24999.0,924963.0
2026-07-28,P101,VoltX Pro 5G Phone,Electronics,Region Z,20,24999.0,499980.0
2026-07-28,P102,VoltX Lite 5G Phone,Electronics,Region X,54,14999.0,809946.0
2026-07-28,P102,VoltX Lite 5G Phone,Electronics,Region Y,30,14999.0,449970.0
2026-07-28,P102,VoltX Lite 5G Phone,Electronics,Region Z,9,14999.0,134991.0
2026-07-28,P103,SoundCore Buds,Electronics,Region X,125,2999.0,374875.0
2026-07-28,P103,SoundCore Buds,Electronics,Region Y,54,2999.0,161946.0
2026-07-28,P103,SoundCore Buds,Electronics,Region Z,28,2999.0,83972.0
2026-07-28,P104,NovaTab 11,Electronics,Region X,16,18999.0,303984.0
2026-07-28,P104,NovaTab 11,Electronics,Region Y,10,18999.0,189990.0
2026-07-28,P104,NovaTab 11,Electronics,Region Z,6,18999.0,113994.0
2026-07-28,P201,UrbanDen Jacket,Apparel,Region X,54,3499.0,188946.0
2026-07-28,P201,UrbanDen Jacket,Apparel,Region Y,14,3499.0,48986.0
2026-07-28,P201,UrbanDen Jacket,Apparel,Region Z,13,3499.0,45487.0
2026-07-28,P202,FlexiKnit Tee,Apparel,Region X,92,999.0,91908.0
2026-07-28,P202,FlexiKnit Tee,Apparel,Region Y,54,999.0,53946.0
2026-07-28,P202,FlexiKnit Tee,Apparel,Region Z,39,999.0,38961.0
2026-07-28,P203,TrailBlaze Sneakers,Apparel,Region X,35,4599.0,160965.0
2026-07-28,P203,TrailBlaze Sneakers,Apparel,Region Y,13,4599.0,59787.0
2026-07-28,P203,TrailBlaze Sneakers,Apparel,Region Z,13,4599.0,59787.0
2026-07-28,P204,CloudWeave Hoodie,Apparel,Region X,42,2199.0,92358.0
2026-07-28,P204,CloudWeave Hoodie,Apparel,Region Y,11,2199.0,24189.0
2026-07-28,P204,CloudWeave Hoodie,Apparel,Region Z,10,2199.0,21990.0
2026-07-28,P301,ChefPro Blender,Home & Kitchen,Region X,15,5499.0,82485.0
2026-07-28,P301,ChefPro Blender,Home & Kitchen,Region Y,7,5499.0,38493.0
2026-07-28,P301,ChefPro Blender,Home & Kitchen,Region Z,11,5499.0,60489.0
2026-07-28,P302,AeroFry Air Cooker,Home & Kitchen,Region X,11,8999.0,98989.0
2026-07-28,P302,AeroFry Air Cooker,Home & Kitchen,Region Y,6,8999.0,53994.0
2026-07-28,P302,AeroFry Air Cooker,Home & Kitchen,Region Z,8,8999.0,71992.0
2026-07-28,P303,PureSip Bottle,Home & Kitchen,Region X,130,899.0,116870.0
2026-07-28,P303,PureSip Bottle,Home & Kitchen,Region Y,92,899.0,82708.0
2026-07-28,P303,PureSip Bottle,Home & Kitchen,Region Z,55,899.0,49445.0
2026-07-28,P304,LoomNest Bedsheet,Home & Kitchen,Region X,29,1799.0,52171.0
2026-07-28,P304,LoomNest Bedsheet,Home & Kitchen,Region Y,14,1799.0,25186.0
2026-07-28,P304,LoomNest Bedsheet,Home & Kitchen,Region Z,6,1799.0,10794.0
2026-07-28,P401,GlowLab Serum,Beauty,Region X,78,1299.0,101322.0
2026-07-28,P401,GlowLab Serum,Beauty,Region Y,42,1299.0,54558.0
2026-07-28,P401,GlowLab Serum,Beauty,Region Z,26,1299.0,33774.0
2026-07-28,P402,SilkTouch Shampoo,Beauty,Region X,185,449.0,83065.0
2026-07-28,P402,SilkTouch Shampoo,Beauty,Region Y,84,449.0,37716.0
2026-07-28,P402,SilkTouch Shampoo,Beauty,Region Z,56,449.0,25144.0
2026-07-28,P403,DewDrop Moisturizer,Beauty,Region X,108,799.0,86292.0
2026-07-28,P403,DewDrop Moisturizer,Beauty,Region Y,63,799.0,50337.0
2026-07-28,P403,DewDrop Moisturizer,Beauty,Region Z,31,799.0,24769.0
2026-07-29,P101,VoltX Pro 5G Phone,Electronics,Region X,49,24999.0,1224951.0
2026-07-29,P101,VoltX Pro 5G Phone,Electronics,Region Y,32,24999.0,799968.0
2026-07-29,P101,VoltX Pro 5G Phone,Electronics,Region Z,21,24999.0,524979.0
2026-07-29,P102,VoltX Lite 5G Phone,Electronics,Region X,51,14999.0,764949.0
2026-07-29,P102,VoltX Lite 5G Phone,Electronics,Region Y,21,14999.0,314979.0
2026-07-29,P102,VoltX Lite 5G Phone,Electronics,Region Z,17,14999.0,254983.0
2026-07-29,P103,SoundCore Buds,Electronics,Region X,84,2999.0,251916.0
2026-07-29,P103,SoundCore Buds,Electronics,Region Y,47,2999.0,140953.0
2026-07-29,P103,SoundCore Buds,Electronics,Region Z,36,2999.0,107964.0
2026-07-29,P104,NovaTab 11,Electronics,Region X,17,18999.0,322983.0
2026-07-29,P104,NovaTab 11,Electronics,Region Y,16,18999.0,303984.0
2026-07-29,P104,NovaTab 11,Electronics,Region Z,7,18999.0,132993.0
2026-07-29,P201,UrbanDen Jacket,Apparel,Region X,32,3499.0,111968.0
2026-07-29,P201,UrbanDen Jacket,Apparel,Region Y,19,3499.0,66481.0
2026-07-29,P201,UrbanDen Jacket,Apparel,Region Z,12,3499.0,41988.0
2026-07-29,P202,FlexiKnit Tee,Apparel,Region X,100,999.0,99900.0
2026-07-29,P202,FlexiKnit Tee,Apparel,Region Y,67,999.0,66933.0
2026-07-29,P202,FlexiKnit Tee,Apparel,Region Z,36,999.0,35964.0
2026-07-29,P203,TrailBlaze Sneakers,Apparel,Region X,21,4599.0,96579.0
2026-07-29,P203,TrailBlaze Sneakers,Apparel,Region Y,17,4599.0,78183.0
2026-07-29,P203,TrailBlaze Sneakers,Apparel,Region Z,11,4599.0,50589.0
2026-07-29,P204,CloudWeave Hoodie,Apparel,Region X,32,2199.0,70368.0
2026-07-29,P204,CloudWeave Hoodie,Apparel,Region Y,23,2199.0,50577.0
2026-07-29,P204,CloudWeave Hoodie,Apparel,Region Z,4,2199.0,8796.0
2026-07-29,P301,ChefPro Blender,Home & Kitchen,Region X,15,5499.0,82485.0
2026-07-29,P301,ChefPro Blender,Home & Kitchen,Region Y,10,5499.0,54990.0
2026-07-29,P301,ChefPro Blender,Home & Kitchen,Region Z,2,5499.0,10998.0
2026-07-29,P302,AeroFry Air Cooker,Home & Kitchen,Region X,25,8999.0,224975.0
2026-07-29,P302,AeroFry Air Cooker,Home & Kitchen,Region Y,10,8999.0,89990.0
2026-07-29,P302,AeroFry Air Cooker,Home & Kitchen,Region Z,5,8999.0,44995.0
2026-07-29,P303,PureSip Bottle,Home & Kitchen,Region X,141,899.0,126759.0
2026-07-29,P303,PureSip Bottle,Home & Kitchen,Region Y,77,899.0,69223.0
2026-07-29,P303,PureSip Bottle,Home & Kitchen,Region Z,29,899.0,26071.0
2026-07-29,P304,LoomNest Bedsheet,Home & Kitchen,Region X,31,1799.0,55769.0
2026-07-29,P304,LoomNest Bedsheet,Home & Kitchen,Region Y,14,1799.0,25186.0
2026-07-29,P304,LoomNest Bedsheet,Home & Kitchen,Region Z,9,1799.0,16191.0
2026-07-29,P401,GlowLab Serum,Beauty,Region X,82,1299.0,106518.0
2026-07-29,P401,GlowLab Serum,Beauty,Region Y,35,1299.0,45465.0
2026-07-29,P401,GlowLab Serum,Beauty,Region Z,12,1299.0,15588.0
2026-07-29,P402,SilkTouch Shampoo,Beauty,Region X,159,449.0,71391.0
2026-07-29,P402,SilkTouch Shampoo,Beauty,Region Y,89,449.0,39961.0
2026-07-29,P402,SilkTouch Shampoo,Beauty,Region Z,41,449.0,18409.0
2026-07-29,P403,DewDrop Moisturizer,Beauty,Region X,106,799.0,84694.0
2026-07-29,P403,DewDrop Moisturizer,Beauty,Region Y,59,799.0,47141.0
2026-07-29,P403,DewDrop Moisturizer,Beauty,Region Z,49,799.0,39151.0
2026-07-30,P101,VoltX Pro 5G Phone,Electronics,Region X,53,24999.0,1324947.0
2026-07-30,P101,VoltX Pro 5G Phone,Electronics,Region Y,36,24999.0,899964.0
2026-07-30,P101,VoltX Pro 5G Phone,Electronics,Region Z,20,24999.0,499980.0
2026-07-30,P102,VoltX Lite 5G Phone,Electronics,Region X,58,14999.0,869942.0
2026-07-30,P102,VoltX Lite 5G Phone,Electronics,Region Y,26,14999.0,389974.0
2026-07-30,P102,VoltX Lite 5G Phone,Electronics,Region Z,7,14999.0,104993.0
2026-07-30,P103,SoundCore Buds,Electronics,Region X,96,2999.0,287904.0
2026-07-30,P103,SoundCore Buds,Electronics,Region Y,41,2999.0,122959.0
2026-07-30,P103,SoundCore Buds,Electronics,Region Z,34,2999.0,101966.0
2026-07-30,P104,NovaTab 11,Electronics,Region X,27,18999.0,512973.0
2026-07-30,P104,NovaTab 11,Electronics,Region Y,14,18999.0,265986.0
2026-07-30,P104,NovaTab 11,Electronics,Region Z,13,18999.0,246987.0
2026-07-30,P201,UrbanDen Jacket,Apparel,Region X,33,3499.0,115467.0
2026-07-30,P201,UrbanDen Jacket,Apparel,Region Y,23,3499.0,80477.0
2026-07-30,P201,UrbanDen Jacket,Apparel,Region Z,16,3499.0,55984.0
2026-07-30,P202,FlexiKnit Tee,Apparel,Region X,136,999.0,135864.0
2026-07-30,P202,FlexiKnit Tee,Apparel,Region Y,67,999.0,66933.0
2026-07-30,P202,FlexiKnit Tee,Apparel,Region Z,47,999.0,46953.0
2026-07-30,P203,TrailBlaze Sneakers,Apparel,Region X,28,4599.0,128772.0
2026-07-30,P203,TrailBlaze Sneakers,Apparel,Region Y,12,4599.0,55188.0
2026-07-30,P203,TrailBlaze Sneakers,Apparel,Region Z,7,4599.0,32193.0
2026-07-30,P204,CloudWeave Hoodie,Apparel,Region X,20,2199.0,43980.0
2026-07-30,P204,CloudWeave Hoodie,Apparel,Region Y,13,2199.0,28587.0
2026-07-30,P204,CloudWeave Hoodie,Apparel,Region Z,6,2199.0,13194.0
2026-07-30,P301,ChefPro Blender,Home & Kitchen,Region X,15,5499.0,82485.0
2026-07-30,P301,ChefPro Blender,Home & Kitchen,Region Y,12,5499.0,65988.0
2026-07-30,P301,ChefPro Blender,Home & Kitchen,Region Z,2,5499.0,10998.0
2026-07-30,P302,AeroFry Air Cooker,Home & Kitchen,Region X,13,8999.0,116987.0
2026-07-30,P302,AeroFry Air Cooker,Home & Kitchen,Region Y,6,8999.0,53994.0
2026-07-30,P302,AeroFry Air Cooker,Home & Kitchen,Region Z,1,8999.0,8999.0
2026-07-30,P303,PureSip Bottle,Home & Kitchen,Region X,134,899.0,120466.0
2026-07-30,P303,PureSip Bottle,Home & Kitchen,Region Y,84,899.0,75516.0
2026-07-30,P303,PureSip Bottle,Home & Kitchen,Region Z,46,899.0,41354.0
2026-07-30,P304,LoomNest Bedsheet,Home & Kitchen,Region X,17,1799.0,30583.0
2026-07-30,P304,LoomNest Bedsheet,Home & Kitchen,Region Y,7,1799.0,12593.0
2026-07-30,P304,LoomNest Bedsheet,Home & Kitchen,Region Z,12,1799.0,21588.0
2026-07-30,P401,GlowLab Serum,Beauty,Region X,72,1299.0,93528.0
2026-07-30,P401,GlowLab Serum,Beauty,Region Y,30,1299.0,38970.0
2026-07-30,P401,GlowLab Serum,Beauty,Region Z,29,1299.0,37671.0
2026-07-30,P402,SilkTouch Shampoo,Beauty,Region X,150,449.0,67350.0
2026-07-30,P402,SilkTouch Shampoo,Beauty,Region Y,59,449.0,26491.0
2026-07-30,P402,SilkTouch Shampoo,Beauty,Region Z,56,449.0,25144.0
2026-07-30,P403,DewDrop Moisturizer,Beauty,Region X,83,799.0,66317.0
2026-07-30,P403,DewDrop Moisturizer,Beauty,Region Y,51,799.0,40749.0
2026-07-30,P403,DewDrop Moisturizer,Beauty,Region Z,27,799.0,21573.0
2026-07-31,P101,VoltX Pro 5G Phone,Electronics,Region X,70,24999.0,1749930.0
2026-07-31,P101,VoltX Pro 5G Phone,Electronics,Region Y,34,24999.0,849966.0
2026-07-31,P101,VoltX Pro 5G Phone,Electronics,Region Z,18,24999.0,449982.0
2026-07-31,P102,VoltX Lite 5G Phone,Electronics,Region X,40,14999.0,599960.0
2026-07-31,P102,VoltX Lite 5G Phone,Electronics,Region Y,27,14999.0,404973.0
2026-07-31,P102,VoltX Lite 5G Phone,Electronics,Region Z,9,14999.0,134991.0
2026-07-31,P103,SoundCore Buds,Electronics,Region X,103,2999.0,308897.0
2026-07-31,P103,SoundCore Buds,Electronics,Region Y,54,2999.0,161946.0
2026-07-31,P103,SoundCore Buds,Electronics,Region Z,19,2999.0,56981.0
2026-07-31,P104,NovaTab 11,Electronics,Region X,29,18999.0,550971.0
2026-07-31,P104,NovaTab 11,Electronics,Region Y,8,18999.0,151992.0
2026-07-31,P104,NovaTab 11,Electronics,Region Z,6,18999.0,113994.0
2026-07-31,P201,UrbanDen Jacket,Apparel,Region X,40,3499.0,139960.0
2026-07-31,P201,UrbanDen Jacket,Apparel,Region Y,18,3499.0,62982.0
2026-07-31,P201,UrbanDen Jacket,Apparel,Region Z,14,3499.0,48986.0
2026-07-31,P202,FlexiKnit Tee,Apparel,Region X,124,999.0,123876.0
2026-07-31,P202,FlexiKnit Tee,Apparel,Region Y,53,999.0,52947.0
2026-07-31,P202,FlexiKnit Tee,Apparel,Region Z,50,999.0,49950.0
2026-07-31,P203,TrailBlaze Sneakers,Apparel,Region X,27,4599.0,124173.0
2026-07-31,P203,TrailBlaze Sneakers,Apparel,Region Y,23,4599.0,105777.0
2026-07-31,P203,TrailBlaze Sneakers,Apparel,Region Z,9,4599.0,41391.0
2026-07-31,P204,CloudWeave Hoodie,Apparel,Region X,33,2199.0,72567.0
2026-07-31,P204,CloudWeave Hoodie,Apparel,Region Y,15,2199.0,32985.0
2026-07-31,P204,CloudWeave Hoodie,Apparel,Region Z,12,2199.0,26388.0
2026-07-31,P301,ChefPro Blender,Home & Kitchen,Region X,16,5499.0,87984.0
2026-07-31,P301,ChefPro Blender,Home & Kitchen,Region Y,11,5499.0,60489.0
2026-07-31,P301,ChefPro Blender,Home & Kitchen,Region Z,9,5499.0,49491.0
2026-07-31,P302,AeroFry Air Cooker,Home & Kitchen,Region X,12,8999.0,107988.0
2026-07-31,P302,AeroFry Air Cooker,Home & Kitchen,Region Y,11,8999.0,98989.0
2026-07-31,P302,AeroFry Air Cooker,Home & Kitchen,Region Z,3,8999.0,26997.0
2026-07-31,P303,PureSip Bottle,Home & Kitchen,Region X,158,899.0,142042.0
2026-07-31,P303,PureSip Bottle,Home & Kitchen,Region Y,70,899.0,62930.0
2026-07-31,P303,PureSip Bottle,Home & Kitchen,Region Z,52,899.0,46748.0
2026-07-31,P304,LoomNest Bedsheet,Home & Kitchen,Region X,27,1799.0,48573.0
2026-07-31,P304,LoomNest Bedsheet,Home & Kitchen,Region Y,18,1799.0,32382.0
2026-07-31,P304,LoomNest Bedsheet,Home & Kitchen,Region Z,10,1799.0,17990.0
2026-07-31,P401,GlowLab Serum,Beauty,Region X,71,1299.0,92229.0
2026-07-31,P401,GlowLab Serum,Beauty,Region Y,48,1299.0,62352.0
2026-07-31,P401,GlowLab Serum,Beauty,Region Z,17,1299.0,22083.0
2026-07-31,P402,SilkTouch Shampoo,Beauty,Region X,178,449.0,79922.0
2026-07-31,P402,SilkTouch Shampoo,Beauty,Region Y,90,449.0,40410.0
2026-07-31,P402,SilkTouch Shampoo,Beauty,Region Z,51,449.0,22899.0
2026-07-31,P403,DewDrop Moisturizer,Beauty,Region X,98,799.0,78302.0
2026-07-31,P403,DewDrop Moisturizer,Beauty,Region Y,59,799.0,47141.0
2026-07-31,P403,DewDrop Moisturizer,Beauty,Region Z,29,799.0,23171.0
2026-08-01,P101,VoltX Pro 5G Phone,Electronics,Region X,76,24999.0,1899924.0
2026-08-01,P101,VoltX Pro 5G Phone,Electronics,Region Y,32,24999.0,799968.0
2026-08-01,P101,VoltX Pro 5G Phone,Electronics,Region Z,24,24999.0,599976.0
2026-08-01,P102,VoltX Lite 5G Phone,Electronics,Region X,51,14999.0,764949.0
2026-08-01,P102,VoltX Lite 5G Phone,Electronics,Region Y,33,14999.0,494967.0
2026-08-01,P102,VoltX Lite 5G Phone,Electronics,Region Z,15,14999.0,224985.0
2026-08-01,P103,SoundCore Buds,Electronics,Region X,107,2999.0,320893.0
2026-08-01,P103,SoundCore Buds,Electronics,Region Y,61,2999.0,182939.0
2026-08-01,P103,SoundCore Buds,Electronics,Region Z,36,2999.0,107964.0
2026-08-01,P104,NovaTab 11,Electronics,Region X,26,18999.0,493974.0
2026-08-01,P104,NovaTab 11,Electronics,Region Y,15,18999.0,284985.0
2026-08-01,P104,NovaTab 11,Electronics,Region Z,9,18999.0,170991.0
2026-08-01,P201,UrbanDen Jacket,Apparel,Region X,33,3499.0,115467.0
2026-08-01,P201,UrbanDen Jacket,Apparel,Region Y,33,3499.0,115467.0
2026-08-01,P201,UrbanDen Jacket,Apparel,Region Z,12,3499.0,41988.0
2026-08-01,P202,FlexiKnit Tee,Apparel,Region X,149,999.0,148851.0
2026-08-01,P202,FlexiKnit Tee,Apparel,Region Y,86,999.0,85914.0
2026-08-01,P202,FlexiKnit Tee,Apparel,Region Z,46,999.0,45954.0
2026-08-01,P203,TrailBlaze Sneakers,Apparel,Region X,48,4599.0,220752.0
2026-08-01,P203,TrailBlaze Sneakers,Apparel,Region Y,27,4599.0,124173.0
2026-08-01,P203,TrailBlaze Sneakers,Apparel,Region Z,9,4599.0,41391.0
2026-08-01,P204,CloudWeave Hoodie,Apparel,Region X,42,2199.0,92358.0
2026-08-01,P204,CloudWeave Hoodie,Apparel,Region Y,22,2199.0,48378.0
2026-08-01,P204,CloudWeave Hoodie,Apparel,Region Z,21,2199.0,46179.0
2026-08-01,P301,ChefPro Blender,Home & Kitchen,Region X,16,5499.0,87984.0
2026-08-01,P301,ChefPro Blender,Home & Kitchen,Region Y,11,5499.0,60489.0
2026-08-01,P301,ChefPro Blender,Home & Kitchen,Region Z,13,5499.0,71487.0
2026-08-01,P302,AeroFry Air Cooker,Home & Kitchen,Region X,13,8999.0,116987.0
2026-08-01,P302,AeroFry Air Cooker,Home & Kitchen,Region Y,8,8999.0,71992.0
2026-08-01,P302,AeroFry Air Cooker,Home & Kitchen,Region Z,13,8999.0,116987.0
2026-08-01,P303,PureSip Bottle,Home & Kitchen,Region X,176,899.0,158224.0
2026-08-01,P303,PureSip Bottle,Home & Kitchen,Region Y,90,899.0,80910.0
2026-08-01,P303,PureSip Bottle,Home & Kitchen,Region Z,64,899.0,57536.0
2026-08-01,P304,LoomNest Bedsheet,Home & Kitchen,Region X,31,1799.0,55769.0
2026-08-01,P304,LoomNest Bedsheet,Home & Kitchen,Region Y,13,1799.0,23387.0
2026-08-01,P304,LoomNest Bedsheet,Home & Kitchen,Region Z,12,1799.0,21588.0
2026-08-01,P401,GlowLab Serum,Beauty,Region X,88,1299.0,114312.0
2026-08-01,P401,GlowLab Serum,Beauty,Region Y,53,1299.0,68847.0
2026-08-01,P401,GlowLab Serum,Beauty,Region Z,33,1299.0,42867.0
2026-08-01,P402,SilkTouch Shampoo,Beauty,Region X,181,449.0,81269.0
2026-08-01,P402,SilkTouch Shampoo,Beauty,Region Y,122,449.0,54778.0
2026-08-01,P402,SilkTouch Shampoo,Beauty,Region Z,72,449.0,32328.0
2026-08-01,P403,DewDrop Moisturizer,Beauty,Region X,103,799.0,82297.0
2026-08-01,P403,DewDrop Moisturizer,Beauty,Region Y,62,799.0,49538.0
2026-08-01,P403,DewDrop Moisturizer,Beauty,Region Z,50,799.0,39950.0
2026-08-02,P101,VoltX Pro 5G Phone,Electronics,Region X,68,24999.0,1699932.0
2026-08-02,P101,VoltX Pro 5G Phone,Electronics,Region Y,43,24999.0,1074957.0
2026-08-02,P101,VoltX Pro 5G Phone,Electronics,Region Z,21,24999.0,524979.0
2026-08-02,P102,VoltX Lite 5G Phone,Electronics,Region X,57,14999.0,854943.0
2026-08-02,P102,VoltX Lite 5G Phone,Electronics,Region Y,35,14999.0,524965.0
2026-08-02,P102,VoltX Lite 5G Phone,Electronics,Region Z,21,14999.0,314979.0
2026-08-02,P103,SoundCore Buds,Electronics,Region X,85,2999.0,254915.0
2026-08-02,P103,SoundCore Buds,Electronics,Region Y,77,2999.0,230923.0
2026-08-02,P103,SoundCore Buds,Electronics,Region Z,48,2999.0,143952.0
2026-08-02,P104,NovaTab 11,Electronics,Region X,23,18999.0,436977.0
2026-08-02,P104,NovaTab 11,Electronics,Region Y,18,18999.0,341982.0
2026-08-02,P104,NovaTab 11,Electronics,Region Z,4,18999.0,75996.0
2026-08-02,P201,UrbanDen Jacket,Apparel,Region X,40,3499.0,139960.0
2026-08-02,P201,UrbanDen Jacket,Apparel,Region Y,20,3499.0,69980.0
2026-08-02,P201,UrbanDen Jacket,Apparel,Region Z,17,3499.0,59483.0
2026-08-02,P202,FlexiKnit Tee,Apparel,Region X,162,999.0,161838.0
2026-08-02,P202,FlexiKnit Tee,Apparel,Region Y,80,999.0,79920.0
2026-08-02,P202,FlexiKnit Tee,Apparel,Region Z,50,999.0,49950.0
2026-08-02,P203,TrailBlaze Sneakers,Apparel,Region X,35,4599.0,160965.0
2026-08-02,P203,TrailBlaze Sneakers,Apparel,Region Y,25,4599.0,114975.0
2026-08-02,P203,TrailBlaze Sneakers,Apparel,Region Z,10,4599.0,45990.0
2026-08-02,P204,CloudWeave Hoodie,Apparel,Region X,57,2199.0,125343.0
2026-08-02,P204,CloudWeave Hoodie,Apparel,Region Y,15,2199.0,32985.0
2026-08-02,P204,CloudWeave Hoodie,Apparel,Region Z,18,2199.0,39582.0
2026-08-02,P301,ChefPro Blender,Home & Kitchen,Region X,25,5499.0,137475.0
2026-08-02,P301,ChefPro Blender,Home & Kitchen,Region Y,10,5499.0,54990.0
2026-08-02,P301,ChefPro Blender,Home & Kitchen,Region Z,11,5499.0,60489.0
2026-08-02,P302,AeroFry Air Cooker,Home & Kitchen,Region X,9,8999.0,80991.0
2026-08-02,P302,AeroFry Air Cooker,Home & Kitchen,Region Y,12,8999.0,107988.0
2026-08-02,P302,AeroFry Air Cooker,Home & Kitchen,Region Z,2,8999.0,17998.0
2026-08-02,P303,PureSip Bottle,Home & Kitchen,Region X,151,899.0,135749.0
2026-08-02,P303,PureSip Bottle,Home & Kitchen,Region Y,89,899.0,80011.0
2026-08-02,P303,PureSip Bottle,Home & Kitchen,Region Z,61,899.0,54839.0
2026-08-02,P304,LoomNest Bedsheet,Home & Kitchen,Region X,21,1799.0,37779.0
2026-08-02,P304,LoomNest Bedsheet,Home & Kitchen,Region Y,15,1799.0,26985.0
2026-08-02,P304,LoomNest Bedsheet,Home & Kitchen,Region Z,12,1799.0,21588.0
2026-08-02,P401,GlowLab Serum,Beauty,Region X,57,1299.0,74043.0
2026-08-02,P401,GlowLab Serum,Beauty,Region Y,52,1299.0,67548.0
2026-08-02,P401,GlowLab Serum,Beauty,Region Z,31,1299.0,40269.0
2026-08-02,P402,SilkTouch Shampoo,Beauty,Region X,191,449.0,85759.0
2026-08-02,P402,SilkTouch Shampoo,Beauty,Region Y,89,449.0,39961.0
2026-08-02,P402,SilkTouch Shampoo,Beauty,Region Z,56,449.0,25144.0
2026-08-02,P403,DewDrop Moisturizer,Beauty,Region X,97,799.0,77503.0
2026-08-02,P403,DewDrop Moisturizer,Beauty,Region Y,64,799.0,51136.0
2026-08-02,P403,DewDrop Moisturizer,Beauty,Region Z,33,799.0,26367.0
2026-08-03,P101,VoltX Pro 5G Phone,Electronics,Region X,60,24999.0,1499940.0
2026-08-03,P101,VoltX Pro 5G Phone,Electronics,Region Y,23,24999.0,574977.0
2026-08-03,P101,VoltX Pro 5G Phone,Electronics,Region Z,18,24999.0,449982.0
2026-08-03,P102,VoltX Lite 5G Phone,Electronics,Region X,45,14999.0,674955.0
2026-08-03,P102,VoltX Lite 5G Phone,Electronics,Region Y,26,14999.0,389974.0
2026-08-03,P102,VoltX Lite 5G Phone,Electronics,Region Z,10,14999.0,149990.0
2026-08-03,P103,SoundCore Buds,Electronics,Region X,95,2999.0,284905.0
2026-08-03,P103,SoundCore Buds,Electronics,Region Y,35,2999.0,104965.0
2026-08-03,P103,SoundCore Buds,Electronics,Region Z,25,2999.0,74975.0
2026-08-03,P104,NovaTab 11,Electronics,Region X,21,18999.0,398979.0
2026-08-03,P104,NovaTab 11,Electronics,Region Y,13,18999.0,246987.0
2026-08-03,P104,NovaTab 11,Electronics,Region Z,7,18999.0,132993.0
2026-08-03,P201,UrbanDen Jacket,Apparel,Region X,45,3499.0,157455.0
2026-08-03,P201,UrbanDen Jacket,Apparel,Region Y,21,3499.0,73479.0
2026-08-03,P201,UrbanDen Jacket,Apparel,Region Z,19,3499.0,66481.0
2026-08-03,P202,FlexiKnit Tee,Apparel,Region X,131,999.0,130869.0
2026-08-03,P202,FlexiKnit Tee,Apparel,Region Y,50,999.0,49950.0
2026-08-03,P202,FlexiKnit Tee,Apparel,Region Z,44,999.0,43956.0
2026-08-03,P203,TrailBlaze Sneakers,Apparel,Region X,41,4599.0,188559.0
2026-08-03,P203,TrailBlaze Sneakers,Apparel,Region Y,15,4599.0,68985.0
2026-08-03,P203,TrailBlaze Sneakers,Apparel,Region Z,7,4599.0,32193.0
2026-08-03,P204,CloudWeave Hoodie,Apparel,Region X,36,2199.0,79164.0
2026-08-03,P204,CloudWeave Hoodie,Apparel,Region Y,13,2199.0,28587.0
2026-08-03,P204,CloudWeave Hoodie,Apparel,Region Z,8,2199.0,17592.0
2026-08-03,P301,ChefPro Blender,Home & Kitchen,Region X,16,5499.0,87984.0
2026-08-03,P301,ChefPro Blender,Home & Kitchen,Region Y,10,5499.0,54990.0
2026-08-03,P301,ChefPro Blender,Home & Kitchen,Region Z,3,5499.0,16497.0
2026-08-03,P302,AeroFry Air Cooker,Home & Kitchen,Region X,6,8999.0,53994.0
2026-08-03,P302,AeroFry Air Cooker,Home & Kitchen,Region Y,4,8999.0,35996.0
2026-08-03,P302,AeroFry Air Cooker,Home & Kitchen,Region Z,1,8999.0,8999.0
2026-08-03,P303,PureSip Bottle,Home & Kitchen,Region X,153,899.0,137547.0
2026-08-03,P303,PureSip Bottle,Home & Kitchen,Region Y,73,899.0,65627.0
2026-08-03,P303,PureSip Bottle,Home & Kitchen,Region Z,38,899.0,34162.0
2026-08-03,P304,LoomNest Bedsheet,Home & Kitchen,Region X,31,1799.0,55769.0
2026-08-03,P304,LoomNest Bedsheet,Home & Kitchen,Region Y,16,1799.0,28784.0
2026-08-03,P304,LoomNest Bedsheet,Home & Kitchen,Region Z,10,1799.0,17990.0
2026-08-03,P401,GlowLab Serum,Beauty,Region X,84,1299.0,109116.0
2026-08-03,P401,GlowLab Serum,Beauty,Region Y,48,1299.0,62352.0
2026-08-03,P401,GlowLab Serum,Beauty,Region Z,32,1299.0,41568.0
2026-08-03,P402,SilkTouch Shampoo,Beauty,Region X,195,449.0,87555.0
2026-08-03,P402,SilkTouch Shampoo,Beauty,Region Y,94,449.0,42206.0
2026-08-03,P402,SilkTouch Shampoo,Beauty,Region Z,58,449.0,26042.0
2026-08-03,P403,DewDrop Moisturizer,Beauty,Region X,120,799.0,95880.0
2026-08-03,P403,DewDrop Moisturizer,Beauty,Region Y,51,799.0,40749.0
2026-08-03,P403,DewDrop Moisturizer,Beauty,Region Z,25,799.0,19975.0
2026-08-04,P101,VoltX Pro 5G Phone,Electronics,Region X,66,24999.0,1649934.0
2026-08-04,P101,VoltX Pro 5G Phone,Electronics,Region Y,33,24999.0,824967.0
2026-08-04,P101,VoltX Pro 5G Phone,Electronics,Region Z,22,24999.0,549978.0
2026-08-04,P102,VoltX Lite 5G Phone,Electronics,Region X,48,14999.0,719952.0
2026-08-04,P102,VoltX Lite 5G Phone,Electronics,Region Y,22,14999.0,329978.0
2026-08-04,P102,VoltX Lite 5G Phone,Electronics,Region Z,20,14999.0,299980.0
2026-08-04,P103,SoundCore Buds,Electronics,Region X,79,2999.0,236921.0
2026-08-04,P103,SoundCore Buds,Electronics,Region Y,52,2999.0,155948.0
2026-08-04,P103,SoundCore Buds,Electronics,Region Z,23,2999.0,68977.0
2026-08-04,P104,NovaTab 11,Electronics,Region X,25,18999.0,474975.0
2026-08-04,P104,NovaTab 11,Electronics,Region Y,9,18999.0,170991.0
2026-08-04,P104,NovaTab 11,Electronics,Region Z,8,18999.0,151992.0
2026-08-04,P201,UrbanDen Jacket,Apparel,Region X,45,3499.0,157455.0
2026-08-04,P201,UrbanDen Jacket,Apparel,Region Y,28,3499.0,97972.0
2026-08-04,P201,UrbanDen Jacket,Apparel,Region Z,18,3499.0,62982.0
2026-08-04,P202,FlexiKnit Tee,Apparel,Region X,114,999.0,113886.0
2026-08-04,P202,FlexiKnit Tee,Apparel,Region Y,53,999.0,52947.0
2026-08-04,P202,FlexiKnit Tee,Apparel,Region Z,50,999.0,49950.0
2026-08-04,P203,TrailBlaze Sneakers,Apparel,Region X,35,4599.0,160965.0
2026-08-04,P203,TrailBlaze Sneakers,Apparel,Region Y,15,4599.0,68985.0
2026-08-04,P203,TrailBlaze Sneakers,Apparel,Region Z,6,4599.0,27594.0
2026-08-04,P204,CloudWeave Hoodie,Apparel,Region X,28,2199.0,61572.0
2026-08-04,P204,CloudWeave Hoodie,Apparel,Region Y,25,2199.0,54975.0
2026-08-04,P204,CloudWeave Hoodie,Apparel,Region Z,13,2199.0,28587.0
2026-08-04,P301,ChefPro Blender,Home & Kitchen,Region X,17,5499.0,93483.0
2026-08-04,P301,ChefPro Blender,Home & Kitchen,Region Y,10,5499.0,54990.0
2026-08-04,P301,ChefPro Blender,Home & Kitchen,Region Z,10,5499.0,54990.0
2026-08-04,P302,AeroFry Air Cooker,Home & Kitchen,Region X,11,8999.0,98989.0
2026-08-04,P302,AeroFry Air Cooker,Home & Kitchen,Region Y,1,8999.0,8999.0
2026-08-04,P302,AeroFry Air Cooker,Home & Kitchen,Region Z,3,8999.0,26997.0
2026-08-04,P303,PureSip Bottle,Home & Kitchen,Region X,120,899.0,107880.0
2026-08-04,P303,PureSip Bottle,Home & Kitchen,Region Y,59,899.0,53041.0
2026-08-04,P303,PureSip Bottle,Home & Kitchen,Region Z,53,899.0,47647.0
2026-08-04,P304,LoomNest Bedsheet,Home & Kitchen,Region X,33,1799.0,59367.0
2026-08-04,P304,LoomNest Bedsheet,Home & Kitchen,Region Y,13,1799.0,23387.0
2026-08-04,P304,LoomNest Bedsheet,Home & Kitchen,Region Z,6,1799.0,10794.0
2026-08-04,P401,GlowLab Serum,Beauty,Region X,75,1299.0,97425.0
2026-08-04,P401,GlowLab Serum,Beauty,Region Y,42,1299.0,54558.0
2026-08-04,P401,GlowLab Serum,Beauty,Region Z,21,1299.0,27279.0
2026-08-04,P402,SilkTouch Shampoo,Beauty,Region X,187,449.0,83963.0
2026-08-04,P402,SilkTouch Shampoo,Beauty,Region Y,81,449.0,36369.0
2026-08-04,P402,SilkTouch Shampoo,Beauty,Region Z,44,449.0,19756.0
2026-08-04,P403,DewDrop Moisturizer,Beauty,Region X,102,799.0,81498.0
2026-08-04,P403,DewDrop Moisturizer,Beauty,Region Y,49,799.0,39151.0
2026-08-04,P403,DewDrop Moisturizer,Beauty,Region Z,47,799.0,37553.0
2026-08-05,P101,VoltX Pro 5G Phone,Electronics,Region X,78,24999.0,1949922.0
2026-08-05,P101,VoltX Pro 5G Phone,Electronics,Region Y,41,24999.0,1024959.0
2026-08-05,P101,VoltX Pro 5G Phone,Electronics,Region Z,20,24999.0,499980.0
2026-08-05,P102,VoltX Lite 5G Phone,Electronics,Region X,45,14999.0,674955.0
2026-08-05,P102,VoltX Lite 5G Phone,Electronics,Region Y,21,14999.0,314979.0
2026-08-05,P102,VoltX Lite 5G Phone,Electronics,Region Z,11,14999.0,164989.0
2026-08-05,P103,SoundCore Buds,Electronics,Region X,91,2999.0,272909.0
2026-08-05,P103,SoundCore Buds,Electronics,Region Y,51,2999.0,152949.0
2026-08-05,P103,SoundCore Buds,Electronics,Region Z,38,2999.0,113962.0
2026-08-05,P104,NovaTab 11,Electronics,Region X,22,18999.0,417978.0
2026-08-05,P104,NovaTab 11,Electronics,Region Y,12,18999.0,227988.0
2026-08-05,P104,NovaTab 11,Electronics,Region Z,10,18999.0,189990.0
2026-08-05,P201,UrbanDen Jacket,Apparel,Region X,55,3499.0,192445.0
2026-08-05,P201,UrbanDen Jacket,Apparel,Region Y,15,3499.0,52485.0
2026-08-05,P201,UrbanDen Jacket,Apparel,Region Z,13,3499.0,45487.0
2026-08-05,P202,FlexiKnit Tee,Apparel,Region X,136,999.0,135864.0
2026-08-05,P202,FlexiKnit Tee,Apparel,Region Y,51,999.0,50949.0
2026-08-05,P202,FlexiKnit Tee,Apparel,Region Z,38,999.0,37962.0
2026-08-05,P203,TrailBlaze Sneakers,Apparel,Region X,26,4599.0,119574.0
2026-08-05,P203,TrailBlaze Sneakers,Apparel,Region Y,14,4599.0,64386.0
2026-08-05,P203,TrailBlaze Sneakers,Apparel,Region Z,8,4599.0,36792.0
2026-08-05,P204,CloudWeave Hoodie,Apparel,Region X,41,2199.0,90159.0
2026-08-05,P204,CloudWeave Hoodie,Apparel,Region Y,22,2199.0,48378.0
2026-08-05,P204,CloudWeave Hoodie,Apparel,Region Z,6,2199.0,13194.0
2026-08-05,P301,ChefPro Blender,Home & Kitchen,Region X,18,5499.0,98982.0
2026-08-05,P301,ChefPro Blender,Home & Kitchen,Region Y,9,5499.0,49491.0
2026-08-05,P301,ChefPro Blender,Home & Kitchen,Region Z,5,5499.0,27495.0
2026-08-05,P302,AeroFry Air Cooker,Home & Kitchen,Region X,13,8999.0,116987.0
2026-08-05,P302,AeroFry Air Cooker,Home & Kitchen,Region Y,12,8999.0,107988.0
2026-08-05,P302,AeroFry Air Cooker,Home & Kitchen,Region Z,4,8999.0,35996.0
2026-08-05,P303,PureSip Bottle,Home & Kitchen,Region X,139,899.0,124961.0
2026-08-05,P303,PureSip Bottle,Home & Kitchen,Region Y,78,899.0,70122.0
2026-08-05,P303,PureSip Bottle,Home & Kitchen,Region Z,45,899.0,40455.0
2026-08-05,P304,LoomNest Bedsheet,Home & Kitchen,Region X,36,1799.0,64764.0
2026-08-05,P304,LoomNest Bedsheet,Home & Kitchen,Region Y,19,1799.0,34181.0
2026-08-05,P304,LoomNest Bedsheet,Home & Kitchen,Region Z,10,1799.0,17990.0
2026-08-05,P401,GlowLab Serum,Beauty,Region X,59,1299.0,76641.0
2026-08-05,P401,GlowLab Serum,Beauty,Region Y,40,1299.0,51960.0
2026-08-05,P401,GlowLab Serum,Beauty,Region Z,25,1299.0,32475.0
2026-08-05,P402,SilkTouch Shampoo,Beauty,Region X,139,449.0,62411.0
2026-08-05,P402,SilkTouch Shampoo,Beauty,Region Y,71,449.0,31879.0
2026-08-05,P402,SilkTouch Shampoo,Beauty,Region Z,54,449.0,24246.0
2026-08-05,P403,DewDrop Moisturizer,Beauty,Region X,98,799.0,78302.0
2026-08-05,P403,DewDrop Moisturizer,Beauty,Region Y,51,799.0,40749.0
2026-08-05,P403,DewDrop Moisturizer,Beauty,Region Z,40,799.0,31960.0
2026-08-06,P101,VoltX Pro 5G Phone,Electronics,Region X,67,24999.0,1674933.0
2026-08-06,P101,VoltX Pro 5G Phone,Electronics,Region Y,38,24999.0,949962.0
2026-08-06,P101,VoltX Pro 5G Phone,Electronics,Region Z,16,24999.0,399984.0
2026-08-06,P102,VoltX Lite 5G Phone,Electronics,Region X,48,14999.0,719952.0
2026-08-06,P102,VoltX Lite 5G Phone,Electronics,Region Y,24,14999.0,359976.0
2026-08-06,P102,VoltX Lite 5G Phone,Electronics,Region Z,15,14999.0,224985.0
2026-08-06,P103,SoundCore Buds,Electronics,Region X,94,2999.0,281906.0
2026-08-06,P103,SoundCore Buds,Electronics,Region Y,49,2999.0,146951.0
2026-08-06,P103,SoundCore Buds,Electronics,Region Z,34,2999.0,101966.0
2026-08-06,P104,NovaTab 11,Electronics,Region X,17,18999.0,322983.0
2026-08-06,P104,NovaTab 11,Electronics,Region Y,19,18999.0,360981.0
2026-08-06,P104,NovaTab 11,Electronics,Region Z,5,18999.0,94995.0
2026-08-06,P201,UrbanDen Jacket,Apparel,Region X,44,3499.0,153956.0
2026-08-06,P201,UrbanDen Jacket,Apparel,Region Y,23,3499.0,80477.0
2026-08-06,P201,UrbanDen Jacket,Apparel,Region Z,11,3499.0,38489.0
2026-08-06,P202,FlexiKnit Tee,Apparel,Region X,96,999.0,95904.0
2026-08-06,P202,FlexiKnit Tee,Apparel,Region Y,79,999.0,78921.0
2026-08-06,P202,FlexiKnit Tee,Apparel,Region Z,36,999.0,35964.0
2026-08-06,P203,TrailBlaze Sneakers,Apparel,Region X,38,4599.0,174762.0
2026-08-06,P203,TrailBlaze Sneakers,Apparel,Region Y,13,4599.0,59787.0
2026-08-06,P203,TrailBlaze Sneakers,Apparel,Region Z,8,4599.0,36792.0
2026-08-06,P204,CloudWeave Hoodie,Apparel,Region X,28,2199.0,61572.0
2026-08-06,P204,CloudWeave Hoodie,Apparel,Region Y,9,2199.0,19791.0
2026-08-06,P204,CloudWeave Hoodie,Apparel,Region Z,19,2199.0,41781.0
2026-08-06,P301,ChefPro Blender,Home & Kitchen,Region X,21,5499.0,115479.0
2026-08-06,P301,ChefPro Blender,Home & Kitchen,Region Y,10,5499.0,54990.0
2026-08-06,P301,ChefPro Blender,Home & Kitchen,Region Z,7,5499.0,38493.0
2026-08-06,P302,AeroFry Air Cooker,Home & Kitchen,Region X,19,8999.0,170981.0
2026-08-06,P302,AeroFry Air Cooker,Home & Kitchen,Region Y,2,8999.0,17998.0
2026-08-06,P302,AeroFry Air Cooker,Home & Kitchen,Region Z,6,8999.0,53994.0
2026-08-06,P303,PureSip Bottle,Home & Kitchen,Region X,138,899.0,124062.0
2026-08-06,P303,PureSip Bottle,Home & Kitchen,Region Y,70,899.0,62930.0
2026-08-06,P303,PureSip Bottle,Home & Kitchen,Region Z,50,899.0,44950.0
2026-08-06,P304,LoomNest Bedsheet,Home & Kitchen,Region X,19,1799.0,34181.0
2026-08-06,P304,LoomNest Bedsheet,Home & Kitchen,Region Y,15,1799.0,26985.0
2026-08-06,P304,LoomNest Bedsheet,Home & Kitchen,Region Z,8,1799.0,14392.0
2026-08-06,P401,GlowLab Serum,Beauty,Region X,73,1299.0,94827.0
2026-08-06,P401,GlowLab Serum,Beauty,Region Y,42,1299.0,54558.0
2026-08-06,P401,GlowLab Serum,Beauty,Region Z,31,1299.0,40269.0
2026-08-06,P402,SilkTouch Shampoo,Beauty,Region X,161,449.0,72289.0
2026-08-06,P402,SilkTouch Shampoo,Beauty,Region Y,86,449.0,38614.0
2026-08-06,P402,SilkTouch Shampoo,Beauty,Region Z,54,449.0,24246.0
2026-08-06,P403,DewDrop Moisturizer,Beauty,Region X,84,799.0,67116.0
2026-08-06,P403,DewDrop Moisturizer,Beauty,Region Y,59,799.0,47141.0
2026-08-06,P403,DewDrop Moisturizer,Beauty,Region Z,42,799.0,33558.0
2026-08-07,P101,VoltX Pro 5G Phone,Electronics,Region X,55,24999.0,1374945.0
2026-08-07,P101,VoltX Pro 5G Phone,Electronics,Region Y,34,24999.0,849966.0
2026-08-07,P101,VoltX Pro 5G Phone,Electronics,Region Z,33,24999.0,824967.0
2026-08-07,P102,VoltX Lite 5G Phone,Electronics,Region X,55,14999.0,824945.0
2026-08-07,P102,VoltX Lite 5G Phone,Electronics,Region Y,21,14999.0,314979.0
2026-08-07,P102,VoltX Lite 5G Phone,Electronics,Region Z,15,14999.0,224985.0
2026-08-07,P103,SoundCore Buds,Electronics,Region X,98,2999.0,293902.0
2026-08-07,P103,SoundCore Buds,Electronics,Region Y,48,2999.0,143952.0
2026-08-07,P103,SoundCore Buds,Electronics,Region Z,33,2999.0,98967.0
2026-08-07,P104,NovaTab 11,Electronics,Region X,20,18999.0,379980.0
2026-08-07,P104,NovaTab 11,Electronics,Region Y,18,18999.0,341982.0
2026-08-07,P104,NovaTab 11,Electronics,Region Z,8,18999.0,151992.0
2026-08-07,P201,UrbanDen Jacket,Apparel,Region X,41,3499.0,143459.0
2026-08-07,P201,UrbanDen Jacket,Apparel,Region Y,21,3499.0,73479.0
2026-08-07,P201,UrbanDen Jacket,Apparel,Region Z,7,3499.0,24493.0
2026-08-07,P202,FlexiKnit Tee,Apparel,Region X,113,999.0,112887.0
2026-08-07,P202,FlexiKnit Tee,Apparel,Region Y,54,999.0,53946.0
2026-08-07,P202,FlexiKnit Tee,Apparel,Region Z,38,999.0,37962.0
2026-08-07,P203,TrailBlaze Sneakers,Apparel,Region X,34,4599.0,156366.0
2026-08-07,P203,TrailBlaze Sneakers,Apparel,Region Y,14,4599.0,64386.0
2026-08-07,P203,TrailBlaze Sneakers,Apparel,Region Z,9,4599.0,41391.0
2026-08-07,P204,CloudWeave Hoodie,Apparel,Region X,36,2199.0,79164.0
2026-08-07,P204,CloudWeave Hoodie,Apparel,Region Y,20,2199.0,43980.0
2026-08-07,P204,CloudWeave Hoodie,Apparel,Region Z,10,2199.0,21990.0
2026-08-07,P301,ChefPro Blender,Home & Kitchen,Region X,26,5499.0,142974.0
2026-08-07,P301,ChefPro Blender,Home & Kitchen,Region Y,10,5499.0,54990.0
2026-08-07,P301,ChefPro Blender,Home & Kitchen,Region Z,5,5499.0,27495.0
2026-08-07,P302,AeroFry Air Cooker,Home & Kitchen,Region X,14,8999.0,125986.0
2026-08-07,P302,AeroFry Air Cooker,Home & Kitchen,Region Y,9,8999.0,80991.0
2026-08-07,P302,AeroFry Air Cooker,Home & Kitchen,Region Z,4,8999.0,35996.0
2026-08-07,P303,PureSip Bottle,Home & Kitchen,Region X,151,899.0,135749.0
2026-08-07,P303,PureSip Bottle,Home & Kitchen,Region Y,72,899.0,64728.0
2026-08-07,P303,PureSip Bottle,Home & Kitchen,Region Z,56,899.0,50344.0
2026-08-07,P304,LoomNest Bedsheet,Home & Kitchen,Region X,30,1799.0,53970.0
2026-08-07,P304,LoomNest Bedsheet,Home & Kitchen,Region Y,16,1799.0,28784.0
2026-08-07,P304,LoomNest Bedsheet,Home & Kitchen,Region Z,6,1799.0,10794.0
2026-08-07,P401,GlowLab Serum,Beauty,Region X,56,1299.0,72744.0
2026-08-07,P401,GlowLab Serum,Beauty,Region Y,32,1299.0,41568.0
2026-08-07,P401,GlowLab Serum,Beauty,Region Z,25,1299.0,32475.0
2026-08-07,P402,SilkTouch Shampoo,Beauty,Region X,185,449.0,83065.0
2026-08-07,P402,SilkTouch Shampoo,Beauty,Region Y,88,449.0,39512.0
2026-08-07,P402,SilkTouch Shampoo,Beauty,Region Z,45,449.0,20205.0
2026-08-07,P403,DewDrop Moisturizer,Beauty,Region X,110,799.0,87890.0
2026-08-07,P403,DewDrop Moisturizer,Beauty,Region Y,53,799.0,42347.0
2026-08-07,P403,DewDrop Moisturizer,Beauty,Region Z,32,799.0,25568.0
2026-08-08,P101,VoltX Pro 5G Phone,Electronics,Region X,81,24999.0,2024919.0
2026-08-08,P101,VoltX Pro 5G Phone,Electronics,Region Y,37,24999.0,924963.0
2026-08-08,P101,VoltX Pro 5G Phone,Electronics,Region Z,27,24999.0,674973.0
2026-08-08,P102,VoltX Lite 5G Phone,Electronics,Region X,57,14999.0,854943.0
2026-08-08,P102,VoltX Lite 5G Phone,Electronics,Region Y,29,14999.0,434971.0
2026-08-08,P102,VoltX Lite 5G Phone,Electronics,Region Z,21,14999.0,314979.0
2026-08-08,P103,SoundCore Buds,Electronics,Region X,98,2999.0,293902.0
2026-08-08,P103,SoundCore Buds,Electronics,Region Y,64,2999.0,191936.0
2026-08-08,P103,SoundCore Buds,Electronics,Region Z,48,2999.0,143952.0
2026-08-08,P104,NovaTab 11,Electronics,Region X,32,18999.0,607968.0
2026-08-08,P104,NovaTab 11,Electronics,Region Y,8,18999.0,151992.0
2026-08-08,P104,NovaTab 11,Electronics,Region Z,3,18999.0,56997.0
2026-08-08,P201,UrbanDen Jacket,Apparel,Region X,38,3499.0,132962.0
2026-08-08,P201,UrbanDen Jacket,Apparel,Region Y,25,3499.0,87475.0
2026-08-08,P201,UrbanDen Jacket,Apparel,Region Z,18,3499.0,62982.0
2026-08-08,P202,FlexiKnit Tee,Apparel,Region X,144,999.0,143856.0
2026-08-08,P202,FlexiKnit Tee,Apparel,Region Y,60,999.0,59940.0
2026-08-08,P202,FlexiKnit Tee,Apparel,Region Z,59,999.0,58941.0
2026-08-08,P203,TrailBlaze Sneakers,Apparel,Region X,34,4599.0,156366.0
2026-08-08,P203,TrailBlaze Sneakers,Apparel,Region Y,16,4599.0,73584.0
2026-08-08,P203,TrailBlaze Sneakers,Apparel,Region Z,18,4599.0,82782.0
2026-08-08,P204,CloudWeave Hoodie,Apparel,Region X,49,2199.0,107751.0
2026-08-08,P204,CloudWeave Hoodie,Apparel,Region Y,26,2199.0,57174.0
2026-08-08,P204,CloudWeave Hoodie,Apparel,Region Z,11,2199.0,24189.0
2026-08-08,P301,ChefPro Blender,Home & Kitchen,Region X,27,5499.0,148473.0
2026-08-08,P301,ChefPro Blender,Home & Kitchen,Region Y,13,5499.0,71487.0
2026-08-08,P301,ChefPro Blender,Home & Kitchen,Region Z,5,5499.0,27495.0
2026-08-08,P302,AeroFry Air Cooker,Home & Kitchen,Region X,14,8999.0,125986.0
2026-08-08,P302,AeroFry Air Cooker,Home & Kitchen,Region Y,4,8999.0,35996.0
2026-08-08,P302,AeroFry Air Cooker,Home & Kitchen,Region Z,3,8999.0,26997.0
2026-08-08,P303,PureSip Bottle,Home & Kitchen,Region X,154,899.0,138446.0
2026-08-08,P303,PureSip Bottle,Home & Kitchen,Region Y,99,899.0,89001.0
2026-08-08,P303,PureSip Bottle,Home & Kitchen,Region Z,67,899.0,60233.0
2026-08-08,P304,LoomNest Bedsheet,Home & Kitchen,Region X,36,1799.0,64764.0
2026-08-08,P304,LoomNest Bedsheet,Home & Kitchen,Region Y,13,1799.0,23387.0
2026-08-08,P304,LoomNest Bedsheet,Home & Kitchen,Region Z,8,1799.0,14392.0
2026-08-08,P401,GlowLab Serum,Beauty,Region X,77,1299.0,100023.0
2026-08-08,P401,GlowLab Serum,Beauty,Region Y,36,1299.0,46764.0
2026-08-08,P401,GlowLab Serum,Beauty,Region Z,25,1299.0,32475.0
2026-08-08,P402,SilkTouch Shampoo,Beauty,Region X,210,449.0,94290.0
2026-08-08,P402,SilkTouch Shampoo,Beauty,Region Y,102,449.0,45798.0
2026-08-08,P402,SilkTouch Shampoo,Beauty,Region Z,84,449.0,37716.0
2026-08-08,P403,DewDrop Moisturizer,Beauty,Region X,131,799.0,104669.0
2026-08-08,P403,DewDrop Moisturizer,Beauty,Region Y,51,799.0,40749.0
2026-08-08,P403,DewDrop Moisturizer,Beauty,Region Z,36,799.0,28764.0
2026-08-09,P101,VoltX Pro 5G Phone,Electronics,Region X,72,24999.0,1799928.0
2026-08-09,P101,VoltX Pro 5G Phone,Electronics,Region Y,24,24999.0,599976.0
2026-08-09,P101,VoltX Pro 5G Phone,Electronics,Region Z,15,24999.0,374985.0
2026-08-09,P102,VoltX Lite 5G Phone,Electronics,Region X,50,14999.0,749950.0
2026-08-09,P102,VoltX Lite 5G Phone,Electronics,Region Y,29,14999.0,434971.0
2026-08-09,P102,VoltX Lite 5G Phone,Electronics,Region Z,25,14999.0,374975.0
2026-08-09,P103,SoundCore Buds,Electronics,Region X,125,2999.0,374875.0
2026-08-09,P103,SoundCore Buds,Electronics,Region Y,61,2999.0,182939.0
2026-08-09,P103,SoundCore Buds,Electronics,Region Z,45,2999.0,134955.0
2026-08-09,P104,NovaTab 11,Electronics,Region X,23,18999.0,436977.0
2026-08-09,P104,NovaTab 11,Electronics,Region Y,14,18999.0,265986.0
2026-08-09,P104,NovaTab 11,Electronics,Region Z,8,18999.0,151992.0
2026-08-09,P201,UrbanDen Jacket,Apparel,Region X,37,3499.0,129463.0
2026-08-09,P201,UrbanDen Jacket,Apparel,Region Y,21,3499.0,73479.0
2026-08-09,P201,UrbanDen Jacket,Apparel,Region Z,17,3499.0,59483.0
2026-08-09,P202,FlexiKnit Tee,Apparel,Region X,152,999.0,151848.0
2026-08-09,P202,FlexiKnit Tee,Apparel,Region Y,86,999.0,85914.0
2026-08-09,P202,FlexiKnit Tee,Apparel,Region Z,49,999.0,48951.0
2026-08-09,P203,TrailBlaze Sneakers,Apparel,Region X,44,4599.0,202356.0
2026-08-09,P203,TrailBlaze Sneakers,Apparel,Region Y,28,4599.0,128772.0
2026-08-09,P203,TrailBlaze Sneakers,Apparel,Region Z,7,4599.0,32193.0
2026-08-09,P204,CloudWeave Hoodie,Apparel,Region X,49,2199.0,107751.0
2026-08-09,P204,CloudWeave Hoodie,Apparel,Region Y,19,2199.0,41781.0
2026-08-09,P204,CloudWeave Hoodie,Apparel,Region Z,16,2199.0,35184.0
2026-08-09,P301,ChefPro Blender,Home & Kitchen,Region X,19,5499.0,104481.0
2026-08-09,P301,ChefPro Blender,Home & Kitchen,Region Y,12,5499.0,65988.0
2026-08-09,P301,ChefPro Blender,Home & Kitchen,Region Z,8,5499.0,43992.0
2026-08-09,P302,AeroFry Air Cooker,Home & Kitchen,Region X,16,8999.0,143984.0
2026-08-09,P302,AeroFry Air Cooker,Home & Kitchen,Region Y,6,8999.0,53994.0
2026-08-09,P302,AeroFry Air Cooker,Home & Kitchen,Region Z,7,8999.0,62993.0
2026-08-09,P303,PureSip Bottle,Home & Kitchen,Region X,195,899.0,175305.0
2026-08-09,P303,PureSip Bottle,Home & Kitchen,Region Y,79,899.0,71021.0
2026-08-09,P303,PureSip Bottle,Home & Kitchen,Region Z,52,899.0,46748.0
2026-08-09,P304,LoomNest Bedsheet,Home & Kitchen,Region X,20,1799.0,35980.0
2026-08-09,P304,LoomNest Bedsheet,Home & Kitchen,Region Y,10,1799.0,17990.0
2026-08-09,P304,LoomNest Bedsheet,Home & Kitchen,Region Z,10,1799.0,17990.0
2026-08-09,P401,GlowLab Serum,Beauty,Region X,87,1299.0,113013.0
2026-08-09,P401,GlowLab Serum,Beauty,Region Y,39,1299.0,50661.0
2026-08-09,P401,GlowLab Serum,Beauty,Region Z,15,1299.0,19485.0
2026-08-09,P402,SilkTouch Shampoo,Beauty,Region X,191,449.0,85759.0
2026-08-09,P402,SilkTouch Shampoo,Beauty,Region Y,111,449.0,49839.0
2026-08-09,P402,SilkTouch Shampoo,Beauty,Region Z,85,449.0,38165.0
2026-08-09,P403,DewDrop Moisturizer,Beauty,Region X,141,799.0,112659.0
2026-08-09,P403,DewDrop Moisturizer,Beauty,Region Y,67,799.0,53533.0
2026-08-09,P403,DewDrop Moisturizer,Beauty,Region Z,40,799.0,31960.0
2026-08-10,P101,VoltX Pro 5G Phone,Electronics,Region X,69,24999.0,1724931.0
2026-08-10,P101,VoltX Pro 5G Phone,Electronics,Region Y,23,24999.0,574977.0
2026-08-10,P101,VoltX Pro 5G Phone,Electronics,Region Z,18,24999.0,449982.0
2026-08-10,P102,VoltX Lite 5G Phone,Electronics,Region X,31,14999.0,464969.0
2026-08-10,P102,VoltX Lite 5G Phone,Electronics,Region Y,28,14999.0,419972.0
2026-08-10,P102,VoltX Lite 5G Phone,Electronics,Region Z,19,14999.0,284981.0
2026-08-10,P103,SoundCore Buds,Electronics,Region X,86,2999.0,257914.0
2026-08-10,P103,SoundCore Buds,Electronics,Region Y,39,2999.0,116961.0
2026-08-10,P103,SoundCore Buds,Electronics,Region Z,21,2999.0,62979.0
2026-08-10,P104,NovaTab 11,Electronics,Region X,33,18999.0,626967.0
2026-08-10,P104,NovaTab 11,Electronics,Region Y,10,18999.0,189990.0
2026-08-10,P104,NovaTab 11,Electronics,Region Z,6,18999.0,113994.0
2026-08-10,P201,UrbanDen Jacket,Apparel,Region X,44,3499.0,153956.0
2026-08-10,P201,UrbanDen Jacket,Apparel,Region Y,21,3499.0,73479.0
2026-08-10,P201,UrbanDen Jacket,Apparel,Region Z,19,3499.0,66481.0
2026-08-10,P202,FlexiKnit Tee,Apparel,Region X,115,999.0,114885.0
2026-08-10,P202,FlexiKnit Tee,Apparel,Region Y,70,999.0,69930.0
2026-08-10,P202,FlexiKnit Tee,Apparel,Region Z,38,999.0,37962.0
2026-08-10,P203,TrailBlaze Sneakers,Apparel,Region X,38,4599.0,174762.0
2026-08-10,P203,TrailBlaze Sneakers,Apparel,Region Y,20,4599.0,91980.0
2026-08-10,P203,TrailBlaze Sneakers,Apparel,Region Z,11,4599.0,50589.0
2026-08-10,P204,CloudWeave Hoodie,Apparel,Region X,34,2199.0,74766.0
2026-08-10,P204,CloudWeave Hoodie,Apparel,Region Y,17,2199.0,37383.0
2026-08-10,P204,CloudWeave Hoodie,Apparel,Region Z,11,2199.0,24189.0
2026-08-10,P301,ChefPro Blender,Home & Kitchen,Region X,21,5499.0,115479.0
2026-08-10,P301,ChefPro Blender,Home & Kitchen,Region Y,8,5499.0,43992.0
2026-08-10,P301,ChefPro Blender,Home & Kitchen,Region Z,8,5499.0,43992.0
2026-08-10,P302,AeroFry Air Cooker,Home & Kitchen,Region X,13,8999.0,116987.0
2026-08-10,P302,AeroFry Air Cooker,Home & Kitchen,Region Y,8,8999.0,71992.0
2026-08-10,P302,AeroFry Air Cooker,Home & Kitchen,Region Z,2,8999.0,17998.0
2026-08-10,P303,PureSip Bottle,Home & Kitchen,Region X,169,899.0,151931.0
2026-08-10,P303,PureSip Bottle,Home & Kitchen,Region Y,81,899.0,72819.0
2026-08-10,P303,PureSip Bottle,Home & Kitchen,Region Z,49,899.0,44051.0
2026-08-10,P304,LoomNest Bedsheet,Home & Kitchen,Region X,24,1799.0,43176.0
2026-08-10,P304,LoomNest Bedsheet,Home & Kitchen,Region Y,20,1799.0,35980.0
2026-08-10,P304,LoomNest Bedsheet,Home & Kitchen,Region Z,5,1799.0,8995.0
2026-08-10,P401,GlowLab Serum,Beauty,Region X,48,1299.0,62352.0
2026-08-10,P401,GlowLab Serum,Beauty,Region Y,41,1299.0,53259.0
2026-08-10,P401,GlowLab Serum,Beauty,Region Z,21,1299.0,27279.0
2026-08-10,P402,SilkTouch Shampoo,Beauty,Region X,137,449.0,61513.0
2026-08-10,P402,SilkTouch Shampoo,Beauty,Region Y,84,449.0,37716.0
2026-08-10,P402,SilkTouch Shampoo,Beauty,Region Z,59,449.0,26491.0
2026-08-10,P403,DewDrop Moisturizer,Beauty,Region X,86,799.0,68714.0
2026-08-10,P403,DewDrop Moisturizer,Beauty,Region Y,70,799.0,55930.0
2026-08-10,P403,DewDrop Moisturizer,Beauty,Region Z,30,799.0,23970.0
2026-08-11,P101,VoltX Pro 5G Phone,Electronics,Region X,53,24999.0,1324947.0
2026-08-11,P101,VoltX Pro 5G Phone,Electronics,Region Y,28,24999.0,699972.0
2026-08-11,P101,VoltX Pro 5G Phone,Electronics,Region Z,12,24999.0,299988.0
2026-08-11,P102,VoltX Lite 5G Phone,Electronics,Region X,38,14999.0,569962.0
2026-08-11,P102,VoltX Lite 5G Phone,Electronics,Region Y,19,14999.0,284981.0
2026-08-11,P102,VoltX Lite 5G Phone,Electronics,Region Z,21,14999.0,314979.0
2026-08-11,P103,SoundCore Buds,Electronics,Region X,100,2999.0,299900.0
2026-08-11,P103,SoundCore Buds,Electronics,Region Y,48,2999.0,143952.0
2026-08-11,P103,SoundCore Buds,Electronics,Region Z,32,2999.0,95968.0
2026-08-11,P104,NovaTab 11,Electronics,Region X,19,18999.0,360981.0
2026-08-11,P104,NovaTab 11,Electronics,Region Y,7,18999.0,132993.0
2026-08-11,P104,NovaTab 11,Electronics,Region Z,12,18999.0,227988.0
2026-08-11,P201,UrbanDen Jacket,Apparel,Region X,42,3499.0,146958.0
2026-08-11,P201,UrbanDen Jacket,Apparel,Region Y,20,3499.0,69980.0
2026-08-11,P201,UrbanDen Jacket,Apparel,Region Z,12,3499.0,41988.0
2026-08-11,P202,FlexiKnit Tee,Apparel,Region X,113,999.0,112887.0
2026-08-11,P202,FlexiKnit Tee,Apparel,Region Y,56,999.0,55944.0
2026-08-11,P202,FlexiKnit Tee,Apparel,Region Z,37,999.0,36963.0
2026-08-11,P203,TrailBlaze Sneakers,Apparel,Region X,33,4599.0,151767.0
2026-08-11,P203,TrailBlaze Sneakers,Apparel,Region Y,14,4599.0,64386.0
2026-08-11,P203,TrailBlaze Sneakers,Apparel,Region Z,5,4599.0,22995.0
2026-08-11,P204,CloudWeave Hoodie,Apparel,Region X,38,2199.0,83562.0
2026-08-11,P204,CloudWeave Hoodie,Apparel,Region Y,19,2199.0,41781.0
2026-08-11,P204,CloudWeave Hoodie,Apparel,Region Z,10,2199.0,21990.0
2026-08-11,P301,ChefPro Blender,Home & Kitchen,Region X,17,5499.0,93483.0
2026-08-11,P301,ChefPro Blender,Home & Kitchen,Region Y,13,5499.0,71487.0
2026-08-11,P301,ChefPro Blender,Home & Kitchen,Region Z,6,5499.0,32994.0
2026-08-11,P302,AeroFry Air Cooker,Home & Kitchen,Region X,9,8999.0,80991.0
2026-08-11,P302,AeroFry Air Cooker,Home & Kitchen,Region Y,8,8999.0,71992.0
2026-08-11,P302,AeroFry Air Cooker,Home & Kitchen,Region Z,4,8999.0,35996.0
2026-08-11,P303,PureSip Bottle,Home & Kitchen,Region X,127,899.0,114173.0
2026-08-11,P303,PureSip Bottle,Home & Kitchen,Region Y,64,899.0,57536.0
2026-08-11,P303,PureSip Bottle,Home & Kitchen,Region Z,32,899.0,28768.0
2026-08-11,P304,LoomNest Bedsheet,Home & Kitchen,Region X,27,1799.0,48573.0
2026-08-11,P304,LoomNest Bedsheet,Home & Kitchen,Region Y,13,1799.0,23387.0
2026-08-11,P304,LoomNest Bedsheet,Home & Kitchen,Region Z,15,1799.0,26985.0
2026-08-11,P401,GlowLab Serum,Beauty,Region X,63,1299.0,81837.0
2026-08-11,P401,GlowLab Serum,Beauty,Region Y,44,1299.0,57156.0
2026-08-11,P401,GlowLab Serum,Beauty,Region Z,26,1299.0,33774.0
2026-08-11,P402,SilkTouch Shampoo,Beauty,Region X,190,449.0,85310.0
2026-08-11,P402,SilkTouch Shampoo,Beauty,Region Y,69,449.0,30981.0
2026-08-11,P402,SilkTouch Shampoo,Beauty,Region Z,50,449.0,22450.0
2026-08-11,P403,DewDrop Moisturizer,Beauty,Region X,120,799.0,95880.0
2026-08-11,P403,DewDrop Moisturizer,Beauty,Region Y,49,799.0,39151.0
2026-08-11,P403,DewDrop Moisturizer,Beauty,Region Z,33,799.0,26367.0
2026-08-12,P101,VoltX Pro 5G Phone,Electronics,Region X,66,24999.0,1649934.0
2026-08-12,P101,VoltX Pro 5G Phone,Electronics,Region Y,36,24999.0,899964.0
2026-08-12,P101,VoltX Pro 5G Phone,Electronics,Region Z,21,24999.0,524979.0
2026-08-12,P102,VoltX Lite 5G Phone,Electronics,Region X,46,14999.0,689954.0
2026-08-12,P102,VoltX Lite 5G Phone,Electronics,Region Y,25,14999.0,374975.0
2026-08-12,P102,VoltX Lite 5G Phone,Electronics,Region Z,12,14999.0,179988.0
2026-08-12,P103,SoundCore Buds,Electronics,Region X,84,2999.0,251916.0
2026-08-12,P103,SoundCore Buds,Electronics,Region Y,42,2999.0,125958.0
2026-08-12,P103,SoundCore Buds,Electronics,Region Z,36,2999.0,107964.0
2026-08-12,P104,NovaTab 11,Electronics,Region X,17,18999.0,322983.0
2026-08-12,P104,NovaTab 11,Electronics,Region Y,15,18999.0,284985.0
2026-08-12,P104,NovaTab 11,Electronics,Region Z,10,18999.0,189990.0
2026-08-12,P201,UrbanDen Jacket,Apparel,Region X,36,3499.0,125964.0
2026-08-12,P201,UrbanDen Jacket,Apparel,Region Y,13,3499.0,45487.0
2026-08-12,P201,UrbanDen Jacket,Apparel,Region Z,14,3499.0,48986.0
2026-08-12,P202,FlexiKnit Tee,Apparel,Region X,135,999.0,134865.0
2026-08-12,P202,FlexiKnit Tee,Apparel,Region Y,54,999.0,53946.0
2026-08-12,P202,FlexiKnit Tee,Apparel,Region Z,31,999.0,30969.0
2026-08-12,P203,TrailBlaze Sneakers,Apparel,Region X,20,4599.0,91980.0
2026-08-12,P203,TrailBlaze Sneakers,Apparel,Region Y,9,4599.0,41391.0
2026-08-12,P203,TrailBlaze Sneakers,Apparel,Region Z,6,4599.0,27594.0
2026-08-12,P204,CloudWeave Hoodie,Apparel,Region X,25,2199.0,54975.0
2026-08-12,P204,CloudWeave Hoodie,Apparel,Region Y,20,2199.0,43980.0
2026-08-12,P204,CloudWeave Hoodie,Apparel,Region Z,18,2199.0,39582.0
2026-08-12,P301,ChefPro Blender,Home & Kitchen,Region X,18,5499.0,98982.0
2026-08-12,P301,ChefPro Blender,Home & Kitchen,Region Y,9,5499.0,49491.0
2026-08-12,P301,ChefPro Blender,Home & Kitchen,Region Z,3,5499.0,16497.0
2026-08-12,P302,AeroFry Air Cooker,Home & Kitchen,Region X,11,8999.0,98989.0
2026-08-12,P302,AeroFry Air Cooker,Home & Kitchen,Region Y,11,8999.0,98989.0
2026-08-12,P302,AeroFry Air Cooker,Home & Kitchen,Region Z,3,8999.0,26997.0
2026-08-12,P303,PureSip Bottle,Home & Kitchen,Region X,133,899.0,119567.0
2026-08-12,P303,PureSip Bottle,Home & Kitchen,Region Y,68,899.0,61132.0
2026-08-12,P303,PureSip Bottle,Home & Kitchen,Region Z,39,899.0,35061.0
2026-08-12,P304,LoomNest Bedsheet,Home & Kitchen,Region X,30,1799.0,53970.0
2026-08-12,P304,LoomNest Bedsheet,Home & Kitchen,Region Y,16,1799.0,28784.0
2026-08-12,P304,LoomNest Bedsheet,Home & Kitchen,Region Z,13,1799.0,23387.0
2026-08-12,P401,GlowLab Serum,Beauty,Region X,93,1299.0,120807.0
2026-08-12,P401,GlowLab Serum,Beauty,Region Y,46,1299.0,59754.0
2026-08-12,P401,GlowLab Serum,Beauty,Region Z,28,1299.0,36372.0
2026-08-12,P402,SilkTouch Shampoo,Beauty,Region X,156,449.0,70044.0
2026-08-12,P402,SilkTouch Shampoo,Beauty,Region Y,99,449.0,44451.0
2026-08-12,P402,SilkTouch Shampoo,Beauty,Region Z,51,449.0,22899.0
2026-08-12,P403,DewDrop Moisturizer,Beauty,Region X,84,799.0,67116.0
2026-08-12,P403,DewDrop Moisturizer,Beauty,Region Y,61,799.0,48739.0
2026-08-12,P403,DewDrop Moisturizer,Beauty,Region Z,33,799.0,26367.0
2026-08-13,P101,VoltX Pro 5G Phone,Electronics,Region X,69,24999.0,1724931.0
2026-08-13,P101,VoltX Pro 5G Phone,Electronics,Region Y,24,24999.0,599976.0
2026-08-13,P101,VoltX Pro 5G Phone,Electronics,Region Z,15,24999.0,374985.0
2026-08-13,P102,VoltX Lite 5G Phone,Electronics,Region X,50,14999.0,749950.0
2026-08-13,P102,VoltX Lite 5G Phone,Electronics,Region Y,33,14999.0,494967.0
2026-08-13,P102,VoltX Lite 5G Phone,Electronics,Region Z,13,14999.0,194987.0
2026-08-13,P103,SoundCore Buds,Electronics,Region X,85,2999.0,254915.0
2026-08-13,P103,SoundCore Buds,Electronics,Region Y,51,2999.0,152949.0
2026-08-13,P103,SoundCore Buds,Electronics,Region Z,35,2999.0,104965.0
2026-08-13,P104,NovaTab 11,Electronics,Region X,14,18999.0,265986.0
2026-08-13,P104,NovaTab 11,Electronics,Region Y,13,18999.0,246987.0
2026-08-13,P104,NovaTab 11,Electronics,Region Z,7,18999.0,132993.0
2026-08-13,P201,UrbanDen Jacket,Apparel,Region X,42,3499.0,146958.0
2026-08-13,P201,UrbanDen Jacket,Apparel,Region Y,14,3499.0,48986.0
2026-08-13,P201,UrbanDen Jacket,Apparel,Region Z,17,3499.0,59483.0
2026-08-13,P202,FlexiKnit Tee,Apparel,Region X,119,999.0,118881.0
2026-08-13,P202,FlexiKnit Tee,Apparel,Region Y,75,999.0,74925.0
2026-08-13,P202,FlexiKnit Tee,Apparel,Region Z,35,999.0,34965.0
2026-08-13,P203,TrailBlaze Sneakers,Apparel,Region X,28,4599.0,128772.0
2026-08-13,P203,TrailBlaze Sneakers,Apparel,Region Y,16,4599.0,73584.0
2026-08-13,P203,TrailBlaze Sneakers,Apparel,Region Z,10,4599.0,45990.0
2026-08-13,P204,CloudWeave Hoodie,Apparel,Region X,46,2199.0,101154.0
2026-08-13,P204,CloudWeave Hoodie,Apparel,Region Y,22,2199.0,48378.0
2026-08-13,P204,CloudWeave Hoodie,Apparel,Region Z,16,2199.0,35184.0
2026-08-13,P301,ChefPro Blender,Home & Kitchen,Region X,22,5499.0,120978.0
2026-08-13,P301,ChefPro Blender,Home & Kitchen,Region Y,9,5499.0,49491.0
2026-08-13,P301,ChefPro Blender,Home & Kitchen,Region Z,4,5499.0,21996.0
2026-08-13,P302,AeroFry Air Cooker,Home & Kitchen,Region X,14,8999.0,125986.0
2026-08-13,P302,AeroFry Air Cooker,Home & Kitchen,Region Y,5,8999.0,44995.0
2026-08-13,P302,AeroFry Air Cooker,Home & Kitchen,Region Z,4,8999.0,35996.0
2026-08-13,P303,PureSip Bottle,Home & Kitchen,Region X,128,899.0,115072.0
2026-08-13,P303,PureSip Bottle,Home & Kitchen,Region Y,65,899.0,58435.0
2026-08-13,P303,PureSip Bottle,Home & Kitchen,Region Z,52,899.0,46748.0
2026-08-13,P304,LoomNest Bedsheet,Home & Kitchen,Region X,21,1799.0,37779.0
2026-08-13,P304,LoomNest Bedsheet,Home & Kitchen,Region Y,12,1799.0,21588.0
2026-08-13,P304,LoomNest Bedsheet,Home & Kitchen,Region Z,6,1799.0,10794.0
2026-08-13,P401,GlowLab Serum,Beauty,Region X,62,1299.0,80538.0
2026-08-13,P401,GlowLab Serum,Beauty,Region Y,45,1299.0,58455.0
2026-08-13,P401,GlowLab Serum,Beauty,Region Z,29,1299.0,37671.0
2026-08-13,P402,SilkTouch Shampoo,Beauty,Region X,182,449.0,81718.0
2026-08-13,P402,SilkTouch Shampoo,Beauty,Region Y,89,449.0,39961.0
2026-08-13,P402,SilkTouch Shampoo,Beauty,Region Z,54,449.0,24246.0
2026-08-13,P403,DewDrop Moisturizer,Beauty,Region X,108,799.0,86292.0
2026-08-13,P403,DewDrop Moisturizer,Beauty,Region Y,52,799.0,41548.0
2026-08-13,P403,DewDrop Moisturizer,Beauty,Region Z,31,799.0,24769.0
2026-08-14,P101,VoltX Pro 5G Phone,Electronics,Region X,77,24999.0,1924923.0
2026-08-14,P101,VoltX Pro 5G Phone,Electronics,Region Y,26,24999.0,649974.0
2026-08-14,P101,VoltX Pro 5G Phone,Electronics,Region Z,29,24999.0,724971.0
2026-08-14,P102,VoltX Lite 5G Phone,Electronics,Region X,46,14999.0,689954.0
2026-08-14,P102,VoltX Lite 5G Phone,Electronics,Region Y,25,14999.0,374975.0
2026-08-14,P102,VoltX Lite 5G Phone,Electronics,Region Z,12,14999.0,179988.0
2026-08-14,P103,SoundCore Buds,Electronics,Region X,94,2999.0,281906.0
2026-08-14,P103,SoundCore Buds,Electronics,Region Y,67,2999.0,200933.0
2026-08-14,P103,SoundCore Buds,Electronics,Region Z,35,2999.0,104965.0
2026-08-14,P104,NovaTab 11,Electronics,Region X,24,18999.0,455976.0
2026-08-14,P104,NovaTab 11,Electronics,Region Y,13,18999.0,246987.0
2026-08-14,P104,NovaTab 11,Electronics,Region Z,4,18999.0,75996.0
2026-08-14,P201,UrbanDen Jacket,Apparel,Region X,41,3499.0,143459.0
2026-08-14,P201,UrbanDen Jacket,Apparel,Region Y,20,3499.0,69980.0
2026-08-14,P201,UrbanDen Jacket,Apparel,Region Z,10,3499.0,34990.0
2026-08-14,P202,FlexiKnit Tee,Apparel,Region X,106,999.0,105894.0
2026-08-14,P202,FlexiKnit Tee,Apparel,Region Y,72,999.0,71928.0
2026-08-14,P202,FlexiKnit Tee,Apparel,Region Z,50,999.0,49950.0
2026-08-14,P203,TrailBlaze Sneakers,Apparel,Region X,29,4599.0,133371.0
2026-08-14,P203,TrailBlaze Sneakers,Apparel,Region Y,18,4599.0,82782.0
2026-08-14,P203,TrailBlaze Sneakers,Apparel,Region Z,9,4599.0,41391.0
2026-08-14,P204,CloudWeave Hoodie,Apparel,Region X,34,2199.0,74766.0
2026-08-14,P204,CloudWeave Hoodie,Apparel,Region Y,22,2199.0,48378.0
2026-08-14,P204,CloudWeave Hoodie,Apparel,Region Z,11,2199.0,24189.0
2026-08-14,P301,ChefPro Blender,Home & Kitchen,Region X,18,5499.0,98982.0
2026-08-14,P301,ChefPro Blender,Home & Kitchen,Region Y,13,5499.0,71487.0
2026-08-14,P301,ChefPro Blender,Home & Kitchen,Region Z,6,5499.0,32994.0
2026-08-14,P302,AeroFry Air Cooker,Home & Kitchen,Region X,9,8999.0,80991.0
2026-08-14,P302,AeroFry Air Cooker,Home & Kitchen,Region Y,7,8999.0,62993.0
2026-08-14,P302,AeroFry Air Cooker,Home & Kitchen,Region Z,5,8999.0,44995.0
2026-08-14,P303,PureSip Bottle,Home & Kitchen,Region X,154,899.0,138446.0
2026-08-14,P303,PureSip Bottle,Home & Kitchen,Region Y,91,899.0,81809.0
2026-08-14,P303,PureSip Bottle,Home & Kitchen,Region Z,50,899.0,44950.0
2026-08-14,P304,LoomNest Bedsheet,Home & Kitchen,Region X,34,1799.0,61166.0
2026-08-14,P304,LoomNest Bedsheet,Home & Kitchen,Region Y,12,1799.0,21588.0
2026-08-14,P304,LoomNest Bedsheet,Home & Kitchen,Region Z,4,1799.0,7196.0
2026-08-14,P401,GlowLab Serum,Beauty,Region X,52,1299.0,67548.0
2026-08-14,P401,GlowLab Serum,Beauty,Region Y,33,1299.0,42867.0
2026-08-14,P401,GlowLab Serum,Beauty,Region Z,17,1299.0,22083.0
2026-08-14,P402,SilkTouch Shampoo,Beauty,Region X,163,449.0,73187.0
2026-08-14,P402,SilkTouch Shampoo,Beauty,Region Y,74,449.0,33226.0
2026-08-14,P402,SilkTouch Shampoo,Beauty,Region Z,56,449.0,25144.0
2026-08-14,P403,DewDrop Moisturizer,Beauty,Region X,109,799.0,87091.0
2026-08-14,P403,DewDrop Moisturizer,Beauty,Region Y,49,799.0,39151.0
2026-08-14,P403,DewDrop Moisturizer,Beauty,Region Z,31,799.0,24769.0
2026-08-15,P101,VoltX Pro 5G Phone,Electronics,Region X,59,24999.0,1474941.0
2026-08-15,P101,VoltX Pro 5G Phone,Electronics,Region Y,28,24999.0,699972.0
2026-08-15,P101,VoltX Pro 5G Phone,Electronics,Region Z,22,24999.0,549978.0
2026-08-15,P102,VoltX Lite 5G Phone,Electronics,Region X,39,14999.0,584961.0
2026-08-15,P102,VoltX Lite 5G Phone,Electronics,Region Y,27,14999.0,404973.0
2026-08-15,P102,VoltX Lite 5G Phone,Electronics,Region Z,24,14999.0,359976.0
2026-08-15,P103,SoundCore Buds,Electronics,Region X,131,2999.0,392869.0
2026-08-15,P103,SoundCore Buds,Electronics,Region Y,66,2999.0,197934.0
2026-08-15,P103,SoundCore Buds,Electronics,Region Z,39,2999.0,116961.0
2026-08-15,P104,NovaTab 11,Electronics,Region X,31,18999.0,588969.0
2026-08-15,P104,NovaTab 11,Electronics,Region Y,18,18999.0,341982.0
2026-08-15,P104,NovaTab 11,Electronics,Region Z,9,18999.0,170991.0
2026-08-15,P201,UrbanDen Jacket,Apparel,Region X,58,3499.0,202942.0
2026-08-15,P201,UrbanDen Jacket,Apparel,Region Y,35,3499.0,122465.0
2026-08-15,P201,UrbanDen Jacket,Apparel,Region Z,14,3499.0,48986.0
2026-08-15,P202,FlexiKnit Tee,Apparel,Region X,142,999.0,141858.0
2026-08-15,P202,FlexiKnit Tee,Apparel,Region Y,90,999.0,89910.0
2026-08-15,P202,FlexiKnit Tee,Apparel,Region Z,40,999.0,39960.0
2026-08-15,P203,TrailBlaze Sneakers,Apparel,Region X,35,4599.0,160965.0
2026-08-15,P203,TrailBlaze Sneakers,Apparel,Region Y,18,4599.0,82782.0
2026-08-15,P203,TrailBlaze Sneakers,Apparel,Region Z,7,4599.0,32193.0
2026-08-15,P204,CloudWeave Hoodie,Apparel,Region X,45,2199.0,98955.0
2026-08-15,P204,CloudWeave Hoodie,Apparel,Region Y,21,2199.0,46179.0
2026-08-15,P204,CloudWeave Hoodie,Apparel,Region Z,16,2199.0,35184.0
2026-08-15,P301,ChefPro Blender,Home & Kitchen,Region X,14,5499.0,76986.0
2026-08-15,P301,ChefPro Blender,Home & Kitchen,Region Y,10,5499.0,54990.0
2026-08-15,P301,ChefPro Blender,Home & Kitchen,Region Z,5,5499.0,27495.0
2026-08-15,P302,AeroFry Air Cooker,Home & Kitchen,Region X,13,8999.0,116987.0
2026-08-15,P302,AeroFry Air Cooker,Home & Kitchen,Region Y,12,8999.0,107988.0
2026-08-15,P302,AeroFry Air Cooker,Home & Kitchen,Region Z,2,8999.0,17998.0
2026-08-15,P303,PureSip Bottle,Home & Kitchen,Region X,140,899.0,125860.0
2026-08-15,P303,PureSip Bottle,Home & Kitchen,Region Y,98,899.0,88102.0
2026-08-15,P303,PureSip Bottle,Home & Kitchen,Region Z,52,899.0,46748.0
2026-08-15,P304,LoomNest Bedsheet,Home & Kitchen,Region X,46,1799.0,82754.0
2026-08-15,P304,LoomNest Bedsheet,Home & Kitchen,Region Y,23,1799.0,41377.0
2026-08-15,P304,LoomNest Bedsheet,Home & Kitchen,Region Z,15,1799.0,26985.0
2026-08-15,P401,GlowLab Serum,Beauty,Region X,77,1299.0,100023.0
2026-08-15,P401,GlowLab Serum,Beauty,Region Y,50,1299.0,64950.0
2026-08-15,P401,GlowLab Serum,Beauty,Region Z,32,1299.0,41568.0
2026-08-15,P402,SilkTouch Shampoo,Beauty,Region X,185,449.0,83065.0
2026-08-15,P402,SilkTouch Shampoo,Beauty,Region Y,92,449.0,41308.0
2026-08-15,P402,SilkTouch Shampoo,Beauty,Region Z,76,449.0,34124.0
2026-08-15,P403,DewDrop Moisturizer,Beauty,Region X,135,799.0,107865.0
2026-08-15,P403,DewDrop Moisturizer,Beauty,Region Y,45,799.0,35955.0
2026-08-15,P403,DewDrop Moisturizer,Beauty,Region Z,43,799.0,34357.0
2026-08-16,P101,VoltX Pro 5G Phone,Electronics,Region X,59,24999.0,1474941.0
2026-08-16,P101,VoltX Pro 5G Phone,Electronics,Region Y,32,24999.0,799968.0
2026-08-16,P101,VoltX Pro 5G Phone,Electronics,Region Z,22,24999.0,549978.0
2026-08-16,P102,VoltX Lite 5G Phone,Electronics,Region X,45,14999.0,674955.0
2026-08-16,P102,VoltX Lite 5G Phone,Electronics,Region Y,32,14999.0,479968.0
2026-08-16,P102,VoltX Lite 5G Phone,Electronics,Region Z,14,14999.0,209986.0
2026-08-16,P103,SoundCore Buds,Electronics,Region X,83,2999.0,248917.0
2026-08-16,P103,SoundCore Buds,Electronics,Region Y,56,2999.0,167944.0
2026-08-16,P103,SoundCore Buds,Electronics,Region Z,32,2999.0,95968.0
2026-08-16,P104,NovaTab 11,Electronics,Region X,28,18999.0,531972.0
2026-08-16,P104,NovaTab 11,Electronics,Region Y,19,18999.0,360981.0
2026-08-16,P104,NovaTab 11,Electronics,Region Z,11,18999.0,208989.0
2026-08-16,P201,UrbanDen Jacket,Apparel,Region X,42,3499.0,146958.0
2026-08-16,P201,UrbanDen Jacket,Apparel,Region Y,20,3499.0,69980.0
2026-08-16,P201,UrbanDen Jacket,Apparel,Region Z,15,3499.0,52485.0
2026-08-16,P202,FlexiKnit Tee,Apparel,Region X,157,999.0,156843.0
2026-08-16,P202,FlexiKnit Tee,Apparel,Region Y,77,999.0,76923.0
2026-08-16,P202,FlexiKnit Tee,Apparel,Region Z,44,999.0,43956.0
2026-08-16,P203,TrailBlaze Sneakers,Apparel,Region X,19,4599.0,87381.0
2026-08-16,P203,TrailBlaze Sneakers,Apparel,Region Y,16,4599.0,73584.0
2026-08-16,P203,TrailBlaze Sneakers,Apparel,Region Z,11,4599.0,50589.0
2026-08-16,P204,CloudWeave Hoodie,Apparel,Region X,38,2199.0,83562.0
2026-08-16,P204,CloudWeave Hoodie,Apparel,Region Y,21,2199.0,46179.0
2026-08-16,P204,CloudWeave Hoodie,Apparel,Region Z,17,2199.0,37383.0
2026-08-16,P301,ChefPro Blender,Home & Kitchen,Region X,28,5499.0,153972.0
2026-08-16,P301,ChefPro Blender,Home & Kitchen,Region Y,8,5499.0,43992.0
2026-08-16,P301,ChefPro Blender,Home & Kitchen,Region Z,7,5499.0,38493.0
2026-08-16,P302,AeroFry Air Cooker,Home & Kitchen,Region X,10,8999.0,89990.0
2026-08-16,P302,AeroFry Air Cooker,Home & Kitchen,Region Y,10,8999.0,89990.0
2026-08-16,P302,AeroFry Air Cooker,Home & Kitchen,Region Z,2,8999.0,17998.0
2026-08-16,P303,PureSip Bottle,Home & Kitchen,Region X,155,899.0,139345.0
2026-08-16,P303,PureSip Bottle,Home & Kitchen,Region Y,78,899.0,70122.0
2026-08-16,P303,PureSip Bottle,Home & Kitchen,Region Z,67,899.0,60233.0
2026-08-16,P304,LoomNest Bedsheet,Home & Kitchen,Region X,32,1799.0,57568.0
2026-08-16,P304,LoomNest Bedsheet,Home & Kitchen,Region Y,23,1799.0,41377.0
2026-08-16,P304,LoomNest Bedsheet,Home & Kitchen,Region Z,12,1799.0,21588.0
2026-08-16,P401,GlowLab Serum,Beauty,Region X,67,1299.0,87033.0
2026-08-16,P401,GlowLab Serum,Beauty,Region Y,52,1299.0,67548.0
2026-08-16,P401,GlowLab Serum,Beauty,Region Z,27,1299.0,35073.0
2026-08-16,P402,SilkTouch Shampoo,Beauty,Region X,156,449.0,70044.0
2026-08-16,P402,SilkTouch Shampoo,Beauty,Region Y,115,449.0,51635.0
2026-08-16,P402,SilkTouch Shampoo,Beauty,Region Z,66,449.0,29634.0
2026-08-16,P403,DewDrop Moisturizer,Beauty,Region X,110,799.0,87890.0
2026-08-16,P403,DewDrop Moisturizer,Beauty,Region Y,59,799.0,47141.0
2026-08-16,P403,DewDrop Moisturizer,Beauty,Region Z,52,799.0,41548.0
2026-08-17,P101,VoltX Pro 5G Phone,Electronics,Region X,58,24999.0,1449942.0
2026-08-17,P101,VoltX Pro 5G Phone,Electronics,Region Y,51,24999.0,1274949.0
2026-08-17,P101,VoltX Pro 5G Phone,Electronics,Region Z,20,24999.0,499980.0
2026-08-17,P102,VoltX Lite 5G Phone,Electronics,Region X,49,14999.0,734951.0
2026-08-17,P102,VoltX Lite 5G Phone,Electronics,Region Y,25,14999.0,374975.0
2026-08-17,P102,VoltX Lite 5G Phone,Electronics,Region Z,20,14999.0,299980.0
2026-08-17,P103,SoundCore Buds,Electronics,Region X,96,2999.0,287904.0
2026-08-17,P103,SoundCore Buds,Electronics,Region Y,95,2999.0,284905.0
2026-08-17,P103,SoundCore Buds,Electronics,Region Z,23,2999.0,68977.0
2026-08-17,P104,NovaTab 11,Electronics,Region X,23,18999.0,436977.0
2026-08-17,P104,NovaTab 11,Electronics,Region Y,16,18999.0,303984.0
2026-08-17,P104,NovaTab 11,Electronics,Region Z,8,18999.0,151992.0
2026-08-17,P201,UrbanDen Jacket,Apparel,Region X,42,3499.0,146958.0
2026-08-17,P201,UrbanDen Jacket,Apparel,Region Y,22,3499.0,76978.0
2026-08-17,P201,UrbanDen Jacket,Apparel,Region Z,14,3499.0,48986.0
2026-08-17,P202,FlexiKnit Tee,Apparel,Region X,93,999.0,92907.0
2026-08-17,P202,FlexiKnit Tee,Apparel,Region Y,52,999.0,51948.0
2026-08-17,P202,FlexiKnit Tee,Apparel,Region Z,43,999.0,42957.0
2026-08-17,P203,TrailBlaze Sneakers,Apparel,Region X,24,4599.0,110376.0
2026-08-17,P203,TrailBlaze Sneakers,Apparel,Region Y,8,4599.0,36792.0
2026-08-17,P203,TrailBlaze Sneakers,Apparel,Region Z,9,4599.0,41391.0
2026-08-17,P204,CloudWeave Hoodie,Apparel,Region X,36,2199.0,79164.0
2026-08-17,P204,CloudWeave Hoodie,Apparel,Region Y,19,2199.0,41781.0
2026-08-17,P204,CloudWeave Hoodie,Apparel,Region Z,11,2199.0,24189.0
2026-08-17,P301,ChefPro Blender,Home & Kitchen,Region X,22,5499.0,120978.0
2026-08-17,P301,ChefPro Blender,Home & Kitchen,Region Y,5,5499.0,27495.0
2026-08-17,P301,ChefPro Blender,Home & Kitchen,Region Z,6,5499.0,32994.0
2026-08-17,P302,AeroFry Air Cooker,Home & Kitchen,Region X,10,8999.0,89990.0
2026-08-17,P302,AeroFry Air Cooker,Home & Kitchen,Region Y,8,8999.0,71992.0
2026-08-17,P302,AeroFry Air Cooker,Home & Kitchen,Region Z,8,8999.0,71992.0
2026-08-17,P303,PureSip Bottle,Home & Kitchen,Region X,146,899.0,131254.0
2026-08-17,P303,PureSip Bottle,Home & Kitchen,Region Y,98,899.0,88102.0
2026-08-17,P303,PureSip Bottle,Home & Kitchen,Region Z,50,899.0,44950.0
2026-08-17,P304,LoomNest Bedsheet,Home & Kitchen,Region X,21,1799.0,37779.0
2026-08-17,P304,LoomNest Bedsheet,Home & Kitchen,Region Y,12,1799.0,21588.0
2026-08-17,P304,LoomNest Bedsheet,Home & Kitchen,Region Z,12,1799.0,21588.0
2026-08-17,P401,GlowLab Serum,Beauty,Region X,69,1299.0,89631.0
2026-08-17,P401,GlowLab Serum,Beauty,Region Y,41,1299.0,53259.0
2026-08-17,P401,GlowLab Serum,Beauty,Region Z,23,1299.0,29877.0
2026-08-17,P402,SilkTouch Shampoo,Beauty,Region X,153,449.0,68697.0
2026-08-17,P402,SilkTouch Shampoo,Beauty,Region Y,70,449.0,31430.0
2026-08-17,P402,SilkTouch Shampoo,Beauty,Region Z,44,449.0,19756.0
2026-08-17,P403,DewDrop Moisturizer,Beauty,Region X,76,799.0,60724.0
2026-08-17,P403,DewDrop Moisturizer,Beauty,Region Y,51,799.0,40749.0
2026-08-17,P403,DewDrop Moisturizer,Beauty,Region Z,36,799.0,28764.0
2026-08-18,P101,VoltX Pro 5G Phone,Electronics,Region X,59,24999.0,1474941.0
2026-08-18,P101,VoltX Pro 5G Phone,Electronics,Region Y,65,24999.0,1624935.0
2026-08-18,P101,VoltX Pro 5G Phone,Electronics,Region Z,29,24999.0,724971.0
2026-08-18,P102,VoltX Lite 5G Phone,Electronics,Region X,42,14999.0,629958.0
2026-08-18,P102,VoltX Lite 5G Phone,Electronics,Region Y,22,14999.0,329978.0
2026-08-18,P102,VoltX Lite 5G Phone,Electronics,Region Z,19,14999.0,284981.0
2026-08-18,P103,SoundCore Buds,Electronics,Region X,89,2999.0,266911.0
2026-08-18,P103,SoundCore Buds,Electronics,Region Y,82,2999.0,245918.0
2026-08-18,P103,SoundCore Buds,Electronics,Region Z,22,2999.0,65978.0
2026-08-18,P104,NovaTab 11,Electronics,Region X,26,18999.0,493974.0
2026-08-18,P104,NovaTab 11,Electronics,Region Y,12,18999.0,227988.0
2026-08-18,P104,NovaTab 11,Electronics,Region Z,6,18999.0,113994.0
2026-08-18,P201,UrbanDen Jacket,Apparel,Region X,35,3499.0,122465.0
2026-08-18,P201,UrbanDen Jacket,Apparel,Region Y,27,3499.0,94473.0
2026-08-18,P201,UrbanDen Jacket,Apparel,Region Z,5,3499.0,17495.0
2026-08-18,P202,FlexiKnit Tee,Apparel,Region X,120,999.0,119880.0
2026-08-18,P202,FlexiKnit Tee,Apparel,Region Y,66,999.0,65934.0
2026-08-18,P202,FlexiKnit Tee,Apparel,Region Z,8,999.0,7992.0
2026-08-18,P203,TrailBlaze Sneakers,Apparel,Region X,27,4599.0,124173.0
2026-08-18,P203,TrailBlaze Sneakers,Apparel,Region Y,15,4599.0,68985.0
2026-08-18,P203,TrailBlaze Sneakers,Apparel,Region Z,3,4599.0,13797.0
2026-08-18,P204,CloudWeave Hoodie,Apparel,Region X,33,2199.0,72567.0
2026-08-18,P204,CloudWeave Hoodie,Apparel,Region Y,13,2199.0,28587.0
2026-08-18,P204,CloudWeave Hoodie,Apparel,Region Z,5,2199.0,10995.0
2026-08-18,P301,ChefPro Blender,Home & Kitchen,Region X,18,5499.0,98982.0
2026-08-18,P301,ChefPro Blender,Home & Kitchen,Region Y,12,5499.0,65988.0
2026-08-18,P301,ChefPro Blender,Home & Kitchen,Region Z,7,5499.0,38493.0
2026-08-18,P302,AeroFry Air Cooker,Home & Kitchen,Region X,14,8999.0,125986.0
2026-08-18,P302,AeroFry Air Cooker,Home & Kitchen,Region Y,5,8999.0,44995.0
2026-08-18,P302,AeroFry Air Cooker,Home & Kitchen,Region Z,4,8999.0,35996.0
2026-08-18,P303,PureSip Bottle,Home & Kitchen,Region X,115,899.0,103385.0
2026-08-18,P303,PureSip Bottle,Home & Kitchen,Region Y,99,899.0,89001.0
2026-08-18,P303,PureSip Bottle,Home & Kitchen,Region Z,53,899.0,47647.0
2026-08-18,P304,LoomNest Bedsheet,Home & Kitchen,Region X,29,1799.0,52171.0
2026-08-18,P304,LoomNest Bedsheet,Home & Kitchen,Region Y,10,1799.0,17990.0
2026-08-18,P304,LoomNest Bedsheet,Home & Kitchen,Region Z,7,1799.0,12593.0
2026-08-18,P401,GlowLab Serum,Beauty,Region X,60,1299.0,77940.0
2026-08-18,P401,GlowLab Serum,Beauty,Region Y,31,1299.0,40269.0
2026-08-18,P401,GlowLab Serum,Beauty,Region Z,30,1299.0,38970.0
2026-08-18,P402,SilkTouch Shampoo,Beauty,Region X,162,449.0,72738.0
2026-08-18,P402,SilkTouch Shampoo,Beauty,Region Y,91,449.0,40859.0
2026-08-18,P402,SilkTouch Shampoo,Beauty,Region Z,74,449.0,33226.0
2026-08-18,P403,DewDrop Moisturizer,Beauty,Region X,99,799.0,79101.0
2026-08-18,P403,DewDrop Moisturizer,Beauty,Region Y,58,799.0,46342.0
2026-08-18,P403,DewDrop Moisturizer,Beauty,Region Z,44,799.0,35156.0
2026-08-19,P101,VoltX Pro 5G Phone,Electronics,Region X,0,24999.0,0.0
2026-08-19,P101,VoltX Pro 5G Phone,Electronics,Region Y,50,24999.0,1249950.0
2026-08-19,P101,VoltX Pro 5G Phone,Electronics,Region Z,18,24999.0,449982.0
2026-08-19,P102,VoltX Lite 5G Phone,Electronics,Region X,35,14999.0,524965.0
2026-08-19,P102,VoltX Lite 5G Phone,Electronics,Region Y,0,14999.0,0.0
2026-08-19,P102,VoltX Lite 5G Phone,Electronics,Region Z,6,14999.0,89994.0
2026-08-19,P103,SoundCore Buds,Electronics,Region X,77,2999.0,230923.0
2026-08-19,P103,SoundCore Buds,Electronics,Region Y,61,2999.0,182939.0
2026-08-19,P103,SoundCore Buds,Electronics,Region Z,30,2999.0,89970.0
2026-08-19,P104,NovaTab 11,Electronics,Region X,15,18999.0,284985.0
2026-08-19,P104,NovaTab 11,Electronics,Region Y,28,18999.0,531972.0
2026-08-19,P104,NovaTab 11,Electronics,Region Z,8,18999.0,151992.0
2026-08-19,P201,UrbanDen Jacket,Apparel,Region X,34,3499.0,118966.0
2026-08-19,P201,UrbanDen Jacket,Apparel,Region Y,13,3499.0,45487.0
2026-08-19,P201,UrbanDen Jacket,Apparel,Region Z,5,3499.0,17495.0
2026-08-19,P202,FlexiKnit Tee,Apparel,Region X,140,999.0,139860.0
2026-08-19,P202,FlexiKnit Tee,Apparel,Region Y,69,999.0,68931.0
2026-08-19,P202,FlexiKnit Tee,Apparel,Region Z,14,999.0,13986.0
2026-08-19,P203,TrailBlaze Sneakers,Apparel,Region X,39,4599.0,179361.0
2026-08-19,P203,TrailBlaze Sneakers,Apparel,Region Y,21,4599.0,96579.0
2026-08-19,P203,TrailBlaze Sneakers,Apparel,Region Z,2,4599.0,9198.0
2026-08-19,P204,CloudWeave Hoodie,Apparel,Region X,31,2199.0,68169.0
2026-08-19,P204,CloudWeave Hoodie,Apparel,Region Y,11,2199.0,24189.0
2026-08-19,P204,CloudWeave Hoodie,Apparel,Region Z,5,2199.0,10995.0
2026-08-19,P301,ChefPro Blender,Home & Kitchen,Region X,19,5499.0,104481.0
2026-08-19,P301,ChefPro Blender,Home & Kitchen,Region Y,10,5499.0,54990.0
2026-08-19,P301,ChefPro Blender,Home & Kitchen,Region Z,8,5499.0,43992.0
2026-08-19,P302,AeroFry Air Cooker,Home & Kitchen,Region X,14,8999.0,125986.0
2026-08-19,P302,AeroFry Air Cooker,Home & Kitchen,Region Y,10,8999.0,89990.0
2026-08-19,P302,AeroFry Air Cooker,Home & Kitchen,Region Z,0,8999.0,0.0
2026-08-19,P303,PureSip Bottle,Home & Kitchen,Region X,133,899.0,119567.0
2026-08-19,P303,PureSip Bottle,Home & Kitchen,Region Y,96,899.0,86304.0
2026-08-19,P303,PureSip Bottle,Home & Kitchen,Region Z,55,899.0,49445.0
2026-08-19,P304,LoomNest Bedsheet,Home & Kitchen,Region X,29,1799.0,52171.0
2026-08-19,P304,LoomNest Bedsheet,Home & Kitchen,Region Y,14,1799.0,25186.0
2026-08-19,P304,LoomNest Bedsheet,Home & Kitchen,Region Z,5,1799.0,8995.0
2026-08-19,P401,GlowLab Serum,Beauty,Region X,63,1299.0,81837.0
2026-08-19,P401,GlowLab Serum,Beauty,Region Y,35,1299.0,45465.0
2026-08-19,P401,GlowLab Serum,Beauty,Region Z,27,1299.0,35073.0
2026-08-19,P402,SilkTouch Shampoo,Beauty,Region X,179,449.0,80371.0
2026-08-19,P402,SilkTouch Shampoo,Beauty,Region Y,115,449.0,51635.0
2026-08-19,P402,SilkTouch Shampoo,Beauty,Region Z,54,449.0,24246.0
2026-08-19,P403,DewDrop Moisturizer,Beauty,Region X,90,799.0,71910.0
2026-08-19,P403,DewDrop Moisturizer,Beauty,Region Y,42,799.0,33558.0
2026-08-19,P403,DewDrop Moisturizer,Beauty,Region Z,29,799.0,23171.0
2026-08-19,P501,PulseFit Band,Wearables,Region Z,220,3999.0,879780.0
2026-08-20,P101,VoltX Pro 5G Phone,Electronics,Region X,0,24999.0,0.0
2026-08-20,P101,VoltX Pro 5G Phone,Electronics,Region Y,35,24999.0,874965.0
2026-08-20,P101,VoltX Pro 5G Phone,Electronics,Region Z,21,24999.0,524979.0
2026-08-20,P102,VoltX Lite 5G Phone,Electronics,Region X,44,14999.0,659956.0
2026-08-20,P102,VoltX Lite 5G Phone,Electronics,Region Y,0,14999.0,0.0
2026-08-20,P102,VoltX Lite 5G Phone,Electronics,Region Z,10,14999.0,149990.0
2026-08-20,P103,SoundCore Buds,Electronics,Region X,90,2999.0,269910.0
2026-08-20,P103,SoundCore Buds,Electronics,Region Y,53,2999.0,158947.0
2026-08-20,P103,SoundCore Buds,Electronics,Region Z,40,2999.0,119960.0
2026-08-20,P104,NovaTab 11,Electronics,Region X,17,18999.0,322983.0
2026-08-20,P104,NovaTab 11,Electronics,Region Y,18,18999.0,341982.0
2026-08-20,P104,NovaTab 11,Electronics,Region Z,9,18999.0,170991.0
2026-08-20,P201,UrbanDen Jacket,Apparel,Region X,53,3499.0,185447.0
2026-08-20,P201,UrbanDen Jacket,Apparel,Region Y,18,3499.0,62982.0
2026-08-20,P201,UrbanDen Jacket,Apparel,Region Z,4,3499.0,13996.0
2026-08-20,P202,FlexiKnit Tee,Apparel,Region X,105,999.0,104895.0
2026-08-20,P202,FlexiKnit Tee,Apparel,Region Y,61,999.0,60939.0
2026-08-20,P202,FlexiKnit Tee,Apparel,Region Z,15,999.0,14985.0
2026-08-20,P203,TrailBlaze Sneakers,Apparel,Region X,33,4599.0,151767.0
2026-08-20,P203,TrailBlaze Sneakers,Apparel,Region Y,13,4599.0,59787.0
2026-08-20,P203,TrailBlaze Sneakers,Apparel,Region Z,3,4599.0,13797.0
2026-08-20,P204,CloudWeave Hoodie,Apparel,Region X,31,2199.0,68169.0
2026-08-20,P204,CloudWeave Hoodie,Apparel,Region Y,23,2199.0,50577.0
2026-08-20,P204,CloudWeave Hoodie,Apparel,Region Z,3,2199.0,6597.0
2026-08-20,P301,ChefPro Blender,Home & Kitchen,Region X,16,5499.0,87984.0
2026-08-20,P301,ChefPro Blender,Home & Kitchen,Region Y,10,5499.0,54990.0
2026-08-20,P301,ChefPro Blender,Home & Kitchen,Region Z,5,5499.0,27495.0
2026-08-20,P302,AeroFry Air Cooker,Home & Kitchen,Region X,12,8999.0,107988.0
2026-08-20,P302,AeroFry Air Cooker,Home & Kitchen,Region Y,10,8999.0,89990.0
2026-08-20,P302,AeroFry Air Cooker,Home & Kitchen,Region Z,0,8999.0,0.0
2026-08-20,P303,PureSip Bottle,Home & Kitchen,Region X,165,899.0,148335.0
2026-08-20,P303,PureSip Bottle,Home & Kitchen,Region Y,69,899.0,62031.0
2026-08-20,P303,PureSip Bottle,Home & Kitchen,Region Z,68,899.0,61132.0
2026-08-20,P304,LoomNest Bedsheet,Home & Kitchen,Region X,28,1799.0,50372.0
2026-08-20,P304,LoomNest Bedsheet,Home & Kitchen,Region Y,12,1799.0,21588.0
2026-08-20,P304,LoomNest Bedsheet,Home & Kitchen,Region Z,9,1799.0,16191.0
2026-08-20,P401,GlowLab Serum,Beauty,Region X,60,1299.0,77940.0
2026-08-20,P401,GlowLab Serum,Beauty,Region Y,37,1299.0,48063.0
2026-08-20,P401,GlowLab Serum,Beauty,Region Z,31,1299.0,40269.0
2026-08-20,P402,SilkTouch Shampoo,Beauty,Region X,179,449.0,80371.0
2026-08-20,P402,SilkTouch Shampoo,Beauty,Region Y,81,449.0,36369.0
2026-08-20,P402,SilkTouch Shampoo,Beauty,Region Z,54,449.0,24246.0
2026-08-20,P403,DewDrop Moisturizer,Beauty,Region X,99,799.0,79101.0
2026-08-20,P403,DewDrop Moisturizer,Beauty,Region Y,50,799.0,39950.0
2026-08-20,P403,DewDrop Moisturizer,Beauty,Region Z,29,799.0,23171.0
2026-08-20,P501,PulseFit Band,Wearables,Region Z,35,3999.0,139965.0
2026-08-21,P101,VoltX Pro 5G Phone,Electronics,Region X,0,24999.0,0.0
2026-08-21,P101,VoltX Pro 5G Phone,Electronics,Region Y,49,24999.0,1224951.0
2026-08-21,P101,VoltX Pro 5G Phone,Electronics,Region Z,20,24999.0,499980.0
2026-08-21,P102,VoltX Lite 5G Phone,Electronics,Region X,64,14999.0,959936.0
2026-08-21,P102,VoltX Lite 5G Phone,Electronics,Region Y,0,14999.0,0.0
2026-08-21,P102,VoltX Lite 5G Phone,Electronics,Region Z,20,14999.0,299980.0
2026-08-21,P103,SoundCore Buds,Electronics,Region X,92,2999.0,275908.0
2026-08-21,P103,SoundCore Buds,Electronics,Region Y,78,2999.0,233922.0
2026-08-21,P103,SoundCore Buds,Electronics,Region Z,35,2999.0,104965.0
2026-08-21,P104,NovaTab 11,Electronics,Region X,25,18999.0,474975.0
2026-08-21,P104,NovaTab 11,Electronics,Region Y,19,18999.0,360981.0
2026-08-21,P104,NovaTab 11,Electronics,Region Z,7,18999.0,132993.0
2026-08-21,P201,UrbanDen Jacket,Apparel,Region X,43,3499.0,150457.0
2026-08-21,P201,UrbanDen Jacket,Apparel,Region Y,24,3499.0,83976.0
2026-08-21,P201,UrbanDen Jacket,Apparel,Region Z,5,3499.0,17495.0
2026-08-21,P202,FlexiKnit Tee,Apparel,Region X,96,999.0,95904.0
2026-08-21,P202,FlexiKnit Tee,Apparel,Region Y,58,999.0,57942.0
2026-08-21,P202,FlexiKnit Tee,Apparel,Region Z,11,999.0,10989.0
2026-08-21,P203,TrailBlaze Sneakers,Apparel,Region X,23,4599.0,105777.0
2026-08-21,P203,TrailBlaze Sneakers,Apparel,Region Y,14,4599.0,64386.0
2026-08-21,P203,TrailBlaze Sneakers,Apparel,Region Z,3,4599.0,13797.0
2026-08-21,P204,CloudWeave Hoodie,Apparel,Region X,39,2199.0,85761.0
2026-08-21,P204,CloudWeave Hoodie,Apparel,Region Y,25,2199.0,54975.0
2026-08-21,P204,CloudWeave Hoodie,Apparel,Region Z,8,2199.0,17592.0
2026-08-21,P301,ChefPro Blender,Home & Kitchen,Region X,22,5499.0,120978.0
2026-08-21,P301,ChefPro Blender,Home & Kitchen,Region Y,12,5499.0,65988.0
2026-08-21,P301,ChefPro Blender,Home & Kitchen,Region Z,10,5499.0,54990.0
2026-08-21,P302,AeroFry Air Cooker,Home & Kitchen,Region X,12,8999.0,107988.0
2026-08-21,P302,AeroFry Air Cooker,Home & Kitchen,Region Y,7,8999.0,62993.0
2026-08-21,P302,AeroFry Air Cooker,Home & Kitchen,Region Z,3,8999.0,26997.0
2026-08-21,P303,PureSip Bottle,Home & Kitchen,Region X,147,899.0,132153.0
2026-08-21,P303,PureSip Bottle,Home & Kitchen,Region Y,77,899.0,69223.0
2026-08-21,P303,PureSip Bottle,Home & Kitchen,Region Z,44,899.0,39556.0
2026-08-21,P304,LoomNest Bedsheet,Home & Kitchen,Region X,10,1799.0,17990.0
2026-08-21,P304,LoomNest Bedsheet,Home & Kitchen,Region Y,13,1799.0,23387.0
2026-08-21,P304,LoomNest Bedsheet,Home & Kitchen,Region Z,5,1799.0,8995.0
2026-08-21,P401,GlowLab Serum,Beauty,Region X,77,1299.0,100023.0
2026-08-21,P401,GlowLab Serum,Beauty,Region Y,39,1299.0,50661.0
2026-08-21,P401,GlowLab Serum,Beauty,Region Z,37,1299.0,48063.0
2026-08-21,P402,SilkTouch Shampoo,Beauty,Region X,185,449.0,83065.0
2026-08-21,P402,SilkTouch Shampoo,Beauty,Region Y,74,449.0,33226.0
2026-08-21,P402,SilkTouch Shampoo,Beauty,Region Z,43,449.0,19307.0
2026-08-21,P403,DewDrop Moisturizer,Beauty,Region X,101,799.0,80699.0
2026-08-21,P403,DewDrop Moisturizer,Beauty,Region Y,44,799.0,35156.0
2026-08-21,P403,DewDrop Moisturizer,Beauty,Region Z,32,799.0,25568.0
2026-08-21,P501,PulseFit Band,Wearables,Region Z,140,3999.0,559860.0
2026-08-22,P101,VoltX Pro 5G Phone,Electronics,Region X,78,24999.0,1949922.0
2026-08-22,P101,VoltX Pro 5G Phone,Electronics,Region Y,64,24999.0,1599936.0
2026-08-22,P101,VoltX Pro 5G Phone,Electronics,Region Z,34,24999.0,849966.0
2026-08-22,P102,VoltX Lite 5G Phone,Electronics,Region X,69,14999.0,1034931.0
2026-08-22,P102,VoltX Lite 5G Phone,Electronics,Region Y,44,14999.0,659956.0
2026-08-22,P102,VoltX Lite 5G Phone,Electronics,Region Z,20,14999.0,299980.0
2026-08-22,P103,SoundCore Buds,Electronics,Region X,116,2999.0,347884.0
2026-08-22,P103,SoundCore Buds,Electronics,Region Y,85,2999.0,254915.0
2026-08-22,P103,SoundCore Buds,Electronics,Region Z,44,2999.0,131956.0
2026-08-22,P104,NovaTab 11,Electronics,Region X,30,18999.0,569970.0
2026-08-22,P104,NovaTab 11,Electronics,Region Y,30,18999.0,569970.0
2026-08-22,P104,NovaTab 11,Electronics,Region Z,11,18999.0,208989.0
2026-08-22,P201,UrbanDen Jacket,Apparel,Region X,43,3499.0,150457.0
2026-08-22,P201,UrbanDen Jacket,Apparel,Region Y,30,3499.0,104970.0
2026-08-22,P201,UrbanDen Jacket,Apparel,Region Z,19,3499.0,66481.0
2026-08-22,P202,FlexiKnit Tee,Apparel,Region X,135,999.0,134865.0
2026-08-22,P202,FlexiKnit Tee,Apparel,Region Y,89,999.0,88911.0
2026-08-22,P202,FlexiKnit Tee,Apparel,Region Z,48,999.0,47952.0
2026-08-22,P203,TrailBlaze Sneakers,Apparel,Region X,39,4599.0,179361.0
2026-08-22,P203,TrailBlaze Sneakers,Apparel,Region Y,27,4599.0,124173.0
2026-08-22,P203,TrailBlaze Sneakers,Apparel,Region Z,15,4599.0,68985.0
2026-08-22,P204,CloudWeave Hoodie,Apparel,Region X,37,2199.0,81363.0
2026-08-22,P204,CloudWeave Hoodie,Apparel,Region Y,33,2199.0,72567.0
2026-08-22,P204,CloudWeave Hoodie,Apparel,Region Z,15,2199.0,32985.0
2026-08-22,P301,ChefPro Blender,Home & Kitchen,Region X,18,5499.0,98982.0
2026-08-22,P301,ChefPro Blender,Home & Kitchen,Region Y,13,5499.0,71487.0
2026-08-22,P301,ChefPro Blender,Home & Kitchen,Region Z,10,5499.0,54990.0
2026-08-22,P302,AeroFry Air Cooker,Home & Kitchen,Region X,20,8999.0,179980.0
2026-08-22,P302,AeroFry Air Cooker,Home & Kitchen,Region Y,8,8999.0,71992.0
2026-08-22,P302,AeroFry Air Cooker,Home & Kitchen,Region Z,10,8999.0,89990.0
2026-08-22,P303,PureSip Bottle,Home & Kitchen,Region X,204,899.0,183396.0
2026-08-22,P303,PureSip Bottle,Home & Kitchen,Region Y,76,899.0,68324.0
2026-08-22,P303,PureSip Bottle,Home & Kitchen,Region Z,57,899.0,51243.0
2026-08-22,P304,LoomNest Bedsheet,Home & Kitchen,Region X,25,1799.0,44975.0
2026-08-22,P304,LoomNest Bedsheet,Home & Kitchen,Region Y,24,1799.0,43176.0
2026-08-22,P304,LoomNest Bedsheet,Home & Kitchen,Region Z,16,1799.0,28784.0
2026-08-22,P401,GlowLab Serum,Beauty,Region X,109,1299.0,141591.0
2026-08-22,P401,GlowLab Serum,Beauty,Region Y,35,1299.0,45465.0
2026-08-22,P401,GlowLab Serum,Beauty,Region Z,27,1299.0,35073.0
2026-08-22,P402,SilkTouch Shampoo,Beauty,Region X,204,449.0,91596.0
2026-08-22,P402,SilkTouch Shampoo,Beauty,Region Y,100,449.0,44900.0
2026-08-22,P402,SilkTouch Shampoo,Beauty,Region Z,65,449.0,29185.0
2026-08-22,P403,DewDrop Moisturizer,Beauty,Region X,108,799.0,86292.0
2026-08-22,P403,DewDrop Moisturizer,Beauty,Region Y,66,799.0,52734.0
2026-08-22,P403,DewDrop Moisturizer,Beauty,Region Z,62,799.0,49538.0
2026-08-22,P501,PulseFit Band,Wearables,Region Z,15,3999.0,59985.0
2026-08-23,P101,VoltX Pro 5G Phone,Electronics,Region X,69,24999.0,1724931.0
2026-08-23,P101,VoltX Pro 5G Phone,Electronics,Region Y,49,24999.0,1224951.0
2026-08-23,P101,VoltX Pro 5G Phone,Electronics,Region Z,27,24999.0,674973.0
2026-08-23,P102,VoltX Lite 5G Phone,Electronics,Region X,63,14999.0,944937.0
2026-08-23,P102,VoltX Lite 5G Phone,Electronics,Region Y,39,14999.0,584961.0
2026-08-23,P102,VoltX Lite 5G Phone,Electronics,Region Z,20,14999.0,299980.0
2026-08-23,P103,SoundCore Buds,Electronics,Region X,110,2999.0,329890.0
2026-08-23,P103,SoundCore Buds,Electronics,Region Y,81,2999.0,242919.0
2026-08-23,P103,SoundCore Buds,Electronics,Region Z,42,2999.0,125958.0
2026-08-23,P104,NovaTab 11,Electronics,Region X,30,18999.0,569970.0
2026-08-23,P104,NovaTab 11,Electronics,Region Y,22,18999.0,417978.0
2026-08-23,P104,NovaTab 11,Electronics,Region Z,8,18999.0,151992.0
2026-08-23,P201,UrbanDen Jacket,Apparel,Region X,39,3499.0,136461.0
2026-08-23,P201,UrbanDen Jacket,Apparel,Region Y,32,3499.0,111968.0
2026-08-23,P201,UrbanDen Jacket,Apparel,Region Z,15,3499.0,52485.0
2026-08-23,P202,FlexiKnit Tee,Apparel,Region X,156,999.0,155844.0
2026-08-23,P202,FlexiKnit Tee,Apparel,Region Y,74,999.0,73926.0
2026-08-23,P202,FlexiKnit Tee,Apparel,Region Z,40,999.0,39960.0
2026-08-23,P203,TrailBlaze Sneakers,Apparel,Region X,31,4599.0,142569.0
2026-08-23,P203,TrailBlaze Sneakers,Apparel,Region Y,20,4599.0,91980.0
2026-08-23,P203,TrailBlaze Sneakers,Apparel,Region Z,8,4599.0,36792.0
2026-08-23,P204,CloudWeave Hoodie,Apparel,Region X,43,2199.0,94557.0
2026-08-23,P204,CloudWeave Hoodie,Apparel,Region Y,21,2199.0,46179.0
2026-08-23,P204,CloudWeave Hoodie,Apparel,Region Z,16,2199.0,35184.0
2026-08-23,P301,ChefPro Blender,Home & Kitchen,Region X,15,5499.0,82485.0
2026-08-23,P301,ChefPro Blender,Home & Kitchen,Region Y,12,5499.0,65988.0
2026-08-23,P301,ChefPro Blender,Home & Kitchen,Region Z,5,5499.0,27495.0
2026-08-23,P302,AeroFry Air Cooker,Home & Kitchen,Region X,15,8999.0,134985.0
2026-08-23,P302,AeroFry Air Cooker,Home & Kitchen,Region Y,8,8999.0,71992.0
2026-08-23,P302,AeroFry Air Cooker,Home & Kitchen,Region Z,2,8999.0,17998.0
2026-08-23,P303,PureSip Bottle,Home & Kitchen,Region X,145,899.0,130355.0
2026-08-23,P303,PureSip Bottle,Home & Kitchen,Region Y,85,899.0,76415.0
2026-08-23,P303,PureSip Bottle,Home & Kitchen,Region Z,52,899.0,46748.0
2026-08-23,P304,LoomNest Bedsheet,Home & Kitchen,Region X,27,1799.0,48573.0
2026-08-23,P304,LoomNest Bedsheet,Home & Kitchen,Region Y,14,1799.0,25186.0
2026-08-23,P304,LoomNest Bedsheet,Home & Kitchen,Region Z,10,1799.0,17990.0
2026-08-23,P401,GlowLab Serum,Beauty,Region X,72,1299.0,93528.0
2026-08-23,P401,GlowLab Serum,Beauty,Region Y,52,1299.0,67548.0
2026-08-23,P401,GlowLab Serum,Beauty,Region Z,24,1299.0,31176.0
2026-08-23,P402,SilkTouch Shampoo,Beauty,Region X,193,449.0,86657.0
2026-08-23,P402,SilkTouch Shampoo,Beauty,Region Y,91,449.0,40859.0
2026-08-23,P402,SilkTouch Shampoo,Beauty,Region Z,61,449.0,27389.0
2026-08-23,P403,DewDrop Moisturizer,Beauty,Region X,121,799.0,96679.0
2026-08-23,P403,DewDrop Moisturizer,Beauty,Region Y,51,799.0,40749.0
2026-08-23,P403,DewDrop Moisturizer,Beauty,Region Z,30,799.0,23970.0
2026-08-23,P501,PulseFit Band,Wearables,Region Z,95,3999.0,379905.0
